0x5f23acdd1e87112b5fe143509d74ded22b6e59b3,0xac709fcb44a43c35f0da4e3163b117a17f3770f5
0xb6f2af0b3551161fe95f18219a8d402fc4e0233b,0xac709fcb44a43c35f0da4e3163b117a17f3770f5
0x5d61433e4dbd2e6a44c62846a7ef3a1d4cd256b3,0xac709fcb44a43c35f0da4e3163b117a17f3770f5
0xcecafbdbbb5d5baf57844a6611e36fc781aad017,0xac709fcb44a43c35f0da4e3163b117a17f3770f5
0x6cfabd40891abe610efd0cc0cfb8a2f2209ea68d,0xac709fcb44a43c35f0da4e3163b117a17f3770f5
0x84ae66c142541ce498afee3ee664595c5839d8b7,0xac709fcb44a43c35f0da4e3163b117a17f3770f5
0x2705b8e6993a5966f9d494cda480249c13b17062,0xac709fcb44a43c35f0da4e3163b117a17f3770f5
0x241a68e4259613aa76fd97eeead310f0f38b574d,0xac709fcb44a43c35f0da4e3163b117a17f3770f5
0xe2e2f0689a6cc9882d35b7cd2d549369d2d49005,0xac709fcb44a43c35f0da4e3163b117a17f3770f5
0x146246585fe7d94546ea7fbc0685e41fe8a62f89,0xac709fcb44a43c35f0da4e3163b117a17f3770f5
0xe2e2f0689a6cc9882d35b7cd2d549369d2d49005,0xac709fcb44a43c35f0da4e3163b117a17f3770f5
0xb9c44db1c0ffe810dacd82c5e943fc348a38de20,0xac709fcb44a43c35f0da4e3163b117a17f3770f5
0xe2e2f0689a6cc9882d35b7cd2d549369d2d49005,0xac709fcb44a43c35f0da4e3163b117a17f3770f5
0x623e6f0c31cd98a63be6211d255da937867efd87,0xac709fcb44a43c35f0da4e3163b117a17f3770f5
0xe2e2f0689a6cc9882d35b7cd2d549369d2d49005,0xac709fcb44a43c35f0da4e3163b117a17f3770f5
0xb9c44db1c0ffe810dacd82c5e943fc348a38de20,0xac709fcb44a43c35f0da4e3163b117a17f3770f5
0xbcbcfe6770ff7ed2a0eca2a92d4011e89f84d15d,0xac709fcb44a43c35f0da4e3163b117a17f3770f5
0xe2e2f0689a6cc9882d35b7cd2d549369d2d49005,0xac709fcb44a43c35f0da4e3163b117a17f3770f5
0xaf64f88be7d81dc7830d63a14e6cb242c7a6ef8b,0xac709fcb44a43c35f0da4e3163b117a17f3770f5
0x5ca617f65f9b6b59df9f70fe753bc3e2a16a73fe,0xac709fcb44a43c35f0da4e3163b117a17f3770f5
0x5d61433e4dbd2e6a44c62846a7ef3a1d4cd256b3,0xac709fcb44a43c35f0da4e3163b117a17f3770f5
0x2be177d72a1d2857dd0f1de402f3d86521f259ac,0xac709fcb44a43c35f0da4e3163b117a17f3770f5
0xaf64f88be7d81dc7830d63a14e6cb242c7a6ef8b,0xac709fcb44a43c35f0da4e3163b117a17f3770f5
0x7cc1212997558f5936324b466c8c26064beb43c3,0xac709fcb44a43c35f0da4e3163b117a17f3770f5
0x924c251902924c7dbd4cbf166d42757fb2d146cb,0xac709fcb44a43c35f0da4e3163b117a17f3770f5
0x5a7bb449c8f1a56a5f0495056dbcc5cdb3820f75,0xac709fcb44a43c35f0da4e3163b117a17f3770f5
0xaf64f88be7d81dc7830d63a14e6cb242c7a6ef8b,0xac709fcb44a43c35f0da4e3163b117a17f3770f5
0xaf64f88be7d81dc7830d63a14e6cb242c7a6ef8b,0xac709fcb44a43c35f0da4e3163b117a17f3770f5
0xff20a1c1a2cddd2040091ba18666c852290fbc3a,0xac709fcb44a43c35f0da4e3163b117a17f3770f5
0x1255d964d18448d9775762ba67ca89f51f146edf,0xac709fcb44a43c35f0da4e3163b117a17f3770f5
0x6919cc9652e62e402e15c91b4551c39774c017fb,0xac709fcb44a43c35f0da4e3163b117a17f3770f5
0x6919cc9652e62e402e15c91b4551c39774c017fb,0xac709fcb44a43c35f0da4e3163b117a17f3770f5
0x96f9e62102cba1965517933c2751d74424e79cab,0xac709fcb44a43c35f0da4e3163b117a17f3770f5
0xe2e2f0689a6cc9882d35b7cd2d549369d2d49005,0xac709fcb44a43c35f0da4e3163b117a17f3770f5
0xcecafbdbbb5d5baf57844a6611e36fc781aad017,0xac709fcb44a43c35f0da4e3163b117a17f3770f5
0xff20a1c1a2cddd2040091ba18666c852290fbc3a,0xac709fcb44a43c35f0da4e3163b117a17f3770f5
0x836e4fe63b474729e010c03ab3e6fedc44e3fba2,0xac709fcb44a43c35f0da4e3163b117a17f3770f5
0x4f9616d20075943727deca4237f88d8002129e1a,0xac709fcb44a43c35f0da4e3163b117a17f3770f5
0xc046b59484843b2af6ca105afd88a3ab60e9b7cd,0xac709fcb44a43c35f0da4e3163b117a17f3770f5
0x5e724f8cd5684450873ea6d3d2ce54a31639ec7a,0xac709fcb44a43c35f0da4e3163b117a17f3770f5
0x4bf8bf1d35a231315764fc8001809a949294fc49,0xac709fcb44a43c35f0da4e3163b117a17f3770f5
0xaf64f88be7d81dc7830d63a14e6cb242c7a6ef8b,0xac709fcb44a43c35f0da4e3163b117a17f3770f5
0xc046b59484843b2af6ca105afd88a3ab60e9b7cd,0xac709fcb44a43c35f0da4e3163b117a17f3770f5
0xbe0deb9e0c3d90940705dfb6304308e977ef490f,0xac709fcb44a43c35f0da4e3163b117a17f3770f5
0xee2e0e56e11fae260f3de0d6767fc1e970fc69d3,0xac709fcb44a43c35f0da4e3163b117a17f3770f5
0x4bf8bf1d35a231315764fc8001809a949294fc49,0xac709fcb44a43c35f0da4e3163b117a17f3770f5
0x06c68d04aaaf5da137d4a3be785d388bab9f5c23,0xac709fcb44a43c35f0da4e3163b117a17f3770f5
0xb449c4e502321a71a1359252bdb56341a7c29122,0xac709fcb44a43c35f0da4e3163b117a17f3770f5
0xcecafbdbbb5d5baf57844a6611e36fc781aad017,0xac709fcb44a43c35f0da4e3163b117a17f3770f5
0xaf64f88be7d81dc7830d63a14e6cb242c7a6ef8b,0xac709fcb44a43c35f0da4e3163b117a17f3770f5
0x7d292d9a7fbfec944f17147c9eca36bbe8308530,0xac709fcb44a43c35f0da4e3163b117a17f3770f5
0x8cd1c32bbbeb3ae9496dec8c8cf0daf466bb7f17,0xac709fcb44a43c35f0da4e3163b117a17f3770f5
0x5ca617f65f9b6b59df9f70fe753bc3e2a16a73fe,0xac709fcb44a43c35f0da4e3163b117a17f3770f5
0xa4f9cbe86001e05cb72f965bd848c73296acace0,0xac709fcb44a43c35f0da4e3163b117a17f3770f5
0x5a7bb449c8f1a56a5f0495056dbcc5cdb3820f75,0xac709fcb44a43c35f0da4e3163b117a17f3770f5
0x8065ab04058db0d57776f65b9172906245078144,0xac709fcb44a43c35f0da4e3163b117a17f3770f5
0xc81425bd2935974a64d0054ef0eac48299939f75,0xac709fcb44a43c35f0da4e3163b117a17f3770f5
0x072ac8687025d9ff41a6dd462c99c90f8954d66b,0xac709fcb44a43c35f0da4e3163b117a17f3770f5
0xe4e807c1a70b0eb9bb85ee3f915a17cdea2a09ab,0xac709fcb44a43c35f0da4e3163b117a17f3770f5
0xc81425bd2935974a64d0054ef0eac48299939f75,0xac709fcb44a43c35f0da4e3163b117a17f3770f5
0xcecafbdbbb5d5baf57844a6611e36fc781aad017,0xac709fcb44a43c35f0da4e3163b117a17f3770f5
0xc046b59484843b2af6ca105afd88a3ab60e9b7cd,0xac709fcb44a43c35f0da4e3163b117a17f3770f5
0xff20a1c1a2cddd2040091ba18666c852290fbc3a,0xac709fcb44a43c35f0da4e3163b117a17f3770f5
0x3cf62ee629f8ec765e6dc421c989c1a9f60caf7b,0xac709fcb44a43c35f0da4e3163b117a17f3770f5
0x3cf62ee629f8ec765e6dc421c989c1a9f60caf7b,0xac709fcb44a43c35f0da4e3163b117a17f3770f5
0x71d96b3fe5d198dd52e3fb9ceee0062d14ba0e9b,0xac709fcb44a43c35f0da4e3163b117a17f3770f5
0xee2e0e56e11fae260f3de0d6767fc1e970fc69d3,0xac709fcb44a43c35f0da4e3163b117a17f3770f5
0x146246585fe7d94546ea7fbc0685e41fe8a62f89,0xac709fcb44a43c35f0da4e3163b117a17f3770f5
0xff20a1c1a2cddd2040091ba18666c852290fbc3a,0xac709fcb44a43c35f0da4e3163b117a17f3770f5
0xc046b59484843b2af6ca105afd88a3ab60e9b7cd,0xac709fcb44a43c35f0da4e3163b117a17f3770f5
0x072ac8687025d9ff41a6dd462c99c90f8954d66b,0xac709fcb44a43c35f0da4e3163b117a17f3770f5
0x4f9616d20075943727deca4237f88d8002129e1a,0xac709fcb44a43c35f0da4e3163b117a17f3770f5
0x06c68d04aaaf5da137d4a3be785d388bab9f5c23,0xac709fcb44a43c35f0da4e3163b117a17f3770f5
0xe4e807c1a70b0eb9bb85ee3f915a17cdea2a09ab,0xac709fcb44a43c35f0da4e3163b117a17f3770f5
0x0a836769231298258d486a210bcc131abae56a0e,0xac709fcb44a43c35f0da4e3163b117a17f3770f5
0x7853b1096675ebabc31ed4f79b20ef8b20646799,0xac709fcb44a43c35f0da4e3163b117a17f3770f5
0xe39f04fa6999c6283f8aafdc03504866a1ee2548,0xac709fcb44a43c35f0da4e3163b117a17f3770f5
0x5fa3f64d3d18c5a070bc8ac58ba2a52ae43e7442,0xac709fcb44a43c35f0da4e3163b117a17f3770f5
0x71d96b3fe5d198dd52e3fb9ceee0062d14ba0e9b,0xac709fcb44a43c35f0da4e3163b117a17f3770f5
0xaf64f88be7d81dc7830d63a14e6cb242c7a6ef8b,0xac709fcb44a43c35f0da4e3163b117a17f3770f5
0xbcbcfe6770ff7ed2a0eca2a92d4011e89f84d15d,0xac709fcb44a43c35f0da4e3163b117a17f3770f5
0x0f7be81c91425200860741599068ae0006693f21,0xac709fcb44a43c35f0da4e3163b117a17f3770f5
0x75cfd98449ca66b77fc1eee9c430f0fc5bc746e7,0xac709fcb44a43c35f0da4e3163b117a17f3770f5
0x4ca914dbd46d5c77ed4049922524d8ca8d0547c3,0xac709fcb44a43c35f0da4e3163b117a17f3770f5
0x96f9e62102cba1965517933c2751d74424e79cab,0xac709fcb44a43c35f0da4e3163b117a17f3770f5
0x7d5d2f73949dadda0856b206989df0078d51a1e5,0xac709fcb44a43c35f0da4e3163b117a17f3770f5
0x3a89f13f3bd283c172f0a465b3767615975057fe,0xac709fcb44a43c35f0da4e3163b117a17f3770f5
0x72c998bcc60f2a036e4ba75b0e0a9d420baf8823,0xac709fcb44a43c35f0da4e3163b117a17f3770f5
0x84ae66c142541ce498afee3ee664595c5839d8b7,0xac709fcb44a43c35f0da4e3163b117a17f3770f5
0x924c251902924c7dbd4cbf166d42757fb2d146cb,0xac709fcb44a43c35f0da4e3163b117a17f3770f5
0xabbf683bebcc6ad7689a01928b02e6bdd6a959dd,0xac709fcb44a43c35f0da4e3163b117a17f3770f5
0x4315706f57b388b3a0f6489f6f678bc181bfe9f3,0xac709fcb44a43c35f0da4e3163b117a17f3770f5
0x9358791257f0258f84330aefdbdbae156d75c5de,0xac709fcb44a43c35f0da4e3163b117a17f3770f5
0xe6fe4cbee8d62718fadb696189a83aadcca8b4e3,0xac709fcb44a43c35f0da4e3163b117a17f3770f5
0xe4e807c1a70b0eb9bb85ee3f915a17cdea2a09ab,0xac709fcb44a43c35f0da4e3163b117a17f3770f5
0x66ae2f53c4f5fe6c19d6e277e2692e84157ed61f,0xac709fcb44a43c35f0da4e3163b117a17f3770f5
0xb14a69f07852fac3a30c49a288c11b84fc739b3a,0xac709fcb44a43c35f0da4e3163b117a17f3770f5
0xb7428ca04ff183b30ccc681057784107f56a81b1,0xac709fcb44a43c35f0da4e3163b117a17f3770f5
0x6559c1caa7752f8a1333f67733cd0c0e4f4826f2,0xac709fcb44a43c35f0da4e3163b117a17f3770f5
0xe9de5262a6c3cc173421f46ae1356c9b6f9b7355,0xac709fcb44a43c35f0da4e3163b117a17f3770f5
0xb9c44db1c0ffe810dacd82c5e943fc348a38de20,0xac709fcb44a43c35f0da4e3163b117a17f3770f5
0xc046b59484843b2af6ca105afd88a3ab60e9b7cd,0xac709fcb44a43c35f0da4e3163b117a17f3770f5
0x71d96b3fe5d198dd52e3fb9ceee0062d14ba0e9b,0xac709fcb44a43c35f0da4e3163b117a17f3770f5
0xfc9c98f09fc93b09050c0f3fd28d22cdaa00d33c,0xac709fcb44a43c35f0da4e3163b117a17f3770f5
0x623e6f0c31cd98a63be6211d255da937867efd87,0xac709fcb44a43c35f0da4e3163b117a17f3770f5
0x07a2ce2fd0b881fc846fec4f4840a4372f8a6eb7,0xac709fcb44a43c35f0da4e3163b117a17f3770f5
0x2be177d72a1d2857dd0f1de402f3d86521f259ac,0xac709fcb44a43c35f0da4e3163b117a17f3770f5
0xdb6a296c47ee1f1d4c4aedc6063e291b8a6ee452,0xac709fcb44a43c35f0da4e3163b117a17f3770f5
0xc81425bd2935974a64d0054ef0eac48299939f75,0xac709fcb44a43c35f0da4e3163b117a17f3770f5
0x2b259c08e9d4a30fe2825722d413b5535e014d2a,0xac709fcb44a43c35f0da4e3163b117a17f3770f5
0x92574f349aaf149b13dd3210978ef259052fe80a,0xac709fcb44a43c35f0da4e3163b117a17f3770f5
0xe51fdfafe2b48776708e1b434bfa002328683205,0xac709fcb44a43c35f0da4e3163b117a17f3770f5
0x291a75aa1f941bd39333d48368aa35c5cb1376eb,0xac709fcb44a43c35f0da4e3163b117a17f3770f5
0xb9c44db1c0ffe810dacd82c5e943fc348a38de20,0xac709fcb44a43c35f0da4e3163b117a17f3770f5
0x7d5d2f73949dadda0856b206989df0078d51a1e5,0xac709fcb44a43c35f0da4e3163b117a17f3770f5
0xe2e2f0689a6cc9882d35b7cd2d549369d2d49005,0xac709fcb44a43c35f0da4e3163b117a17f3770f5
0x241a68e4259613aa76fd97eeead310f0f38b574d,0xac709fcb44a43c35f0da4e3163b117a17f3770f5
0x5d61433e4dbd2e6a44c62846a7ef3a1d4cd256b3,0xac709fcb44a43c35f0da4e3163b117a17f3770f5
0xee2e0e56e11fae260f3de0d6767fc1e970fc69d3,0xac709fcb44a43c35f0da4e3163b117a17f3770f5
0xe4d3df079fbef6529c893ee4e9298711d480ff35,0xac709fcb44a43c35f0da4e3163b117a17f3770f5
0x4bf8bf1d35a231315764fc8001809a949294fc49,0xac709fcb44a43c35f0da4e3163b117a17f3770f5
0xf4b057bc8f73b5286fdf1a71e292fa7fc22dae92,0xac709fcb44a43c35f0da4e3163b117a17f3770f5
0x072ac8687025d9ff41a6dd462c99c90f8954d66b,0xac709fcb44a43c35f0da4e3163b117a17f3770f5
0x06c68d04aaaf5da137d4a3be785d388bab9f5c23,0xac709fcb44a43c35f0da4e3163b117a17f3770f5
0x1ff7265801ac5a85bb1719a4a02f4da7d5031118,0xac709fcb44a43c35f0da4e3163b117a17f3770f5
0xad101e6c8d03b913834a969507a6fed19f20df3e,0xac709fcb44a43c35f0da4e3163b117a17f3770f5
0x96f9e62102cba1965517933c2751d74424e79cab,0xac709fcb44a43c35f0da4e3163b117a17f3770f5
0x18c0a2d0cc99daea09a4a404ecfc1628c1d64dbf,0xac709fcb44a43c35f0da4e3163b117a17f3770f5
0x838b67673ab4168e8d1250074486d6eeaac97399,0xac709fcb44a43c35f0da4e3163b117a17f3770f5
0xdbb271c0b6e4fc9d96233646ea33bf860e739d1a,0xac709fcb44a43c35f0da4e3163b117a17f3770f5
0x0b26594a44dc23317aa7fb77b251748f9a3cf2c5,0xac709fcb44a43c35f0da4e3163b117a17f3770f5
0x1255d964d18448d9775762ba67ca89f51f146edf,0xac709fcb44a43c35f0da4e3163b117a17f3770f5
0xf91086f2d08d76ee6b9f8308ff28d46ea4e091c4,0xac709fcb44a43c35f0da4e3163b117a17f3770f5
0xbdc01b3bc95c35619ef1492fb6024b66f5879b8f,0xac709fcb44a43c35f0da4e3163b117a17f3770f5
0x5ca617f65f9b6b59df9f70fe753bc3e2a16a73fe,0xac709fcb44a43c35f0da4e3163b117a17f3770f5
0x5e724f8cd5684450873ea6d3d2ce54a31639ec7a,0xac709fcb44a43c35f0da4e3163b117a17f3770f5
0x57808b8f581adccfcc5c02b6fe29aa9a4f5f99b9,0xac709fcb44a43c35f0da4e3163b117a17f3770f5
0x0f7be81c91425200860741599068ae0006693f21,0xac709fcb44a43c35f0da4e3163b117a17f3770f5
0x836e4fe63b474729e010c03ab3e6fedc44e3fba2,0xac709fcb44a43c35f0da4e3163b117a17f3770f5
0x601982b49133e5223ed2653cfc384e9c9315b998,0xac709fcb44a43c35f0da4e3163b117a17f3770f5
0x32be343b94f860124dc4fee278fdcbd38c102d88,0xac709fcb44a43c35f0da4e3163b117a17f3770f5
0x59dcb3d3d4c2724c6203862dac92e3cdd75a289d,0xac709fcb44a43c35f0da4e3163b117a17f3770f5
0x5fa3f64d3d18c5a070bc8ac58ba2a52ae43e7442,0xac709fcb44a43c35f0da4e3163b117a17f3770f5
0x5d61433e4dbd2e6a44c62846a7ef3a1d4cd256b3,0xac709fcb44a43c35f0da4e3163b117a17f3770f5
0xaf64f88be7d81dc7830d63a14e6cb242c7a6ef8b,0xac709fcb44a43c35f0da4e3163b117a17f3770f5
0x8cd1c32bbbeb3ae9496dec8c8cf0daf466bb7f17,0xac709fcb44a43c35f0da4e3163b117a17f3770f5
0x146246585fe7d94546ea7fbc0685e41fe8a62f89,0xac709fcb44a43c35f0da4e3163b117a17f3770f5
0xe9de5262a6c3cc173421f46ae1356c9b6f9b7355,0xac709fcb44a43c35f0da4e3163b117a17f3770f5
0xf32d0d0daba3036eeefd70db47fa67c9927f9344,0xac709fcb44a43c35f0da4e3163b117a17f3770f5
0x06c68d04aaaf5da137d4a3be785d388bab9f5c23,0xac709fcb44a43c35f0da4e3163b117a17f3770f5
0x958e60b7b5b844fb42aa2e6261f0b328f367e74f,0xac709fcb44a43c35f0da4e3163b117a17f3770f5
0x848d4791016ba03801a7938647e919c8b5d6dcbd,0xac709fcb44a43c35f0da4e3163b117a17f3770f5
0xaa16fee73dde8d6b48245c02e50194d3936902b8,0xac709fcb44a43c35f0da4e3163b117a17f3770f5
0x3fb8aaf89cfa069552d5f7232891cc0b82ff9b05,0xac709fcb44a43c35f0da4e3163b117a17f3770f5
0xc81425bd2935974a64d0054ef0eac48299939f75,0xac709fcb44a43c35f0da4e3163b117a17f3770f5
0x0b26594a44dc23317aa7fb77b251748f9a3cf2c5,0xac709fcb44a43c35f0da4e3163b117a17f3770f5
0xa68958719409c01ddce0c0f4d0b484a8f52985de,0xac709fcb44a43c35f0da4e3163b117a17f3770f5
0x0a836769231298258d486a210bcc131abae56a0e,0xac709fcb44a43c35f0da4e3163b117a17f3770f5
0xf0e93902c82c20c953ba57d195e6c2987e6ba37f,0xac709fcb44a43c35f0da4e3163b117a17f3770f5
0xc839ded3d555b9c7f42205dbf4bd5c87c53d61d1,0xac709fcb44a43c35f0da4e3163b117a17f3770f5
0x734d0f8ba8eb087b3f19162af5e32b5ef92244e7,0xac709fcb44a43c35f0da4e3163b117a17f3770f5
0x66ae2f53c4f5fe6c19d6e277e2692e84157ed61f,0xac709fcb44a43c35f0da4e3163b117a17f3770f5
0x7cc1212997558f5936324b466c8c26064beb43c3,0xac709fcb44a43c35f0da4e3163b117a17f3770f5
0xbe0deb9e0c3d90940705dfb6304308e977ef490f,0xac709fcb44a43c35f0da4e3163b117a17f3770f5
0x4315706f57b388b3a0f6489f6f678bc181bfe9f3,0xac709fcb44a43c35f0da4e3163b117a17f3770f5
0x47ca6a0ef1d65a367fae350ffba5b06039623b15,0xac709fcb44a43c35f0da4e3163b117a17f3770f5
0x3cf62ee629f8ec765e6dc421c989c1a9f60caf7b,0xac709fcb44a43c35f0da4e3163b117a17f3770f5
0x4f9616d20075943727deca4237f88d8002129e1a,0xac709fcb44a43c35f0da4e3163b117a17f3770f5
0x1d0c12c2651610bc2cceefb8a81a7fc5fe068f5b,0xac709fcb44a43c35f0da4e3163b117a17f3770f5
0xf555d58d7ec0bb4e94d2d13a69368e807d2419d0,0xac709fcb44a43c35f0da4e3163b117a17f3770f5
0xb86535018ff43451f33362def9e3838d68c085fe,0xac709fcb44a43c35f0da4e3163b117a17f3770f5
0xdb6a296c47ee1f1d4c4aedc6063e291b8a6ee452,0xac709fcb44a43c35f0da4e3163b117a17f3770f5
0x3a89f13f3bd283c172f0a465b3767615975057fe,0xac709fcb44a43c35f0da4e3163b117a17f3770f5
0xc6318573a1eb70b7b3d53f007d46fceb3cfceeac,0xac709fcb44a43c35f0da4e3163b117a17f3770f5
0x857ea612a1e274d047448ba93428b551f0d96c61,0xac709fcb44a43c35f0da4e3163b117a17f3770f5
0x6521d667abc30502bd1c38c0c023b3ee420a2bec,0xac709fcb44a43c35f0da4e3163b117a17f3770f5
0xcecafbdbbb5d5baf57844a6611e36fc781aad017,0xac709fcb44a43c35f0da4e3163b117a17f3770f5
0x4f9616d20075943727deca4237f88d8002129e1a,0xac709fcb44a43c35f0da4e3163b117a17f3770f5
0x833b7b85ec85e494eaa9c9c4370bafcdd6573db8,0xac709fcb44a43c35f0da4e3163b117a17f3770f5
0xb82ec69d0521ebd32f7d445188e5b6593ee49046,0xac709fcb44a43c35f0da4e3163b117a17f3770f5
0x59dcb3d3d4c2724c6203862dac92e3cdd75a289d,0xac709fcb44a43c35f0da4e3163b117a17f3770f5
0xe2aa307a4fa18f32752aab62886cdebc28a5b07b,0xac709fcb44a43c35f0da4e3163b117a17f3770f5
0xe39f04fa6999c6283f8aafdc03504866a1ee2548,0xac709fcb44a43c35f0da4e3163b117a17f3770f5
0x7cc1212997558f5936324b466c8c26064beb43c3,0xac709fcb44a43c35f0da4e3163b117a17f3770f5
0xe4e807c1a70b0eb9bb85ee3f915a17cdea2a09ab,0xac709fcb44a43c35f0da4e3163b117a17f3770f5
0xfcd1893ff622d2149147fc0daaa89e898c651b58,0xac709fcb44a43c35f0da4e3163b117a17f3770f5
0x7d292d9a7fbfec944f17147c9eca36bbe8308530,0xac709fcb44a43c35f0da4e3163b117a17f3770f5
0xf9a430b87acea8b10abb9ed49aaddd2005d118f0,0xac709fcb44a43c35f0da4e3163b117a17f3770f5
0x7cc1212997558f5936324b466c8c26064beb43c3,0xac709fcb44a43c35f0da4e3163b117a17f3770f5
0x5e724f8cd5684450873ea6d3d2ce54a31639ec7a,0xac709fcb44a43c35f0da4e3163b117a17f3770f5
0x72048992caf456cd8fe92edc3ff625d7339ace8f,0xac709fcb44a43c35f0da4e3163b117a17f3770f5
0xe4e807c1a70b0eb9bb85ee3f915a17cdea2a09ab,0xac709fcb44a43c35f0da4e3163b117a17f3770f5
0x3e9b7a8f891180f0fc50a57cae655618d221bf42,0xac709fcb44a43c35f0da4e3163b117a17f3770f5
0xe807cdb99a04d5ffc2fd47e6fa11263cc4c30ab9,0xac709fcb44a43c35f0da4e3163b117a17f3770f5
0xfccc7fcbc3b27f32fe01de5295623cdd0f1660a6,0xac709fcb44a43c35f0da4e3163b117a17f3770f5
0x75b65657986c07aa457485d54bb85f9f8134f44b,0xac709fcb44a43c35f0da4e3163b117a17f3770f5
0x6aff09b40d5e292ea3a077aac40837313c6a4695,0xac709fcb44a43c35f0da4e3163b117a17f3770f5
0xc839ded3d555b9c7f42205dbf4bd5c87c53d61d1,0xac709fcb44a43c35f0da4e3163b117a17f3770f5
0xc8ee1dc43c0d871951a4d619040062054bf9366c,0xac709fcb44a43c35f0da4e3163b117a17f3770f5
0x7f616c6f008adfa082f34da7d0650460368075fb,0xac709fcb44a43c35f0da4e3163b117a17f3770f5
0xfcd1893ff622d2149147fc0daaa89e898c651b58,0xac709fcb44a43c35f0da4e3163b117a17f3770f5
0xb82ec69d0521ebd32f7d445188e5b6593ee49046,0xac709fcb44a43c35f0da4e3163b117a17f3770f5
0xdb6a296c47ee1f1d4c4aedc6063e291b8a6ee452,0xac709fcb44a43c35f0da4e3163b117a17f3770f5
0x75cfd98449ca66b77fc1eee9c430f0fc5bc746e7,0xac709fcb44a43c35f0da4e3163b117a17f3770f5
0xca6c7bc679a340990d200367fa28896529afae9d,0xac709fcb44a43c35f0da4e3163b117a17f3770f5
0x66752bfd1bcfe32b5c4ad1655554492503395922,0xac709fcb44a43c35f0da4e3163b117a17f3770f5
0x4ca914dbd46d5c77ed4049922524d8ca8d0547c3,0xac709fcb44a43c35f0da4e3163b117a17f3770f5
0x6919cc9652e62e402e15c91b4551c39774c017fb,0xac709fcb44a43c35f0da4e3163b117a17f3770f5
0x4f9616d20075943727deca4237f88d8002129e1a,0xac709fcb44a43c35f0da4e3163b117a17f3770f5
0x3a89f13f3bd283c172f0a465b3767615975057fe,0xac709fcb44a43c35f0da4e3163b117a17f3770f5
0xf9a430b87acea8b10abb9ed49aaddd2005d118f0,0xac709fcb44a43c35f0da4e3163b117a17f3770f5
0x1e1aca86943925d3857c33ba91cfb922e4a3bb1a,0xac709fcb44a43c35f0da4e3163b117a17f3770f5
0x5d61433e4dbd2e6a44c62846a7ef3a1d4cd256b3,0xac709fcb44a43c35f0da4e3163b117a17f3770f5
0x99d1b585965f406a42a49a1ca70f769e765a3f98,0xac709fcb44a43c35f0da4e3163b117a17f3770f5
0xe807cdb99a04d5ffc2fd47e6fa11263cc4c30ab9,0xac709fcb44a43c35f0da4e3163b117a17f3770f5
0x7853b1096675ebabc31ed4f79b20ef8b20646799,0xac709fcb44a43c35f0da4e3163b117a17f3770f5
0x51c70c3545861eee2560b0478d1277249ae9389a,0xac709fcb44a43c35f0da4e3163b117a17f3770f5
0xe08d523a33b2f244d6dbc6eb7b03e67b373228b4,0xac709fcb44a43c35f0da4e3163b117a17f3770f5
0x3a89f13f3bd283c172f0a465b3767615975057fe,0xac709fcb44a43c35f0da4e3163b117a17f3770f5
0x00995ae79d60365b2a0c52a5ad19140dfb8d45f2,0xac709fcb44a43c35f0da4e3163b117a17f3770f5
0x42f611ad945e4906f2e2b88cd1344fad238e1326,0xac709fcb44a43c35f0da4e3163b117a17f3770f5
0x3679b4dc3254b06836fe51c418bff44e127cfe98,0xac709fcb44a43c35f0da4e3163b117a17f3770f5
0xc4905195f977e8d2decd05c1e2eeb0cc3cabe93e,0xac709fcb44a43c35f0da4e3163b117a17f3770f5
0x2b259c08e9d4a30fe2825722d413b5535e014d2a,0xac709fcb44a43c35f0da4e3163b117a17f3770f5
0x1e1aca86943925d3857c33ba91cfb922e4a3bb1a,0xac709fcb44a43c35f0da4e3163b117a17f3770f5
0xb7428ca04ff183b30ccc681057784107f56a81b1,0xac709fcb44a43c35f0da4e3163b117a17f3770f5
0x0f7be81c91425200860741599068ae0006693f21,0xac709fcb44a43c35f0da4e3163b117a17f3770f5
0x06c68d04aaaf5da137d4a3be785d388bab9f5c23,0xac709fcb44a43c35f0da4e3163b117a17f3770f5
0xb449c4e502321a71a1359252bdb56341a7c29122,0xac709fcb44a43c35f0da4e3163b117a17f3770f5
0xbdaf201b2da851c77b57b40c44e40fe761875d48,0xac709fcb44a43c35f0da4e3163b117a17f3770f5
0xc59ceae14d50220515a9713590b62dba9e0cad62,0xac709fcb44a43c35f0da4e3163b117a17f3770f5
0x814dade35cb1d7d64f1afa1296163202a9984b52,0xac709fcb44a43c35f0da4e3163b117a17f3770f5
0xfd5d09d22fea77f6987a6f5458b765920093044d,0xac709fcb44a43c35f0da4e3163b117a17f3770f5
0x620334552ed5d660d8ae46896eb2cf6c485272ad,0xac709fcb44a43c35f0da4e3163b117a17f3770f5
0x0f7be81c91425200860741599068ae0006693f21,0xac709fcb44a43c35f0da4e3163b117a17f3770f5
0x476b6951cbf57836167d05c2c1d7541b50d4d771,0xac709fcb44a43c35f0da4e3163b117a17f3770f5
0x833b7b85ec85e494eaa9c9c4370bafcdd6573db8,0xac709fcb44a43c35f0da4e3163b117a17f3770f5
0x031a6ebb9f0dc0d23d2c25c9e2016d616d364bda,0xac709fcb44a43c35f0da4e3163b117a17f3770f5
0xde67174cf9d6ecdfce68a57b6560e7274faac48c,0xac709fcb44a43c35f0da4e3163b117a17f3770f5
0x4f9616d20075943727deca4237f88d8002129e1a,0xac709fcb44a43c35f0da4e3163b117a17f3770f5
0xc8ee1dc43c0d871951a4d619040062054bf9366c,0xac709fcb44a43c35f0da4e3163b117a17f3770f5
0x3e9b7a8f891180f0fc50a57cae655618d221bf42,0xac709fcb44a43c35f0da4e3163b117a17f3770f5
0xb2e15161bd889969e0514413cf074315c759dfd2,0xac709fcb44a43c35f0da4e3163b117a17f3770f5
0xd56d1e05b2580146d32723f75813e9b06bed42f5,0xac709fcb44a43c35f0da4e3163b117a17f3770f5
0x6b06beb197b5e7d37dd6b3afd617ad6250b06673,0xac709fcb44a43c35f0da4e3163b117a17f3770f5
0xbdaf201b2da851c77b57b40c44e40fe761875d48,0xac709fcb44a43c35f0da4e3163b117a17f3770f5
0x715d1b0ea1a0c4cf236b3436e13b7b3a58bf76af,0xac709fcb44a43c35f0da4e3163b117a17f3770f5
0x53a5784d5fbbf7a9513535020dc7c7c045246e3e,0xac709fcb44a43c35f0da4e3163b117a17f3770f5
0xc8ee1dc43c0d871951a4d619040062054bf9366c,0xac709fcb44a43c35f0da4e3163b117a17f3770f5
0x1e1aca86943925d3857c33ba91cfb922e4a3bb1a,0xac709fcb44a43c35f0da4e3163b117a17f3770f5
0x0f7be81c91425200860741599068ae0006693f21,0xac709fcb44a43c35f0da4e3163b117a17f3770f5
0x715d1b0ea1a0c4cf236b3436e13b7b3a58bf76af,0xac709fcb44a43c35f0da4e3163b117a17f3770f5
0x0e6640eb30a48ad01e7383961fc157d9cef97f2d,0xac709fcb44a43c35f0da4e3163b117a17f3770f5
0x031a6ebb9f0dc0d23d2c25c9e2016d616d364bda,0xac709fcb44a43c35f0da4e3163b117a17f3770f5
0xd9486aa30e2e4cc3d4c7145d32b8bc0f365b506a,0xac709fcb44a43c35f0da4e3163b117a17f3770f5
0x0138e10053672db9fc4da9c6c846618a96ef18dc,0xac709fcb44a43c35f0da4e3163b117a17f3770f5
0xad101e6c8d03b913834a969507a6fed19f20df3e,0xac709fcb44a43c35f0da4e3163b117a17f3770f5
0x0138e10053672db9fc4da9c6c846618a96ef18dc,0xac709fcb44a43c35f0da4e3163b117a17f3770f5
0x0f7be81c91425200860741599068ae0006693f21,0xac709fcb44a43c35f0da4e3163b117a17f3770f5
0xb2e15161bd889969e0514413cf074315c759dfd2,0xac709fcb44a43c35f0da4e3163b117a17f3770f5
0x8065ab04058db0d57776f65b9172906245078144,0xac709fcb44a43c35f0da4e3163b117a17f3770f5
0xd45b3341e8f15c80329320c3977e3b90e7826a7e,0xac709fcb44a43c35f0da4e3163b117a17f3770f5
0x5a7bb449c8f1a56a5f0495056dbcc5cdb3820f75,0xac709fcb44a43c35f0da4e3163b117a17f3770f5
0x07a2ce2fd0b881fc846fec4f4840a4372f8a6eb7,0xac709fcb44a43c35f0da4e3163b117a17f3770f5
0x6cfabd40891abe610efd0cc0cfb8a2f2209ea68d,0xac709fcb44a43c35f0da4e3163b117a17f3770f5
0xcf6062fe77ece2e08eba75d9785dbc382030977c,0xac709fcb44a43c35f0da4e3163b117a17f3770f5
0x446efccac41fd3f0978a2df65b4f29ed9eb3a282,0xac709fcb44a43c35f0da4e3163b117a17f3770f5
0xcf6062fe77ece2e08eba75d9785dbc382030977c,0xac709fcb44a43c35f0da4e3163b117a17f3770f5
0x0212a3766db7d389b287c7290e9dd9e2fa001997,0xac709fcb44a43c35f0da4e3163b117a17f3770f5
0x47f75ed7a8621468e2ff44feb56f8527c6535586,0xac709fcb44a43c35f0da4e3163b117a17f3770f5
0x53a5784d5fbbf7a9513535020dc7c7c045246e3e,0xac709fcb44a43c35f0da4e3163b117a17f3770f5
0x5fa3f64d3d18c5a070bc8ac58ba2a52ae43e7442,0xac709fcb44a43c35f0da4e3163b117a17f3770f5
0x51e97ea74b559e6ea4007bbd23473f89fe0cd6e0,0xac709fcb44a43c35f0da4e3163b117a17f3770f5
0xff5f45b0d25a862d1bd9b43f5eb01e150d4126e9,0xac709fcb44a43c35f0da4e3163b117a17f3770f5
0xff5f45b0d25a862d1bd9b43f5eb01e150d4126e9,0xac709fcb44a43c35f0da4e3163b117a17f3770f5
0xff5f45b0d25a862d1bd9b43f5eb01e150d4126e9,0xac709fcb44a43c35f0da4e3163b117a17f3770f5
0xb2e15161bd889969e0514413cf074315c759dfd2,0xac709fcb44a43c35f0da4e3163b117a17f3770f5
0x34b0acbcbb8c556b5e21b698f720b46d4ca35a55,0xac709fcb44a43c35f0da4e3163b117a17f3770f5
0xbf280de61f177d748bfe42f2760783d26b19408b,0xac709fcb44a43c35f0da4e3163b117a17f3770f5
0x446efccac41fd3f0978a2df65b4f29ed9eb3a282,0xac709fcb44a43c35f0da4e3163b117a17f3770f5
0x0f7bea4ef3f73ae0233df1e100718cbe29310bb0,0xac709fcb44a43c35f0da4e3163b117a17f3770f5
0x39115093b9eee6d89b1dae10faa423b15bad93a8,0xac709fcb44a43c35f0da4e3163b117a17f3770f5
0x5f6c02ccbb9366cde4ee79fcb8adb4dd1748533f,0xac709fcb44a43c35f0da4e3163b117a17f3770f5
0xf754e5eaed9649a3cb29cef3f0f965b7b06cc09b,0xac709fcb44a43c35f0da4e3163b117a17f3770f5
0x9f65afbba15a9cb374d28d36cda98998b24023b7,0xac709fcb44a43c35f0da4e3163b117a17f3770f5
0xf754e5eaed9649a3cb29cef3f0f965b7b06cc09b,0xac709fcb44a43c35f0da4e3163b117a17f3770f5
0x0f7bea4ef3f73ae0233df1e100718cbe29310bb0,0xac709fcb44a43c35f0da4e3163b117a17f3770f5
0xfbb1b73c4f0bda4f67dca266ce6ef42f520fbb98,0xac709fcb44a43c35f0da4e3163b117a17f3770f5
0xf754e5eaed9649a3cb29cef3f0f965b7b06cc09b,0xac709fcb44a43c35f0da4e3163b117a17f3770f5
0x0d431cde0ad50180b22608dee277e80e424e4594,0xac709fcb44a43c35f0da4e3163b117a17f3770f5
0xa8c41eab7193aa7e45a4d057b5bab2cca4d11108,0xac709fcb44a43c35f0da4e3163b117a17f3770f5
0x01fbd5304c85f7e4a52b97d8aa3b0f463c8a262a,0xac709fcb44a43c35f0da4e3163b117a17f3770f5
0x39115093b9eee6d89b1dae10faa423b15bad93a8,0xac709fcb44a43c35f0da4e3163b117a17f3770f5
0x01fbd5304c85f7e4a52b97d8aa3b0f463c8a262a,0xac709fcb44a43c35f0da4e3163b117a17f3770f5
0xfc9c98f09fc93b09050c0f3fd28d22cdaa00d33c,0xac709fcb44a43c35f0da4e3163b117a17f3770f5
0xcd072e6e1833137995196d7bb1725fef8761f655,0xac709fcb44a43c35f0da4e3163b117a17f3770f5
0x48b746a427688e2cccf64559e44deecaf384eb51,0xac709fcb44a43c35f0da4e3163b117a17f3770f5
0xc046b59484843b2af6ca105afd88a3ab60e9b7cd,0xac709fcb44a43c35f0da4e3163b117a17f3770f5
0x09cee7e898faed7dcefd987851f840cf3157706a,0xac709fcb44a43c35f0da4e3163b117a17f3770f5
0xe68e7de08ecbbcb51efebd321c7d6dc9655f7c83,0xac709fcb44a43c35f0da4e3163b117a17f3770f5
0x2c88985070a668c74dc2a705517d4c2fc58469e1,0xac709fcb44a43c35f0da4e3163b117a17f3770f5
0x01fbd5304c85f7e4a52b97d8aa3b0f463c8a262a,0xac709fcb44a43c35f0da4e3163b117a17f3770f5
0x672642d7f39b2619aef100c32748f20936177121,0xac709fcb44a43c35f0da4e3163b117a17f3770f5
0x957e5758b900f8407b3844840623550088c5f5ba,0xac709fcb44a43c35f0da4e3163b117a17f3770f5
0x2084bf91f276bca5b5ae7c39c994fd2bc17506c8,0xac709fcb44a43c35f0da4e3163b117a17f3770f5
0xb6948e45e69c826b85d4da1c007f179c17bc30e5,0xac709fcb44a43c35f0da4e3163b117a17f3770f5
0x0bd50f52be2aa41856537f7b460bc9474bc901c4,0xac709fcb44a43c35f0da4e3163b117a17f3770f5
0xa417560a8c66345fd5497a290899ac704ecc1bac,0xac709fcb44a43c35f0da4e3163b117a17f3770f5
0x02f37d6b9d0a9af1f69a43fc5dea7d0dae5c724a,0xac709fcb44a43c35f0da4e3163b117a17f3770f5
0x840f24b9d1a584aa61d3b3dabf264da4e3da48c1,0xac709fcb44a43c35f0da4e3163b117a17f3770f5
0xb102156f9c0ccbc249b0c1b52bad24a94aee0fcd,0xac709fcb44a43c35f0da4e3163b117a17f3770f5
0xfc9c98f09fc93b09050c0f3fd28d22cdaa00d33c,0xac709fcb44a43c35f0da4e3163b117a17f3770f5
0xcb99c5f7da11ca60f6ddb09171d329ee49a0673c,0xac709fcb44a43c35f0da4e3163b117a17f3770f5
0xfc9c98f09fc93b09050c0f3fd28d22cdaa00d33c,0xac709fcb44a43c35f0da4e3163b117a17f3770f5
0xeb845655bc3998f1992295a7bdb4c1f332c390fe,0xac709fcb44a43c35f0da4e3163b117a17f3770f5
0x778bf27e4e24b8292cf8d875846cf1cdca56f145,0xac709fcb44a43c35f0da4e3163b117a17f3770f5
0x8d15eba13f567635e283468993836fb9e659e593,0xac709fcb44a43c35f0da4e3163b117a17f3770f5
0xff20a1c1a2cddd2040091ba18666c852290fbc3a,0xac709fcb44a43c35f0da4e3163b117a17f3770f5
0x1738a79d7ad4c2bbacca0fbad68bf985ec446fd3,0xac709fcb44a43c35f0da4e3163b117a17f3770f5
0x01fbd5304c85f7e4a52b97d8aa3b0f463c8a262a,0xac709fcb44a43c35f0da4e3163b117a17f3770f5
0x2c88985070a668c74dc2a705517d4c2fc58469e1,0xac709fcb44a43c35f0da4e3163b117a17f3770f5
0x635dd94fe3b23315652c32a2085272801f488d7d,0xac709fcb44a43c35f0da4e3163b117a17f3770f5
0x09cee7e898faed7dcefd987851f840cf3157706a,0xac709fcb44a43c35f0da4e3163b117a17f3770f5
0x8b3a02d0c3c588deb60723b8e278f570a2bcb694,0xac709fcb44a43c35f0da4e3163b117a17f3770f5
0x925dcccc72f493fa78d1304bb2dc1562085abe2d,0xac709fcb44a43c35f0da4e3163b117a17f3770f5
0x85732c065cbd64119941aed430ac59670b6c51c4,0xac709fcb44a43c35f0da4e3163b117a17f3770f5
0xc06a31b64689e0056e33129f7f45dd29b2282105,0xac709fcb44a43c35f0da4e3163b117a17f3770f5
0x0037a6b811ffeb6e072da21179d11b1406371c63,0xac709fcb44a43c35f0da4e3163b117a17f3770f5
0x7185cbffdd67cbd279dfeb06e6388f792ef03777,0xac709fcb44a43c35f0da4e3163b117a17f3770f5
0xb2ba2092e4a8f9f8ae848e18186480a07849a98b,0xac709fcb44a43c35f0da4e3163b117a17f3770f5
0x354d05134bed8710a06f695e90a1d6c9a790f8bc,0xac709fcb44a43c35f0da4e3163b117a17f3770f5
0x4317eccaf5226df2895c17aae6708748203897ef,0xac709fcb44a43c35f0da4e3163b117a17f3770f5
0xc8cd27bfd9445efc51faebabaceb51ff9fd44bb0,0xac709fcb44a43c35f0da4e3163b117a17f3770f5
0x16a7d5fadf85dbd80bac9d7e0f0892017cd3e293,0xac709fcb44a43c35f0da4e3163b117a17f3770f5
0x3179002cfcd5c4f65e7a8ed5ef27d1d1106cc673,0xac709fcb44a43c35f0da4e3163b117a17f3770f5
0x40d1e041c7771d270bdc423cb80fea9009ebea35,0xac709fcb44a43c35f0da4e3163b117a17f3770f5
0x4317eccaf5226df2895c17aae6708748203897ef,0xac709fcb44a43c35f0da4e3163b117a17f3770f5
0x6919cc9652e62e402e15c91b4551c39774c017fb,0xac709fcb44a43c35f0da4e3163b117a17f3770f5
0x804057c18180c41df0fc5850228bce05711cdde1,0xac709fcb44a43c35f0da4e3163b117a17f3770f5
0xc839ded3d555b9c7f42205dbf4bd5c87c53d61d1,0xac709fcb44a43c35f0da4e3163b117a17f3770f5
0x70faa28a6b8d6829a4b1e649d26ec9a2a39ba413,0xac709fcb44a43c35f0da4e3163b117a17f3770f5
0x42994e3ca0181d316a2f4cf0cecc26c0fdc0c634,0xac709fcb44a43c35f0da4e3163b117a17f3770f5
0x6f204f8d588e2cc2495ea9997480d65d0343a795,0xac709fcb44a43c35f0da4e3163b117a17f3770f5
0x0480bd93f4546723fef2d075f525c104a427bcb8,0xac709fcb44a43c35f0da4e3163b117a17f3770f5
0x6cc7a5c395b2af4682721de71ae4e473c58e151b,0xac709fcb44a43c35f0da4e3163b117a17f3770f5
0xe045a076a77ab28157e88d1cffd12053f799ec44,0xac709fcb44a43c35f0da4e3163b117a17f3770f5
0xd1be10d431887ae7834407700c5a39d977a82d9e,0xac709fcb44a43c35f0da4e3163b117a17f3770f5
0xd1be10d431887ae7834407700c5a39d977a82d9e,0xac709fcb44a43c35f0da4e3163b117a17f3770f5
0xda3969d1f4c51d015b21b858a6af5ca6f49b6613,0xac709fcb44a43c35f0da4e3163b117a17f3770f5
0x8410c6424e13973f2d7bbf8fc2877770a8173e32,0xac709fcb44a43c35f0da4e3163b117a17f3770f5
0xd44230c4575dc83bc62ce5919cb8947481476375,0xac709fcb44a43c35f0da4e3163b117a17f3770f5
0x83b14f864c53cc3dba45d083d554e0afd74d0b0c,0xac709fcb44a43c35f0da4e3163b117a17f3770f5
0x2c88985070a668c74dc2a705517d4c2fc58469e1,0xac709fcb44a43c35f0da4e3163b117a17f3770f5
0xf6abb80f11f269e4500a05721680e0a3ab075ecf,0xac709fcb44a43c35f0da4e3163b117a17f3770f5
0x8addf750174ccf9cf1441273606f36765249af3c,0xac709fcb44a43c35f0da4e3163b117a17f3770f5
0xdd8e8de7a9e6e467d5d4cfe84dcd8be9aa4b7fb8,0xac709fcb44a43c35f0da4e3163b117a17f3770f5
0x34f7f12c658a556e5914ba4f19448d957281ee04,0xac709fcb44a43c35f0da4e3163b117a17f3770f5
0x44ac276342350e0f8c671c3a82eebcc32275d13a,0xac709fcb44a43c35f0da4e3163b117a17f3770f5
0xabe3f7be2a3d5126ceee0d09be668556b2e85bd6,0xac709fcb44a43c35f0da4e3163b117a17f3770f5
0x44ac276342350e0f8c671c3a82eebcc32275d13a,0xac709fcb44a43c35f0da4e3163b117a17f3770f5
0x910f14ece42cae4702fc7f78ed7f569534eb50ff,0xac709fcb44a43c35f0da4e3163b117a17f3770f5
0x49d83eebcdad9a6438fcdffe7a18b562eae8601d,0xac709fcb44a43c35f0da4e3163b117a17f3770f5
0xadede8cef8357b071fa202aaf349712774ce8faf,0xac709fcb44a43c35f0da4e3163b117a17f3770f5
0x453e3733d630e91e97b519018cfcb09731aaa523,0xac709fcb44a43c35f0da4e3163b117a17f3770f5
0xf92960326654086f1c462171dbd73d23388c8c9f,0xac709fcb44a43c35f0da4e3163b117a17f3770f5
0x51789ff2cced151a00cc9ac260992d4a1037f102,0xac709fcb44a43c35f0da4e3163b117a17f3770f5
0xbdc01b3bc95c35619ef1492fb6024b66f5879b8f,0xac709fcb44a43c35f0da4e3163b117a17f3770f5
0xff4fd0eb34a98c277ba967afdd51656fc80cc5f9,0xac709fcb44a43c35f0da4e3163b117a17f3770f5
0x9999e533d648f0e9d7f400427ea6ca7272b2408f,0xac709fcb44a43c35f0da4e3163b117a17f3770f5
0x0b26594a44dc23317aa7fb77b251748f9a3cf2c5,0xac709fcb44a43c35f0da4e3163b117a17f3770f5
0xabe3f7be2a3d5126ceee0d09be668556b2e85bd6,0xac709fcb44a43c35f0da4e3163b117a17f3770f5
0x72eb41ae7f943445da9932662d31a06d56a3cfaa,0xac709fcb44a43c35f0da4e3163b117a17f3770f5
0x72eb41ae7f943445da9932662d31a06d56a3cfaa,0xac709fcb44a43c35f0da4e3163b117a17f3770f5
0x42994e3ca0181d316a2f4cf0cecc26c0fdc0c634,0xac709fcb44a43c35f0da4e3163b117a17f3770f5
0x42cc547e5b85603ca39fa879e81665fc27b7e583,0xac709fcb44a43c35f0da4e3163b117a17f3770f5
0xe63d000145b0a7ae223f5aeb5723e635574ba37d,0xac709fcb44a43c35f0da4e3163b117a17f3770f5
0x358a7ad35868167a00acb4f1e23398827a3871c7,0xac709fcb44a43c35f0da4e3163b117a17f3770f5
0x2c88985070a668c74dc2a705517d4c2fc58469e1,0xac709fcb44a43c35f0da4e3163b117a17f3770f5
0x2d2575a11286841249e20c0d5e04359501668b52,0xac709fcb44a43c35f0da4e3163b117a17f3770f5
0x5f257d2d8d12db64574a5548e16f9f10dc0aa5a7,0xac709fcb44a43c35f0da4e3163b117a17f3770f5
0x72eb41ae7f943445da9932662d31a06d56a3cfaa,0xac709fcb44a43c35f0da4e3163b117a17f3770f5
0x9999e533d648f0e9d7f400427ea6ca7272b2408f,0xac709fcb44a43c35f0da4e3163b117a17f3770f5
0xaded1b4a26500181b0ee82b5ff8a09fd2dd17838,0xac709fcb44a43c35f0da4e3163b117a17f3770f5
0x39115093b9eee6d89b1dae10faa423b15bad93a8,0xac709fcb44a43c35f0da4e3163b117a17f3770f5
0x5aac15fe7ce0140de4071ee4daa85246f9772cb1,0xac709fcb44a43c35f0da4e3163b117a17f3770f5
0x5aac15fe7ce0140de4071ee4daa85246f9772cb1,0xac709fcb44a43c35f0da4e3163b117a17f3770f5
0x3c50d0f7ecdb1e0d3fcd0c2678c04b73205ba031,0xac709fcb44a43c35f0da4e3163b117a17f3770f5
0xe301f89ae2c38ace07486d8759271741f76ac207,0xac709fcb44a43c35f0da4e3163b117a17f3770f5
0xda3969d1f4c51d015b21b858a6af5ca6f49b6613,0xac709fcb44a43c35f0da4e3163b117a17f3770f5
0xda3969d1f4c51d015b21b858a6af5ca6f49b6613,0xac709fcb44a43c35f0da4e3163b117a17f3770f5
0xb791593f036fd6ce40573d5292eb579ec0829de3,0xac709fcb44a43c35f0da4e3163b117a17f3770f5
0x3b20a3da74461a53d04fc9e444fe74d9f778883a,0xac709fcb44a43c35f0da4e3163b117a17f3770f5
0x3b20a3da74461a53d04fc9e444fe74d9f778883a,0xac709fcb44a43c35f0da4e3163b117a17f3770f5
0x515c8bba536df08855872c155bb98b4a4237c095,0xac709fcb44a43c35f0da4e3163b117a17f3770f5
0xb93d0e2c7fef58eeb39638398c6063ade7359578,0xac709fcb44a43c35f0da4e3163b117a17f3770f5
0xbbca2cb578136365134be1bcaab07789e98c3526,0xac709fcb44a43c35f0da4e3163b117a17f3770f5
0xaea61a07ee0283952be14aac6d8855d771412658,0xac709fcb44a43c35f0da4e3163b117a17f3770f5
0xeca172235f9c00a4d657670bd51bf8b1ae38e6fa,0xac709fcb44a43c35f0da4e3163b117a17f3770f5
0x5bc67a013e4deaa2943342f22d0d0c3a44b2cd38,0xac709fcb44a43c35f0da4e3163b117a17f3770f5
0xa1f89468ac62bd12093044b066281855b2657de0,0xac709fcb44a43c35f0da4e3163b117a17f3770f5
0x6db83d51b4fe5fe7b2a76a64ddd199b92e3f0040,0xac709fcb44a43c35f0da4e3163b117a17f3770f5
0x734d0f8ba8eb087b3f19162af5e32b5ef92244e7,0xac709fcb44a43c35f0da4e3163b117a17f3770f5
0xafe20f157ad1b2c06ecf7596c5e1a4d4e0ae6002,0xac709fcb44a43c35f0da4e3163b117a17f3770f5
0x0da13eb9e313a63a9270b5940950b62e27c03733,0xac709fcb44a43c35f0da4e3163b117a17f3770f5
0x6e6a8730b1430097da99c076a0b78ed482a49995,0xac709fcb44a43c35f0da4e3163b117a17f3770f5
0x446efccac41fd3f0978a2df65b4f29ed9eb3a282,0xac709fcb44a43c35f0da4e3163b117a17f3770f5
0x446efccac41fd3f0978a2df65b4f29ed9eb3a282,0xac709fcb44a43c35f0da4e3163b117a17f3770f5
0xa2726f0003d0a31feec206b426ea7f5ed8cada5e,0xac709fcb44a43c35f0da4e3163b117a17f3770f5
0xe301f89ae2c38ace07486d8759271741f76ac207,0xac709fcb44a43c35f0da4e3163b117a17f3770f5
0xc046b59484843b2af6ca105afd88a3ab60e9b7cd,0xac709fcb44a43c35f0da4e3163b117a17f3770f5
0x910f14ece42cae4702fc7f78ed7f569534eb50ff,0xac709fcb44a43c35f0da4e3163b117a17f3770f5
0x910f14ece42cae4702fc7f78ed7f569534eb50ff,0xac709fcb44a43c35f0da4e3163b117a17f3770f5
0x49d83eebcdad9a6438fcdffe7a18b562eae8601d,0xac709fcb44a43c35f0da4e3163b117a17f3770f5
0xc47a472724f8028eda240afadf165046ea0d2a1f,0xac709fcb44a43c35f0da4e3163b117a17f3770f5
0xc47a472724f8028eda240afadf165046ea0d2a1f,0xac709fcb44a43c35f0da4e3163b117a17f3770f5
0xc47a472724f8028eda240afadf165046ea0d2a1f,0xac709fcb44a43c35f0da4e3163b117a17f3770f5
0x32be343b94f860124dc4fee278fdcbd38c102d88,0xac709fcb44a43c35f0da4e3163b117a17f3770f5
0x4538ce08d7dfce5fe5bce404f92c4ecf226e67e8,0xac709fcb44a43c35f0da4e3163b117a17f3770f5
0xafe20f157ad1b2c06ecf7596c5e1a4d4e0ae6002,0xac709fcb44a43c35f0da4e3163b117a17f3770f5
0x44e12e13270fe02558eacb4fbf0717aeb62b10ce,0xac709fcb44a43c35f0da4e3163b117a17f3770f5
0x48599f5c174d313cf856c266ba387ab733b188c3,0xac709fcb44a43c35f0da4e3163b117a17f3770f5
0x7329b37c7f381db80b000a07bbdfc6e84e8cfa58,0xac709fcb44a43c35f0da4e3163b117a17f3770f5
0x7881ea4ecefad8445ac1d9dbba299aa45b294d52,0xac709fcb44a43c35f0da4e3163b117a17f3770f5
0x7329b37c7f381db80b000a07bbdfc6e84e8cfa58,0xac709fcb44a43c35f0da4e3163b117a17f3770f5
0x7329b37c7f381db80b000a07bbdfc6e84e8cfa58,0xac709fcb44a43c35f0da4e3163b117a17f3770f5
0x2bfbbac2a5838aeb583ffc79e3da86ce38674962,0xac709fcb44a43c35f0da4e3163b117a17f3770f5
0x2a4b4e534c25273c93a88afd1681595b7d585893,0xac709fcb44a43c35f0da4e3163b117a17f3770f5
0x116bfe91548e82dc37788670164c48980a3748a7,0xac709fcb44a43c35f0da4e3163b117a17f3770f5
0xb205d1f7ee10282dc77cc44712a108eb0a31b3c3,0xac709fcb44a43c35f0da4e3163b117a17f3770f5
0x2bfbbac2a5838aeb583ffc79e3da86ce38674962,0xac709fcb44a43c35f0da4e3163b117a17f3770f5
0xf9cd56007ddacd0e3de958603ec901253b868394,0xac709fcb44a43c35f0da4e3163b117a17f3770f5
0x9d8fe3ef20d8c3d912853dd560216cd3e0f2844e,0xac709fcb44a43c35f0da4e3163b117a17f3770f5
0x476e709b019fb9113fa9d78fec45c3d8bc6e55d5,0xac709fcb44a43c35f0da4e3163b117a17f3770f5
0x476e709b019fb9113fa9d78fec45c3d8bc6e55d5,0xac709fcb44a43c35f0da4e3163b117a17f3770f5
0xdf1849d7dd024df2ca084c2e033fdc1f513a0345,0xac709fcb44a43c35f0da4e3163b117a17f3770f5
0x6af7dd2a60f09eb7446241e8e044edbb9b77e2b8,0xac709fcb44a43c35f0da4e3163b117a17f3770f5
0x2d909f620b4143c491847193cf9e554bc883523d,0xac709fcb44a43c35f0da4e3163b117a17f3770f5
0x267be1c1d684f78cb4f6a176c4911b741e4ffdc0,0xac709fcb44a43c35f0da4e3163b117a17f3770f5
0xc046b59484843b2af6ca105afd88a3ab60e9b7cd,0xac709fcb44a43c35f0da4e3163b117a17f3770f5
0x3833f8dbdbd6bdcb6a883ff209b869148965b364,0xac709fcb44a43c35f0da4e3163b117a17f3770f5
0xf8beb9c94bc5b1b7a19d71d9675579533e92318a,0xac709fcb44a43c35f0da4e3163b117a17f3770f5
0xf05aff3c78bc0d02293c5a43731f914382d5bf94,0xac709fcb44a43c35f0da4e3163b117a17f3770f5
0x0ecdae7f5fa2edf5987133a213d13394dff26aaf,0xac709fcb44a43c35f0da4e3163b117a17f3770f5
0xf05f971db6f5ccd209dde24e31e24ba8431193e9,0xac709fcb44a43c35f0da4e3163b117a17f3770f5
0x5eb1ca2d9d250ffad144c7b6f0191fafc97ae1ee,0xac709fcb44a43c35f0da4e3163b117a17f3770f5
0x3f9228605186d6bf9cb71902d8f16eca8f739d2a,0xac709fcb44a43c35f0da4e3163b117a17f3770f5
0x3f9228605186d6bf9cb71902d8f16eca8f739d2a,0xac709fcb44a43c35f0da4e3163b117a17f3770f5
0x0ecdae7f5fa2edf5987133a213d13394dff26aaf,0xac709fcb44a43c35f0da4e3163b117a17f3770f5
0x98dd045fffa9e7728376ece761d7b28b88c142b4,0xac709fcb44a43c35f0da4e3163b117a17f3770f5
0x98dd045fffa9e7728376ece761d7b28b88c142b4,0xac709fcb44a43c35f0da4e3163b117a17f3770f5
0x98dd045fffa9e7728376ece761d7b28b88c142b4,0xac709fcb44a43c35f0da4e3163b117a17f3770f5
0x12ef33405879dfccfaa6ca6548345579d65e9e61,0xac709fcb44a43c35f0da4e3163b117a17f3770f5
0x98dd045fffa9e7728376ece761d7b28b88c142b4,0xac709fcb44a43c35f0da4e3163b117a17f3770f5
0x98dd045fffa9e7728376ece761d7b28b88c142b4,0xac709fcb44a43c35f0da4e3163b117a17f3770f5
0x98dd045fffa9e7728376ece761d7b28b88c142b4,0xac709fcb44a43c35f0da4e3163b117a17f3770f5
0x2be177d72a1d2857dd0f1de402f3d86521f259ac,0xac709fcb44a43c35f0da4e3163b117a17f3770f5
0xd2924503abcc8a3ac88ff8104ea9ff4771b524d9,0xac709fcb44a43c35f0da4e3163b117a17f3770f5
0x9e1c9a0d105a5ae72737a9a5a94cf7b2646d965a,0xac709fcb44a43c35f0da4e3163b117a17f3770f5
0xf555d58d7ec0bb4e94d2d13a69368e807d2419d0,0xac709fcb44a43c35f0da4e3163b117a17f3770f5
0x9e1c9a0d105a5ae72737a9a5a94cf7b2646d965a,0xac709fcb44a43c35f0da4e3163b117a17f3770f5
0x9e1c9a0d105a5ae72737a9a5a94cf7b2646d965a,0xac709fcb44a43c35f0da4e3163b117a17f3770f5
0xb640a8f43cd9e67ee8c9600ddd1285ac23c7db71,0xac709fcb44a43c35f0da4e3163b117a17f3770f5
0x2c88985070a668c74dc2a705517d4c2fc58469e1,0xac709fcb44a43c35f0da4e3163b117a17f3770f5
0x03aa622881236dd0f4940c24c324ff8b7b7e2186,0xac709fcb44a43c35f0da4e3163b117a17f3770f5
0x3f9228605186d6bf9cb71902d8f16eca8f739d2a,0xac709fcb44a43c35f0da4e3163b117a17f3770f5
0x0ecdae7f5fa2edf5987133a213d13394dff26aaf,0xac709fcb44a43c35f0da4e3163b117a17f3770f5
0x3f9228605186d6bf9cb71902d8f16eca8f739d2a,0xac709fcb44a43c35f0da4e3163b117a17f3770f5
0x4ac5ed4b31f4f0e16bd96bf2d9f96200d7c266af,0xac709fcb44a43c35f0da4e3163b117a17f3770f5
0x5db94ebc9aac2169b0c61a79adbcf9af7544ab07,0xac709fcb44a43c35f0da4e3163b117a17f3770f5
0x9e1c9a0d105a5ae72737a9a5a94cf7b2646d965a,0xac709fcb44a43c35f0da4e3163b117a17f3770f5
0xc046b59484843b2af6ca105afd88a3ab60e9b7cd,0xac709fcb44a43c35f0da4e3163b117a17f3770f5
0x956f5e8dbc91f5e7c9dc3f0c671fe58b6a40c1b2,0xac709fcb44a43c35f0da4e3163b117a17f3770f5
0xa2c91414e58e3824185c1776ebb7f59c614213d3,0xac709fcb44a43c35f0da4e3163b117a17f3770f5
0x3f46bbf05325c87a17bb63ac04d4314abd90797a,0xac709fcb44a43c35f0da4e3163b117a17f3770f5
0x846539cbe9d4b15b9e99de49ed5e44d0a3017ce8,0xac709fcb44a43c35f0da4e3163b117a17f3770f5
0x66ae2f53c4f5fe6c19d6e277e2692e84157ed61f,0xac709fcb44a43c35f0da4e3163b117a17f3770f5
0x146246585fe7d94546ea7fbc0685e41fe8a62f89,0xac709fcb44a43c35f0da4e3163b117a17f3770f5
0x146246585fe7d94546ea7fbc0685e41fe8a62f89,0xac709fcb44a43c35f0da4e3163b117a17f3770f5
0x243b3bca6a299359e886ce33a30341fafe4d573d,0xac709fcb44a43c35f0da4e3163b117a17f3770f5
0x243b3bca6a299359e886ce33a30341fafe4d573d,0xac709fcb44a43c35f0da4e3163b117a17f3770f5
0x243b3bca6a299359e886ce33a30341fafe4d573d,0xac709fcb44a43c35f0da4e3163b117a17f3770f5
0x243b3bca6a299359e886ce33a30341fafe4d573d,0xac709fcb44a43c35f0da4e3163b117a17f3770f5
0x60b1dd57af9edb1eab0e04119646f9a26f5e31a8,0xac709fcb44a43c35f0da4e3163b117a17f3770f5
0x146246585fe7d94546ea7fbc0685e41fe8a62f89,0xac709fcb44a43c35f0da4e3163b117a17f3770f5
0x083d657b927a3c16a125a4c5402a1b69b3f345f2,0xac709fcb44a43c35f0da4e3163b117a17f3770f5
0x4b983158c0236ee07a94d0d96fdba210c33859f8,0xac709fcb44a43c35f0da4e3163b117a17f3770f5
0xed4217193d73a27af3e8bbf67adf06523943426c,0xac709fcb44a43c35f0da4e3163b117a17f3770f5
0x65e02f86352deba382dbbb6ac2888713e9c5538e,0xac709fcb44a43c35f0da4e3163b117a17f3770f5
0x65e02f86352deba382dbbb6ac2888713e9c5538e,0xac709fcb44a43c35f0da4e3163b117a17f3770f5
0x4b983158c0236ee07a94d0d96fdba210c33859f8,0xac709fcb44a43c35f0da4e3163b117a17f3770f5
0x083d657b927a3c16a125a4c5402a1b69b3f345f2,0xac709fcb44a43c35f0da4e3163b117a17f3770f5
0x359a4c49ba06cef000441acc65ec6813c4097541,0xac709fcb44a43c35f0da4e3163b117a17f3770f5
0x359a4c49ba06cef000441acc65ec6813c4097541,0xac709fcb44a43c35f0da4e3163b117a17f3770f5
0x1b9d2a3fcd844d9564d0b9ee36d75d2e3faad72e,0xac709fcb44a43c35f0da4e3163b117a17f3770f5
0x49d83eebcdad9a6438fcdffe7a18b562eae8601d,0xac709fcb44a43c35f0da4e3163b117a17f3770f5
0x623e6f0c31cd98a63be6211d255da937867efd87,0xac709fcb44a43c35f0da4e3163b117a17f3770f5
0xf87631ae2abfa16f0842f0f75c3deb0f9f36de58,0xac709fcb44a43c35f0da4e3163b117a17f3770f5
0x5a7bb449c8f1a56a5f0495056dbcc5cdb3820f75,0xac709fcb44a43c35f0da4e3163b117a17f3770f5
0xb449c4e502321a71a1359252bdb56341a7c29122,0xac709fcb44a43c35f0da4e3163b117a17f3770f5
0x6f0ff9b84772e2a410d5e848ce219c5ebc5b4b44,0xac709fcb44a43c35f0da4e3163b117a17f3770f5
0x7f32bc523608c3e7a0ab52c10a43f3cf428fd60b,0xac709fcb44a43c35f0da4e3163b117a17f3770f5
0x7f32bc523608c3e7a0ab52c10a43f3cf428fd60b,0xac709fcb44a43c35f0da4e3163b117a17f3770f5
0xf59a9bfef424b41c413c520b83bd2938f48e06da,0xac709fcb44a43c35f0da4e3163b117a17f3770f5
0xf59a9bfef424b41c413c520b83bd2938f48e06da,0xac709fcb44a43c35f0da4e3163b117a17f3770f5
0xfa80552da6c69cae80a3b80c1ac832ae79a648ee,0xac709fcb44a43c35f0da4e3163b117a17f3770f5
0xc75f2090833490d01a35cec4b76677565e1e7843,0xac709fcb44a43c35f0da4e3163b117a17f3770f5
0x48599f5c174d313cf856c266ba387ab733b188c3,0xac709fcb44a43c35f0da4e3163b117a17f3770f5
0x5379246e6fdec09e357737d1c6df96f2ab5eec91,0xac709fcb44a43c35f0da4e3163b117a17f3770f5
0xafe20f157ad1b2c06ecf7596c5e1a4d4e0ae6002,0xac709fcb44a43c35f0da4e3163b117a17f3770f5
0xc92eedf6a7f7899beef946dd294281930e8ba97c,0xac709fcb44a43c35f0da4e3163b117a17f3770f5
0x7881ea4ecefad8445ac1d9dbba299aa45b294d52,0xac709fcb44a43c35f0da4e3163b117a17f3770f5
0xf87631ae2abfa16f0842f0f75c3deb0f9f36de58,0xac709fcb44a43c35f0da4e3163b117a17f3770f5
0xbdaf201b2da851c77b57b40c44e40fe761875d48,0xac709fcb44a43c35f0da4e3163b117a17f3770f5
0x3c2133c870bbfbbea2f9965ff77ee4875b867d31,0xac709fcb44a43c35f0da4e3163b117a17f3770f5
0x3c2133c870bbfbbea2f9965ff77ee4875b867d31,0xac709fcb44a43c35f0da4e3163b117a17f3770f5
0x2af5d38a886ce8bc69f4d4ce8dec20e91a59cfa5,0xac709fcb44a43c35f0da4e3163b117a17f3770f5
0x3929f1b0bea040185c006332a451e5cd25b4f301,0xac709fcb44a43c35f0da4e3163b117a17f3770f5
0x9d36921e1ee28150f0c065b044007261dffa45fa,0xac709fcb44a43c35f0da4e3163b117a17f3770f5
0x65e02f86352deba382dbbb6ac2888713e9c5538e,0xac709fcb44a43c35f0da4e3163b117a17f3770f5
0x7cb0ba34e5a901b85f2cb1221c1e2d50701597e7,0xac709fcb44a43c35f0da4e3163b117a17f3770f5
0x7cb0ba34e5a901b85f2cb1221c1e2d50701597e7,0xac709fcb44a43c35f0da4e3163b117a17f3770f5
0x7cb0ba34e5a901b85f2cb1221c1e2d50701597e7,0xac709fcb44a43c35f0da4e3163b117a17f3770f5
0x7cb0ba34e5a901b85f2cb1221c1e2d50701597e7,0xac709fcb44a43c35f0da4e3163b117a17f3770f5
0x7cb0ba34e5a901b85f2cb1221c1e2d50701597e7,0xac709fcb44a43c35f0da4e3163b117a17f3770f5
0x4cb2541f99bde81fa6bcb2df88010cabab1e21cd,0xac709fcb44a43c35f0da4e3163b117a17f3770f5
0x4e1997a0728bb99ab63e1a39957ee8d9349b0798,0xac709fcb44a43c35f0da4e3163b117a17f3770f5
0x1e1aca86943925d3857c33ba91cfb922e4a3bb1a,0xac709fcb44a43c35f0da4e3163b117a17f3770f5
0x5154f44c73bf0ad6fdccb474c54863ecebaecb76,0xac709fcb44a43c35f0da4e3163b117a17f3770f5
0x4e1997a0728bb99ab63e1a39957ee8d9349b0798,0xac709fcb44a43c35f0da4e3163b117a17f3770f5
0x64ba5743b5a78ec1df4b4c00013050974247e82d,0xac709fcb44a43c35f0da4e3163b117a17f3770f5
0xe4d3df079fbef6529c893ee4e9298711d480ff35,0xac709fcb44a43c35f0da4e3163b117a17f3770f5
0x45bd76503dcbc8222759cc96421e32f6f67f3bbb,0xac709fcb44a43c35f0da4e3163b117a17f3770f5
0x4cb2541f99bde81fa6bcb2df88010cabab1e21cd,0xac709fcb44a43c35f0da4e3163b117a17f3770f5
0x4ce700e2577259d0a2433e426a796cf01e2a7acf,0xac709fcb44a43c35f0da4e3163b117a17f3770f5
0x4ce700e2577259d0a2433e426a796cf01e2a7acf,0xac709fcb44a43c35f0da4e3163b117a17f3770f5
0x21314ff1669aced72b3c72ad912102186cf5e1cd,0xac709fcb44a43c35f0da4e3163b117a17f3770f5
0x21314ff1669aced72b3c72ad912102186cf5e1cd,0xac709fcb44a43c35f0da4e3163b117a17f3770f5
0x21314ff1669aced72b3c72ad912102186cf5e1cd,0xac709fcb44a43c35f0da4e3163b117a17f3770f5
0x33b2561ddd90274d85c0409f6b870b370ec688c4,0xac709fcb44a43c35f0da4e3163b117a17f3770f5
0xd96ba8f3a69e1a5a8033fa2a0ba6d7b7c1346def,0xac709fcb44a43c35f0da4e3163b117a17f3770f5
0x68c0cb70b75b7b7cfeb1cba5ee82835a1fed22c3,0xac709fcb44a43c35f0da4e3163b117a17f3770f5
0x21314ff1669aced72b3c72ad912102186cf5e1cd,0xac709fcb44a43c35f0da4e3163b117a17f3770f5
0x21314ff1669aced72b3c72ad912102186cf5e1cd,0xac709fcb44a43c35f0da4e3163b117a17f3770f5
0x85d6a80d5756da2f69f089150a5b8c1e35bfdeb6,0xac709fcb44a43c35f0da4e3163b117a17f3770f5
0x1b486147f9af5c9094e0587c06084bf3a8d84872,0xac709fcb44a43c35f0da4e3163b117a17f3770f5
0x85d6a80d5756da2f69f089150a5b8c1e35bfdeb6,0xac709fcb44a43c35f0da4e3163b117a17f3770f5
0x1b9d2a3fcd844d9564d0b9ee36d75d2e3faad72e,0xac709fcb44a43c35f0da4e3163b117a17f3770f5
0xcf5a4168fd55492c3dd16b94d10058cf957f8825,0xac709fcb44a43c35f0da4e3163b117a17f3770f5
0xd777a15b27e39f40830581d1b81f84a7f343e1c8,0xac709fcb44a43c35f0da4e3163b117a17f3770f5
0xa1b827f8b74b1cec5edd53bce6e1cf4f8cca331d,0xac709fcb44a43c35f0da4e3163b117a17f3770f5
0xa1b827f8b74b1cec5edd53bce6e1cf4f8cca331d,0xac709fcb44a43c35f0da4e3163b117a17f3770f5
0x8c0a91c3c48106c32dc472b2afa1dca6111faa00,0xac709fcb44a43c35f0da4e3163b117a17f3770f5
0xfd1e97f9002acc34ef4aa8f6104e07f6ef293539,0xac709fcb44a43c35f0da4e3163b117a17f3770f5
0xc046b59484843b2af6ca105afd88a3ab60e9b7cd,0xac709fcb44a43c35f0da4e3163b117a17f3770f5
0x4bfcc4ed47f8dc1bc5c0390ac8eb5e01da831320,0xac709fcb44a43c35f0da4e3163b117a17f3770f5
0xbba39ab8051f5e369f7657a2009f3b90b77ba495,0xac709fcb44a43c35f0da4e3163b117a17f3770f5
0x910f14ece42cae4702fc7f78ed7f569534eb50ff,0xac709fcb44a43c35f0da4e3163b117a17f3770f5
0x910f14ece42cae4702fc7f78ed7f569534eb50ff,0xac709fcb44a43c35f0da4e3163b117a17f3770f5
0x45bd76503dcbc8222759cc96421e32f6f67f3bbb,0xac709fcb44a43c35f0da4e3163b117a17f3770f5
0x17459a7044561a70a3c962ca6d691dd6560e0584,0xac709fcb44a43c35f0da4e3163b117a17f3770f5
0x6521d667abc30502bd1c38c0c023b3ee420a2bec,0xac709fcb44a43c35f0da4e3163b117a17f3770f5
0x57967a9130aba170e4dfcc92119918ed8350cecf,0xac709fcb44a43c35f0da4e3163b117a17f3770f5
0xf453a0ba6d45cc9b9bf350d634de99020a5cb68e,0xac709fcb44a43c35f0da4e3163b117a17f3770f5
0x1751fe6e44c0ebf6ce2b6e43377ab6b6ab7a0c95,0xac709fcb44a43c35f0da4e3163b117a17f3770f5
0xa9094a2e50580110d7fba50213b53d656593aee7,0xac709fcb44a43c35f0da4e3163b117a17f3770f5
0x1c031000cf70130e9fe63e8a1e4e331bbc38aa7c,0xac709fcb44a43c35f0da4e3163b117a17f3770f5
0x16a75fccce5f67bcbf8319cfbf0a0e4d37834b36,0xac709fcb44a43c35f0da4e3163b117a17f3770f5
0x3bf1022c19618e8f0f6c9c6bba311348d2284034,0xac709fcb44a43c35f0da4e3163b117a17f3770f5
0xfdebe6235b0cf8f70483feb0c2375e23ac64e898,0xac709fcb44a43c35f0da4e3163b117a17f3770f5
0x90e7bdb33770b6a81a95fde397812870651c93c4,0xac709fcb44a43c35f0da4e3163b117a17f3770f5
0x90e7bdb33770b6a81a95fde397812870651c93c4,0xac709fcb44a43c35f0da4e3163b117a17f3770f5
0x522f7073df9897c49915d6cf378c31c69904729d,0xac709fcb44a43c35f0da4e3163b117a17f3770f5
0x522f7073df9897c49915d6cf378c31c69904729d,0xac709fcb44a43c35f0da4e3163b117a17f3770f5
0x70ad465e0bab6504002ad58c744ed89c7da38524,0xac709fcb44a43c35f0da4e3163b117a17f3770f5
0x3c2133c870bbfbbea2f9965ff77ee4875b867d31,0xac709fcb44a43c35f0da4e3163b117a17f3770f5
0x8b4eebaf8ce3e53e3cd063fa421dde4dda5949c8,0xac709fcb44a43c35f0da4e3163b117a17f3770f5
0x8b4eebaf8ce3e53e3cd063fa421dde4dda5949c8,0xac709fcb44a43c35f0da4e3163b117a17f3770f5
0xabe3a8b669d4af0e7576137239b1ed7c539d7736,0xac709fcb44a43c35f0da4e3163b117a17f3770f5
0x751c447cbd3b66ec87964b832c59483bad13a4e7,0xac709fcb44a43c35f0da4e3163b117a17f3770f5
0x751c447cbd3b66ec87964b832c59483bad13a4e7,0xac709fcb44a43c35f0da4e3163b117a17f3770f5
0x8b4eebaf8ce3e53e3cd063fa421dde4dda5949c8,0xac709fcb44a43c35f0da4e3163b117a17f3770f5
0x49446e1a71b8ffede6eec124dfc3c9369491d1ce,0xac709fcb44a43c35f0da4e3163b117a17f3770f5
0xc046b59484843b2af6ca105afd88a3ab60e9b7cd,0xac709fcb44a43c35f0da4e3163b117a17f3770f5
0x5b34a5163352ff75f7404dd5659e8cddb675f398,0xac709fcb44a43c35f0da4e3163b117a17f3770f5
0xf1ca501fffb610d9542f505b77dddf05197165e6,0xac709fcb44a43c35f0da4e3163b117a17f3770f5
0xf1ca501fffb610d9542f505b77dddf05197165e6,0xac709fcb44a43c35f0da4e3163b117a17f3770f5
0xbcee238d154c6352f6e7978d33470618f69b81ff,0xac709fcb44a43c35f0da4e3163b117a17f3770f5
0x51465b0c0e079157de843f05f12c023e5a80caea,0xac709fcb44a43c35f0da4e3163b117a17f3770f5
0x0da13eb9e313a63a9270b5940950b62e27c03733,0xac709fcb44a43c35f0da4e3163b117a17f3770f5
0x51465b0c0e079157de843f05f12c023e5a80caea,0xac709fcb44a43c35f0da4e3163b117a17f3770f5
0x53a5784d5fbbf7a9513535020dc7c7c045246e3e,0xac709fcb44a43c35f0da4e3163b117a17f3770f5
0x14d49231d3199dccfd0aad8833d42a516fc5e3fb,0xac709fcb44a43c35f0da4e3163b117a17f3770f5
0x2dd37df5f8d87bb1bec46346ab7f5cb9247a4026,0xac709fcb44a43c35f0da4e3163b117a17f3770f5
0xedb6dd039971b536bf8cdf58ffb9e215c0f1a601,0xac709fcb44a43c35f0da4e3163b117a17f3770f5
0x6521d667abc30502bd1c38c0c023b3ee420a2bec,0xac709fcb44a43c35f0da4e3163b117a17f3770f5
0xffa23770f3821e3ef181f5f1567654a9863064a9,0xac709fcb44a43c35f0da4e3163b117a17f3770f5
0xffa23770f3821e3ef181f5f1567654a9863064a9,0xac709fcb44a43c35f0da4e3163b117a17f3770f5
0xc046b59484843b2af6ca105afd88a3ab60e9b7cd,0xac709fcb44a43c35f0da4e3163b117a17f3770f5
0x913630c8b3352db8ccd9e332fb436e8b483ed23a,0xac709fcb44a43c35f0da4e3163b117a17f3770f5
0x25961ca7eba6c6db66c9bf49fce4ed30588ab39e,0xac709fcb44a43c35f0da4e3163b117a17f3770f5
0x776b2fcf4cdc8606555a006e31c6022d2e768e2b,0xac709fcb44a43c35f0da4e3163b117a17f3770f5
0x776b2fcf4cdc8606555a006e31c6022d2e768e2b,0xac709fcb44a43c35f0da4e3163b117a17f3770f5
0xd319f6ed09b38457d849928b7ac5258dd6322dce,0xac709fcb44a43c35f0da4e3163b117a17f3770f5
0x74c5461a43f236a8b0c583b1a4a20994de79edbd,0xac709fcb44a43c35f0da4e3163b117a17f3770f5
0x46a96d603ec2ac6d75fa8824be3197fa8ebce37b,0xac709fcb44a43c35f0da4e3163b117a17f3770f5
0x135a87aeab14d2d522987f4c72b7a0080d770ad0,0xac709fcb44a43c35f0da4e3163b117a17f3770f5
0x0dbd759dfb2fc8b133bf0002d9f09aa22d825e4f,0xac709fcb44a43c35f0da4e3163b117a17f3770f5
0x0dbd759dfb2fc8b133bf0002d9f09aa22d825e4f,0xac709fcb44a43c35f0da4e3163b117a17f3770f5
0xbc1aa5ac8e750c28d6020c0ae99619e4c02a5f5a,0xac709fcb44a43c35f0da4e3163b117a17f3770f5
0x4da4dbdb7eb962af6df1d9ddfdbb7e4784271d7f,0xac709fcb44a43c35f0da4e3163b117a17f3770f5
0x46a96d603ec2ac6d75fa8824be3197fa8ebce37b,0xac709fcb44a43c35f0da4e3163b117a17f3770f5
0x46a96d603ec2ac6d75fa8824be3197fa8ebce37b,0xac709fcb44a43c35f0da4e3163b117a17f3770f5
0xbf831a06a1b2ad2af6f2e8ac5107a4c4ef502501,0xac709fcb44a43c35f0da4e3163b117a17f3770f5
0x0fc5e8cec04d4d962130859a266ba34edbcbbb8f,0xac709fcb44a43c35f0da4e3163b117a17f3770f5
0x222879ada36d7cac8f141cbaabbcd1d6dde36324,0xac709fcb44a43c35f0da4e3163b117a17f3770f5
0x8d390f5a6dad37d6437bdd88c20b5a29815a9d96,0xac709fcb44a43c35f0da4e3163b117a17f3770f5
0x8d390f5a6dad37d6437bdd88c20b5a29815a9d96,0xac709fcb44a43c35f0da4e3163b117a17f3770f5
0x7a06a6caf9c3b1bd7ce298aaa925fae2c2e9349c,0xac709fcb44a43c35f0da4e3163b117a17f3770f5
0x7a06a6caf9c3b1bd7ce298aaa925fae2c2e9349c,0xac709fcb44a43c35f0da4e3163b117a17f3770f5
0xa150fc220473114f1da838296f3004ce6dfa604c,0xac709fcb44a43c35f0da4e3163b117a17f3770f5
0x6a5b4eadb5db3d7e783d964de82948a8a4f2dea5,0xac709fcb44a43c35f0da4e3163b117a17f3770f5
0xe69de64d14232ad31721bc247f4f54bdcd386c3e,0xac709fcb44a43c35f0da4e3163b117a17f3770f5
0x3828104cb3d7a22c08f0439fac16b82931630425,0xac709fcb44a43c35f0da4e3163b117a17f3770f5
0xbad7f8466082193f2ffad5e869f40eb1743e1796,0xac709fcb44a43c35f0da4e3163b117a17f3770f5
0x0f88e4d5197b384805182913d11fa17158d9b6ef,0xac709fcb44a43c35f0da4e3163b117a17f3770f5
0x0f88e4d5197b384805182913d11fa17158d9b6ef,0xac709fcb44a43c35f0da4e3163b117a17f3770f5
0x135a87aeab14d2d522987f4c72b7a0080d770ad0,0xac709fcb44a43c35f0da4e3163b117a17f3770f5
0x46a96d603ec2ac6d75fa8824be3197fa8ebce37b,0xac709fcb44a43c35f0da4e3163b117a17f3770f5
0x5fa3f64d3d18c5a070bc8ac58ba2a52ae43e7442,0xac709fcb44a43c35f0da4e3163b117a17f3770f5
0x6f4fcdcdb8d840c6606ac512a80108dcee85ddb9,0xac709fcb44a43c35f0da4e3163b117a17f3770f5
0x5967006b6b77cfa6ae9f55aa9d931e664f62a131,0xac709fcb44a43c35f0da4e3163b117a17f3770f5
0x5967006b6b77cfa6ae9f55aa9d931e664f62a131,0xac709fcb44a43c35f0da4e3163b117a17f3770f5
0x5967006b6b77cfa6ae9f55aa9d931e664f62a131,0xac709fcb44a43c35f0da4e3163b117a17f3770f5
0x5967006b6b77cfa6ae9f55aa9d931e664f62a131,0xac709fcb44a43c35f0da4e3163b117a17f3770f5
0x5967006b6b77cfa6ae9f55aa9d931e664f62a131,0xac709fcb44a43c35f0da4e3163b117a17f3770f5
0xdbb271c0b6e4fc9d96233646ea33bf860e739d1a,0xac709fcb44a43c35f0da4e3163b117a17f3770f5
0x49d83eebcdad9a6438fcdffe7a18b562eae8601d,0xac709fcb44a43c35f0da4e3163b117a17f3770f5
0x3fffd18254a53e5308cab8067d0e08a214c7d7cb,0xac709fcb44a43c35f0da4e3163b117a17f3770f5
0x0dbd759dfb2fc8b133bf0002d9f09aa22d825e4f,0xac709fcb44a43c35f0da4e3163b117a17f3770f5
0xa150fc220473114f1da838296f3004ce6dfa604c,0xac709fcb44a43c35f0da4e3163b117a17f3770f5
0xffa23770f3821e3ef181f5f1567654a9863064a9,0xac709fcb44a43c35f0da4e3163b117a17f3770f5
0x8f3249548698dcf944b72067860dfc222ee46652,0xac709fcb44a43c35f0da4e3163b117a17f3770f5
0x11f5b507cc1a9d8c0172c819e9f2d5273dfc83da,0xac709fcb44a43c35f0da4e3163b117a17f3770f5
0x3c2133c870bbfbbea2f9965ff77ee4875b867d31,0xac709fcb44a43c35f0da4e3163b117a17f3770f5
0xdb6a296c47ee1f1d4c4aedc6063e291b8a6ee452,0xac709fcb44a43c35f0da4e3163b117a17f3770f5
0x45bd76503dcbc8222759cc96421e32f6f67f3bbb,0xac709fcb44a43c35f0da4e3163b117a17f3770f5
0x4181e2e062a5997a9c9a4b59398d082c929218e8,0xac709fcb44a43c35f0da4e3163b117a17f3770f5
0x77cf9a7f0139cdb75d9d005ca20ee7f72c2e2985,0xac709fcb44a43c35f0da4e3163b117a17f3770f5
0xc046b59484843b2af6ca105afd88a3ab60e9b7cd,0xac709fcb44a43c35f0da4e3163b117a17f3770f5
0xd131f6c3957d70a74cb28737528cb609c45ee509,0xac709fcb44a43c35f0da4e3163b117a17f3770f5
0xd131f6c3957d70a74cb28737528cb609c45ee509,0xac709fcb44a43c35f0da4e3163b117a17f3770f5
0xd131f6c3957d70a74cb28737528cb609c45ee509,0xac709fcb44a43c35f0da4e3163b117a17f3770f5
0x64797ba7bf1e19883c4cee5f8e654d5396077655,0xac709fcb44a43c35f0da4e3163b117a17f3770f5
0xf555ea7a85c2cf13db640148e2d4c8a8027e8ef4,0xac709fcb44a43c35f0da4e3163b117a17f3770f5
0x135a87aeab14d2d522987f4c72b7a0080d770ad0,0xac709fcb44a43c35f0da4e3163b117a17f3770f5
0x2632ed942c716534e41351b9c34e6f1f85675159,0xac709fcb44a43c35f0da4e3163b117a17f3770f5
0x6cebfb928f09afea77a627fbc716f446b0d2f667,0xac709fcb44a43c35f0da4e3163b117a17f3770f5
0x178e5f7b4c3419810642b6b28059bf33cc557fec,0xac709fcb44a43c35f0da4e3163b117a17f3770f5
0x3b6ac31e3e113ae11ec861c7e7e9dfeaa922c57a,0xac709fcb44a43c35f0da4e3163b117a17f3770f5
0x3b6ac31e3e113ae11ec861c7e7e9dfeaa922c57a,0xac709fcb44a43c35f0da4e3163b117a17f3770f5
0x3b6ac31e3e113ae11ec861c7e7e9dfeaa922c57a,0xac709fcb44a43c35f0da4e3163b117a17f3770f5
0x50a410f0df4c88fc61f3c5fe2d731cebf47a744e,0xac709fcb44a43c35f0da4e3163b117a17f3770f5
0x3b6ac31e3e113ae11ec861c7e7e9dfeaa922c57a,0xac709fcb44a43c35f0da4e3163b117a17f3770f5
0x50a410f0df4c88fc61f3c5fe2d731cebf47a744e,0xac709fcb44a43c35f0da4e3163b117a17f3770f5
0x50a410f0df4c88fc61f3c5fe2d731cebf47a744e,0xac709fcb44a43c35f0da4e3163b117a17f3770f5
0x50a410f0df4c88fc61f3c5fe2d731cebf47a744e,0xac709fcb44a43c35f0da4e3163b117a17f3770f5
0xcf2099307bf8097de6a4c87ddd4c96b91efc2499,0xac709fcb44a43c35f0da4e3163b117a17f3770f5
0x0d82666c482525dde9e406bfcbc3f21dc88934ec,0xac709fcb44a43c35f0da4e3163b117a17f3770f5
0xec6bc1bc13a3bf935f32281a146d92df66a3db23,0xac709fcb44a43c35f0da4e3163b117a17f3770f5
0x0d82666c482525dde9e406bfcbc3f21dc88934ec,0xac709fcb44a43c35f0da4e3163b117a17f3770f5
0xfccd0d1ecee27addea95f6857aeec8c7a04b28ee,0xac709fcb44a43c35f0da4e3163b117a17f3770f5
0x0d82666c482525dde9e406bfcbc3f21dc88934ec,0xac709fcb44a43c35f0da4e3163b117a17f3770f5
0xec6bc1bc13a3bf935f32281a146d92df66a3db23,0xac709fcb44a43c35f0da4e3163b117a17f3770f5
0xec6bc1bc13a3bf935f32281a146d92df66a3db23,0xac709fcb44a43c35f0da4e3163b117a17f3770f5
0x6521d667abc30502bd1c38c0c023b3ee420a2bec,0xac709fcb44a43c35f0da4e3163b117a17f3770f5
0xe3590467b44df83dc85b5ad9ed156b4e4544b424,0xac709fcb44a43c35f0da4e3163b117a17f3770f5
0x7a06a6caf9c3b1bd7ce298aaa925fae2c2e9349c,0xac709fcb44a43c35f0da4e3163b117a17f3770f5
0x79a50d5ebac7167e5ef8a66639ec92e821c23977,0xac709fcb44a43c35f0da4e3163b117a17f3770f5
0xba3b5d57f06414e4e962e819931b60ff7ed4b6d0,0xac709fcb44a43c35f0da4e3163b117a17f3770f5
0x49d83eebcdad9a6438fcdffe7a18b562eae8601d,0xac709fcb44a43c35f0da4e3163b117a17f3770f5
0x222879ada36d7cac8f141cbaabbcd1d6dde36324,0xac709fcb44a43c35f0da4e3163b117a17f3770f5
0xba3b5d57f06414e4e962e819931b60ff7ed4b6d0,0xac709fcb44a43c35f0da4e3163b117a17f3770f5
0x222879ada36d7cac8f141cbaabbcd1d6dde36324,0xac709fcb44a43c35f0da4e3163b117a17f3770f5
0x354d05134bed8710a06f695e90a1d6c9a790f8bc,0xac709fcb44a43c35f0da4e3163b117a17f3770f5
0xdcfb85533ab2cfb2130b561c281586f174f42ec1,0xac709fcb44a43c35f0da4e3163b117a17f3770f5
0xbc1aa5ac8e750c28d6020c0ae99619e4c02a5f5a,0xac709fcb44a43c35f0da4e3163b117a17f3770f5
0xd5c2d591d1b1cbb71933b4ed60ec3cfdac9b780b,0xac709fcb44a43c35f0da4e3163b117a17f3770f5
0x07f35b7fe735c49fd5051d5a0c2e74c9177fea6d,0xac709fcb44a43c35f0da4e3163b117a17f3770f5
0x68bb23d5fd28a237d0bde15598a01a4e351f569a,0xac709fcb44a43c35f0da4e3163b117a17f3770f5
0x68bb23d5fd28a237d0bde15598a01a4e351f569a,0xac709fcb44a43c35f0da4e3163b117a17f3770f5
0x41e6ecf717d63e6e07f9eb7f43d860cdf44702df,0xac709fcb44a43c35f0da4e3163b117a17f3770f5
0xba540d2842462399c6c0c3a4927fcdaee372759a,0xac709fcb44a43c35f0da4e3163b117a17f3770f5
0x68bb23d5fd28a237d0bde15598a01a4e351f569a,0xac709fcb44a43c35f0da4e3163b117a17f3770f5
0xdcfb85533ab2cfb2130b561c281586f174f42ec1,0xac709fcb44a43c35f0da4e3163b117a17f3770f5
0x1f77fecbc6094fa0cd8a10398f04918d8a4fb47b,0xac709fcb44a43c35f0da4e3163b117a17f3770f5
0xa150fc220473114f1da838296f3004ce6dfa604c,0xac709fcb44a43c35f0da4e3163b117a17f3770f5
0x0d82666c482525dde9e406bfcbc3f21dc88934ec,0xac709fcb44a43c35f0da4e3163b117a17f3770f5
0x38614b5c827e06702e49248eef826dad1dc4442e,0xac709fcb44a43c35f0da4e3163b117a17f3770f5
0xf8c41fce8460a392d22f441835e653d2f9fa8caa,0xac709fcb44a43c35f0da4e3163b117a17f3770f5
0x266d7f36cfc2a4f242f3f49ccea52338f1bd01eb,0xac709fcb44a43c35f0da4e3163b117a17f3770f5
0x5541b4e23e090402cd892e666bc22f94d9e741b2,0xac709fcb44a43c35f0da4e3163b117a17f3770f5
0xda2508cb878931e1c4abdaa9379e806bc4d86474,0xac709fcb44a43c35f0da4e3163b117a17f3770f5
0x3f663ccb52d22fd2f7e9f8c9fb71eb2756ff2003,0xac709fcb44a43c35f0da4e3163b117a17f3770f5
0x3f663ccb52d22fd2f7e9f8c9fb71eb2756ff2003,0xac709fcb44a43c35f0da4e3163b117a17f3770f5
0x63f0f31f0d23b29688fe0e15040516564ec3f38f,0xac709fcb44a43c35f0da4e3163b117a17f3770f5
0x3f663ccb52d22fd2f7e9f8c9fb71eb2756ff2003,0xac709fcb44a43c35f0da4e3163b117a17f3770f5
0x938caae22ea8157c38233346fee0f095116837e3,0xac709fcb44a43c35f0da4e3163b117a17f3770f5
0x3f663ccb52d22fd2f7e9f8c9fb71eb2756ff2003,0xac709fcb44a43c35f0da4e3163b117a17f3770f5
0x938caae22ea8157c38233346fee0f095116837e3,0xac709fcb44a43c35f0da4e3163b117a17f3770f5
0x3f663ccb52d22fd2f7e9f8c9fb71eb2756ff2003,0xac709fcb44a43c35f0da4e3163b117a17f3770f5
0x3f663ccb52d22fd2f7e9f8c9fb71eb2756ff2003,0xac709fcb44a43c35f0da4e3163b117a17f3770f5
0x5541b4e23e090402cd892e666bc22f94d9e741b2,0xac709fcb44a43c35f0da4e3163b117a17f3770f5
0x42ec143aede3e5f6ee11e9a686f5ff20c3dfb9f8,0xac709fcb44a43c35f0da4e3163b117a17f3770f5
0xf458ff63c9c8b63f9f0bf976e22d593e93f98026,0xac709fcb44a43c35f0da4e3163b117a17f3770f5
0x42ec143aede3e5f6ee11e9a686f5ff20c3dfb9f8,0xac709fcb44a43c35f0da4e3163b117a17f3770f5
0x42ec143aede3e5f6ee11e9a686f5ff20c3dfb9f8,0xac709fcb44a43c35f0da4e3163b117a17f3770f5
0x0a2f83de2bd9d9d17ea800a96f0f94c56f4bd293,0xac709fcb44a43c35f0da4e3163b117a17f3770f5
0xd8adcbf20521a968ac6a1c71943e32111c922cce,0xac709fcb44a43c35f0da4e3163b117a17f3770f5
0x66ae2f53c4f5fe6c19d6e277e2692e84157ed61f,0xac709fcb44a43c35f0da4e3163b117a17f3770f5
0xd607e1592e099fe11b99304641053fc058aef2ae,0xac709fcb44a43c35f0da4e3163b117a17f3770f5
0xd6598b1386e93c5ccb9602ff4bbbecdbd3701dc4,0xac709fcb44a43c35f0da4e3163b117a17f3770f5
0x3a71c4de2a1a60b56a32f041d12016fe910beae3,0xac709fcb44a43c35f0da4e3163b117a17f3770f5
0x21069c7b48b91b0cba698e62b56c1e7a834d6378,0xac709fcb44a43c35f0da4e3163b117a17f3770f5
0x42ec143aede3e5f6ee11e9a686f5ff20c3dfb9f8,0xac709fcb44a43c35f0da4e3163b117a17f3770f5
0x3a71c4de2a1a60b56a32f041d12016fe910beae3,0xac709fcb44a43c35f0da4e3163b117a17f3770f5
0xda7f3e05f7a967991fbc1f004a63fca5f1087685,0xac709fcb44a43c35f0da4e3163b117a17f3770f5
0xd4d2a26b6c108a5baef3c6ce443d67073a3b6325,0xac709fcb44a43c35f0da4e3163b117a17f3770f5
0x4277d6b7a701113643ebf53336801906b1956148,0xac709fcb44a43c35f0da4e3163b117a17f3770f5
0x803bf8cb869ecaeb9def3881b06ba2a35c05f5c0,0xac709fcb44a43c35f0da4e3163b117a17f3770f5
0xf458ff63c9c8b63f9f0bf976e22d593e93f98026,0xac709fcb44a43c35f0da4e3163b117a17f3770f5
0x3f8adaa792bec6dc9f10df9da5189886fa761f18,0xac709fcb44a43c35f0da4e3163b117a17f3770f5
0xae634550085440f603bb70f620769fcf72b5ea3b,0xac709fcb44a43c35f0da4e3163b117a17f3770f5
0x0f245210eac8c0799210339e22413f8f7b789005,0xac709fcb44a43c35f0da4e3163b117a17f3770f5
0xfe49575270706a8f1cbf59710030bfd865877556,0xac709fcb44a43c35f0da4e3163b117a17f3770f5
0x0f245210eac8c0799210339e22413f8f7b789005,0xac709fcb44a43c35f0da4e3163b117a17f3770f5
0x83b14f864c53cc3dba45d083d554e0afd74d0b0c,0xac709fcb44a43c35f0da4e3163b117a17f3770f5
0xc6aa5eca1282f8a1e343ed3a70fdae4c517471c0,0xac709fcb44a43c35f0da4e3163b117a17f3770f5
0xc6aa5eca1282f8a1e343ed3a70fdae4c517471c0,0xac709fcb44a43c35f0da4e3163b117a17f3770f5
0xe29611adce7aa2704782efcd68d00f945793b6b9,0xac709fcb44a43c35f0da4e3163b117a17f3770f5
0x695caa49d5419a55b9cc5b229cd15000468fa54a,0xac709fcb44a43c35f0da4e3163b117a17f3770f5
0x6f26af0d69f0ee3f835ab52bae7c604a90bc3dca,0xac709fcb44a43c35f0da4e3163b117a17f3770f5
0x3f663ccb52d22fd2f7e9f8c9fb71eb2756ff2003,0xac709fcb44a43c35f0da4e3163b117a17f3770f5
0x00cf4926382b50db9d823e92f732a3c0005555ca,0xac709fcb44a43c35f0da4e3163b117a17f3770f5
0x00cf4926382b50db9d823e92f732a3c0005555ca,0xac709fcb44a43c35f0da4e3163b117a17f3770f5
0xf15d451ed3d915596bf7277fd2fea5e84823dc8a,0xac709fcb44a43c35f0da4e3163b117a17f3770f5
0xf15d451ed3d915596bf7277fd2fea5e84823dc8a,0xac709fcb44a43c35f0da4e3163b117a17f3770f5
0x62fded8f2298aa35f73cb4dd128841385a3db2fc,0xac709fcb44a43c35f0da4e3163b117a17f3770f5
0x4b983158c0236ee07a94d0d96fdba210c33859f8,0xac709fcb44a43c35f0da4e3163b117a17f3770f5
0x39115093b9eee6d89b1dae10faa423b15bad93a8,0xac709fcb44a43c35f0da4e3163b117a17f3770f5
0x39115093b9eee6d89b1dae10faa423b15bad93a8,0xac709fcb44a43c35f0da4e3163b117a17f3770f5
0xb361e995bfbf03ef9dc906df1c01d7c4d9856b61,0xac709fcb44a43c35f0da4e3163b117a17f3770f5
0x8ee59e31154466bd1d6f421d36bda8764df28205,0xac709fcb44a43c35f0da4e3163b117a17f3770f5
0x8ee59e31154466bd1d6f421d36bda8764df28205,0xac709fcb44a43c35f0da4e3163b117a17f3770f5
0x53d8a837d12c1c47743b567595cb627f6319954d,0xac709fcb44a43c35f0da4e3163b117a17f3770f5
0xc44e0d0b9a8899e294df8c807826d508de20940b,0xac709fcb44a43c35f0da4e3163b117a17f3770f5
0xc34f1ce626236ddde831057c0bd8686cdc9d8068,0xac709fcb44a43c35f0da4e3163b117a17f3770f5
0x9441c66cc10b44df2bea4fad860b75b71a6279d4,0xac709fcb44a43c35f0da4e3163b117a17f3770f5
0xceb5522e21a8bf7139596b0a5627d71c9f008275,0xac709fcb44a43c35f0da4e3163b117a17f3770f5
0x4006ecd8e7848d44182b9a327e2612b8ec24d53a,0xac709fcb44a43c35f0da4e3163b117a17f3770f5
0xd2cdf62e9a0d87544dece30fbf9e4ddd33b8a071,0xac709fcb44a43c35f0da4e3163b117a17f3770f5
0x66ae2f53c4f5fe6c19d6e277e2692e84157ed61f,0xac709fcb44a43c35f0da4e3163b117a17f3770f5
0xfe49575270706a8f1cbf59710030bfd865877556,0xac709fcb44a43c35f0da4e3163b117a17f3770f5
0xff723447d3a4da1bc4bfd6ee7ee112dc6bf1dd08,0xac709fcb44a43c35f0da4e3163b117a17f3770f5
0xff723447d3a4da1bc4bfd6ee7ee112dc6bf1dd08,0xac709fcb44a43c35f0da4e3163b117a17f3770f5
0xcf4f57730e8e7e1346f67209a2a6401e7067f0cf,0xac709fcb44a43c35f0da4e3163b117a17f3770f5
0x530f07840e9956c8d760ae61c3665f7190293348,0xac709fcb44a43c35f0da4e3163b117a17f3770f5
0xb997cc2b941c0ae0c3dd793d70563a15b0c305e5,0xac709fcb44a43c35f0da4e3163b117a17f3770f5
0xe3945436d002cfe0b22d65ac1ce2e4711f6eb24e,0xac709fcb44a43c35f0da4e3163b117a17f3770f5
0x0357d3e0a6268db4f42b05d47892c87cc9fab9b6,0xac709fcb44a43c35f0da4e3163b117a17f3770f5
0x4006ecd8e7848d44182b9a327e2612b8ec24d53a,0xac709fcb44a43c35f0da4e3163b117a17f3770f5
0x1544b19e601e35d7e1fb025fa322c432de738bf5,0xac709fcb44a43c35f0da4e3163b117a17f3770f5
0x4006ecd8e7848d44182b9a327e2612b8ec24d53a,0xac709fcb44a43c35f0da4e3163b117a17f3770f5
0x4006ecd8e7848d44182b9a327e2612b8ec24d53a,0xac709fcb44a43c35f0da4e3163b117a17f3770f5
0x74ad6ea42b1d3c1baba1c3c17d589865461769c8,0xac709fcb44a43c35f0da4e3163b117a17f3770f5
0x222879ada36d7cac8f141cbaabbcd1d6dde36324,0xac709fcb44a43c35f0da4e3163b117a17f3770f5
0x222879ada36d7cac8f141cbaabbcd1d6dde36324,0xac709fcb44a43c35f0da4e3163b117a17f3770f5
0x4bbac3ccfb06db3653b6cd8f12cb23287ec29080,0xac709fcb44a43c35f0da4e3163b117a17f3770f5
0x74ad6ea42b1d3c1baba1c3c17d589865461769c8,0xac709fcb44a43c35f0da4e3163b117a17f3770f5
0x74ad6ea42b1d3c1baba1c3c17d589865461769c8,0xac709fcb44a43c35f0da4e3163b117a17f3770f5
0xb4df97ebe9ad295053eec2250d91335c5c70c85d,0xac709fcb44a43c35f0da4e3163b117a17f3770f5
0x938caae22ea8157c38233346fee0f095116837e3,0xac709fcb44a43c35f0da4e3163b117a17f3770f5
0x264dd5b3e9978f6a619fe1ae32ebf4de35a004e4,0xac709fcb44a43c35f0da4e3163b117a17f3770f5
0x264dd5b3e9978f6a619fe1ae32ebf4de35a004e4,0xac709fcb44a43c35f0da4e3163b117a17f3770f5
0xc046b59484843b2af6ca105afd88a3ab60e9b7cd,0xac709fcb44a43c35f0da4e3163b117a17f3770f5
0xf574e1b6256ad911f0427c78408fc38bcbd6c35f,0xac709fcb44a43c35f0da4e3163b117a17f3770f5
0x4780cf4f4e4e2bd8d2a6e81902f56513eb7b21ee,0xac709fcb44a43c35f0da4e3163b117a17f3770f5
0x2deb94af42a11eac9d8c5381b1ea03c6c8b5c9fa,0xac709fcb44a43c35f0da4e3163b117a17f3770f5
0xff723447d3a4da1bc4bfd6ee7ee112dc6bf1dd08,0xac709fcb44a43c35f0da4e3163b117a17f3770f5
0x94c5997de57a6c7e8ba94c88e4bfbf9c5af7ff33,0xac709fcb44a43c35f0da4e3163b117a17f3770f5
0x66ae2f53c4f5fe6c19d6e277e2692e84157ed61f,0xac709fcb44a43c35f0da4e3163b117a17f3770f5
0xdbb271c0b6e4fc9d96233646ea33bf860e739d1a,0xac709fcb44a43c35f0da4e3163b117a17f3770f5
0xc6aa5eca1282f8a1e343ed3a70fdae4c517471c0,0xac709fcb44a43c35f0da4e3163b117a17f3770f5
0xc6aa5eca1282f8a1e343ed3a70fdae4c517471c0,0xac709fcb44a43c35f0da4e3163b117a17f3770f5
0xf07178dc185396334c060542289b2e796c653726,0xac709fcb44a43c35f0da4e3163b117a17f3770f5
0x135a87aeab14d2d522987f4c72b7a0080d770ad0,0xac709fcb44a43c35f0da4e3163b117a17f3770f5
0x46a96d603ec2ac6d75fa8824be3197fa8ebce37b,0xac709fcb44a43c35f0da4e3163b117a17f3770f5
0x135a87aeab14d2d522987f4c72b7a0080d770ad0,0xac709fcb44a43c35f0da4e3163b117a17f3770f5
0x46a96d603ec2ac6d75fa8824be3197fa8ebce37b,0xac709fcb44a43c35f0da4e3163b117a17f3770f5
0xd2cdf62e9a0d87544dece30fbf9e4ddd33b8a071,0xac709fcb44a43c35f0da4e3163b117a17f3770f5
0x01041cd66afd1e5ebd22873971c03f26217ce294,0xac709fcb44a43c35f0da4e3163b117a17f3770f5
0xbf0e4c30b6046122550c714fec6044ec4f89c871,0xac709fcb44a43c35f0da4e3163b117a17f3770f5
0x66ae2f53c4f5fe6c19d6e277e2692e84157ed61f,0xac709fcb44a43c35f0da4e3163b117a17f3770f5
0x981dd3c395aac89abb787de38c1e7bc3f34a0bce,0xac709fcb44a43c35f0da4e3163b117a17f3770f5
0x07a2ce2fd0b881fc846fec4f4840a4372f8a6eb7,0xac709fcb44a43c35f0da4e3163b117a17f3770f5
0x07a2ce2fd0b881fc846fec4f4840a4372f8a6eb7,0xac709fcb44a43c35f0da4e3163b117a17f3770f5
0x4b983158c0236ee07a94d0d96fdba210c33859f8,0xac709fcb44a43c35f0da4e3163b117a17f3770f5
0x96138dffa3f98796a7988bc63bbc0236478ad389,0xac709fcb44a43c35f0da4e3163b117a17f3770f5
0xb3acbb92e871a2e6dc192fa214eb166a30c34ea3,0xac709fcb44a43c35f0da4e3163b117a17f3770f5
0xe3549deffd42061f2c56d3ac6eb1a2d39fc36312,0xac709fcb44a43c35f0da4e3163b117a17f3770f5
0x9df6c4ab3b5750828cdfdc5edc3355c6dd0d3767,0xac709fcb44a43c35f0da4e3163b117a17f3770f5
0xfc9c98f09fc93b09050c0f3fd28d22cdaa00d33c,0xac709fcb44a43c35f0da4e3163b117a17f3770f5
0xfc9c98f09fc93b09050c0f3fd28d22cdaa00d33c,0xac709fcb44a43c35f0da4e3163b117a17f3770f5
0xf15d451ed3d915596bf7277fd2fea5e84823dc8a,0xac709fcb44a43c35f0da4e3163b117a17f3770f5
0x135a87aeab14d2d522987f4c72b7a0080d770ad0,0xac709fcb44a43c35f0da4e3163b117a17f3770f5
0x135a87aeab14d2d522987f4c72b7a0080d770ad0,0xac709fcb44a43c35f0da4e3163b117a17f3770f5
0x4b983158c0236ee07a94d0d96fdba210c33859f8,0xac709fcb44a43c35f0da4e3163b117a17f3770f5
0xfe49575270706a8f1cbf59710030bfd865877556,0xac709fcb44a43c35f0da4e3163b117a17f3770f5
0xdbb271c0b6e4fc9d96233646ea33bf860e739d1a,0xac709fcb44a43c35f0da4e3163b117a17f3770f5
0x8644cc281be332ccced36da483fb2a0746d9ba2e,0xac709fcb44a43c35f0da4e3163b117a17f3770f5
0x6521d667abc30502bd1c38c0c023b3ee420a2bec,0xac709fcb44a43c35f0da4e3163b117a17f3770f5
0xf2d59a8ef1d3e5db15d26928079b7ccc9467f885,0xac709fcb44a43c35f0da4e3163b117a17f3770f5
0xf2d59a8ef1d3e5db15d26928079b7ccc9467f885,0xac709fcb44a43c35f0da4e3163b117a17f3770f5
0x8644cc281be332ccced36da483fb2a0746d9ba2e,0xac709fcb44a43c35f0da4e3163b117a17f3770f5
0x8644cc281be332ccced36da483fb2a0746d9ba2e,0xac709fcb44a43c35f0da4e3163b117a17f3770f5
0x8644cc281be332ccced36da483fb2a0746d9ba2e,0xac709fcb44a43c35f0da4e3163b117a17f3770f5
0x0073ebaa408f7483817b99f482796b5633d5e4f8,0xac709fcb44a43c35f0da4e3163b117a17f3770f5
0x1f77fecbc6094fa0cd8a10398f04918d8a4fb47b,0xac709fcb44a43c35f0da4e3163b117a17f3770f5
0xec2a5ed67cab02685dea1d5e120936c5ee89b280,0xac709fcb44a43c35f0da4e3163b117a17f3770f5
0x222879ada36d7cac8f141cbaabbcd1d6dde36324,0xac709fcb44a43c35f0da4e3163b117a17f3770f5
0x622dc8320851c669e831e156013c9869dc8a7b66,0xac709fcb44a43c35f0da4e3163b117a17f3770f5
0xbc1aa5ac8e750c28d6020c0ae99619e4c02a5f5a,0xac709fcb44a43c35f0da4e3163b117a17f3770f5
0xf9a430b87acea8b10abb9ed49aaddd2005d118f0,0xac709fcb44a43c35f0da4e3163b117a17f3770f5
0x9df6c4ab3b5750828cdfdc5edc3355c6dd0d3767,0xac709fcb44a43c35f0da4e3163b117a17f3770f5
0x9df6c4ab3b5750828cdfdc5edc3355c6dd0d3767,0xac709fcb44a43c35f0da4e3163b117a17f3770f5
0x8ee59e31154466bd1d6f421d36bda8764df28205,0xac709fcb44a43c35f0da4e3163b117a17f3770f5
0xec021059de92dda4ec4763974fdcdb091917534c,0xac709fcb44a43c35f0da4e3163b117a17f3770f5
0x57cbe5abda3facace1406f7c8beeb7d8a54a9432,0xac709fcb44a43c35f0da4e3163b117a17f3770f5
0x57cbe5abda3facace1406f7c8beeb7d8a54a9432,0xac709fcb44a43c35f0da4e3163b117a17f3770f5
0x75b26907e09d6d35d4ec53bc04ec8d32b0a5b891,0xac709fcb44a43c35f0da4e3163b117a17f3770f5
0x75b26907e09d6d35d4ec53bc04ec8d32b0a5b891,0xac709fcb44a43c35f0da4e3163b117a17f3770f5
0x75b26907e09d6d35d4ec53bc04ec8d32b0a5b891,0xac709fcb44a43c35f0da4e3163b117a17f3770f5
0x75b26907e09d6d35d4ec53bc04ec8d32b0a5b891,0xac709fcb44a43c35f0da4e3163b117a17f3770f5
0x75b26907e09d6d35d4ec53bc04ec8d32b0a5b891,0xac709fcb44a43c35f0da4e3163b117a17f3770f5
0x75b26907e09d6d35d4ec53bc04ec8d32b0a5b891,0xac709fcb44a43c35f0da4e3163b117a17f3770f5
0x75b26907e09d6d35d4ec53bc04ec8d32b0a5b891,0xac709fcb44a43c35f0da4e3163b117a17f3770f5
0x75b26907e09d6d35d4ec53bc04ec8d32b0a5b891,0xac709fcb44a43c35f0da4e3163b117a17f3770f5
0x75b26907e09d6d35d4ec53bc04ec8d32b0a5b891,0xac709fcb44a43c35f0da4e3163b117a17f3770f5
0x75b26907e09d6d35d4ec53bc04ec8d32b0a5b891,0xac709fcb44a43c35f0da4e3163b117a17f3770f5
0x75b26907e09d6d35d4ec53bc04ec8d32b0a5b891,0xac709fcb44a43c35f0da4e3163b117a17f3770f5
0x7ae32a27653e7473f25eefc65c113bd7cd753bb8,0xac709fcb44a43c35f0da4e3163b117a17f3770f5
0xac14f97ff58ab50bb5d8d2d9dda87799801a0be4,0xac709fcb44a43c35f0da4e3163b117a17f3770f5
0xac14f97ff58ab50bb5d8d2d9dda87799801a0be4,0xac709fcb44a43c35f0da4e3163b117a17f3770f5
0x006bf8fffa0e1b3cd01aa319634c7c5d5aee2390,0xac709fcb44a43c35f0da4e3163b117a17f3770f5
0x1ec72faf3e7d0a4d4a140c6ede27594dd4eb78e4,0xac709fcb44a43c35f0da4e3163b117a17f3770f5
0x3f663ccb52d22fd2f7e9f8c9fb71eb2756ff2003,0xac709fcb44a43c35f0da4e3163b117a17f3770f5
0xac14f97ff58ab50bb5d8d2d9dda87799801a0be4,0xac709fcb44a43c35f0da4e3163b117a17f3770f5
0x75b26907e09d6d35d4ec53bc04ec8d32b0a5b891,0xac709fcb44a43c35f0da4e3163b117a17f3770f5
0x45dd191acbb29fe07b8821284529762444115b73,0xac709fcb44a43c35f0da4e3163b117a17f3770f5
0x796407d9a4f9810d05c528ae589dfa32d681cd34,0xac709fcb44a43c35f0da4e3163b117a17f3770f5
0x0357d3e0a6268db4f42b05d47892c87cc9fab9b6,0xac709fcb44a43c35f0da4e3163b117a17f3770f5
0x1ec72faf3e7d0a4d4a140c6ede27594dd4eb78e4,0xac709fcb44a43c35f0da4e3163b117a17f3770f5
0x0357d3e0a6268db4f42b05d47892c87cc9fab9b6,0xac709fcb44a43c35f0da4e3163b117a17f3770f5
0xfb2f3cb5bc36d3cd7aa8df2ad9638dfe25d4780a,0xac709fcb44a43c35f0da4e3163b117a17f3770f5
0x0357d3e0a6268db4f42b05d47892c87cc9fab9b6,0xac709fcb44a43c35f0da4e3163b117a17f3770f5
0x5967006b6b77cfa6ae9f55aa9d931e664f62a131,0xac709fcb44a43c35f0da4e3163b117a17f3770f5
0x0357d3e0a6268db4f42b05d47892c87cc9fab9b6,0xac709fcb44a43c35f0da4e3163b117a17f3770f5
0xf6291bd350834293f8df9bb28d3f07e7fda5db1a,0xac709fcb44a43c35f0da4e3163b117a17f3770f5
0xd441bf835d88d111d7d477c495be2b15e405244f,0xac709fcb44a43c35f0da4e3163b117a17f3770f5
0x649a4bf65259648c96818197894f5adf954eb42b,0xac709fcb44a43c35f0da4e3163b117a17f3770f5
0x3f663ccb52d22fd2f7e9f8c9fb71eb2756ff2003,0xac709fcb44a43c35f0da4e3163b117a17f3770f5
0x66ae2f53c4f5fe6c19d6e277e2692e84157ed61f,0xac709fcb44a43c35f0da4e3163b117a17f3770f5
0xcb9cf51a1b2dbaa652daf614555effc755dd4487,0xac709fcb44a43c35f0da4e3163b117a17f3770f5
0x2c9205f904d09641e0b34b241845a0fd5ca9f3e7,0xac709fcb44a43c35f0da4e3163b117a17f3770f5
0x7ca130cc7456de7a8b496f11058c3c7e82a2d5dd,0xac709fcb44a43c35f0da4e3163b117a17f3770f5
0x6117309a7205445d43c75de4fb1dba404ca7a4c8,0xac709fcb44a43c35f0da4e3163b117a17f3770f5
0x3fb0487879b92d7196dcc2261cb2256692bbb30b,0xac709fcb44a43c35f0da4e3163b117a17f3770f5
0x82d18af4185732212996162c9bc3e6c61fbd3376,0xac709fcb44a43c35f0da4e3163b117a17f3770f5
0xc4be38fc0b3c72d6a58cdf144d7f065dbb5a328c,0xac709fcb44a43c35f0da4e3163b117a17f3770f5
0x3fb0487879b92d7196dcc2261cb2256692bbb30b,0xac709fcb44a43c35f0da4e3163b117a17f3770f5
0xc4be38fc0b3c72d6a58cdf144d7f065dbb5a328c,0xac709fcb44a43c35f0da4e3163b117a17f3770f5
0xe3945436d002cfe0b22d65ac1ce2e4711f6eb24e,0xac709fcb44a43c35f0da4e3163b117a17f3770f5
0x1544b19e601e35d7e1fb025fa322c432de738bf5,0xac709fcb44a43c35f0da4e3163b117a17f3770f5
0x1544b19e601e35d7e1fb025fa322c432de738bf5,0xac709fcb44a43c35f0da4e3163b117a17f3770f5
0xe3945436d002cfe0b22d65ac1ce2e4711f6eb24e,0xac709fcb44a43c35f0da4e3163b117a17f3770f5
0x988325e39fc6e46dece8efd2bc52ffabeefdf170,0xac709fcb44a43c35f0da4e3163b117a17f3770f5
0xe25e3a1947405a1f82dd8e3048a9ca471dc782e1,0xac709fcb44a43c35f0da4e3163b117a17f3770f5
0xe8af9a3a949503129c01d0e5fa8c400987609531,0xac709fcb44a43c35f0da4e3163b117a17f3770f5
0x81279778c54c4bc5c5a7bc57c6bbe66cdd915e2a,0xac709fcb44a43c35f0da4e3163b117a17f3770f5
0x7962d008403c2ae934a46e197969b0f7cad283b9,0xac709fcb44a43c35f0da4e3163b117a17f3770f5
0xb0409fae49b4a3f13e89770e96a8ed9e5dc2f89f,0xac709fcb44a43c35f0da4e3163b117a17f3770f5
0xadb7dd6447dae7d32c2e5e7282d6d04e584ff8a3,0xac709fcb44a43c35f0da4e3163b117a17f3770f5
0x30995fab2a1388421ec88e2589fc7a0970ac6236,0xac709fcb44a43c35f0da4e3163b117a17f3770f5
0xc8ca2f64c6e2978780b7170054e4f83562d46e6c,0xac709fcb44a43c35f0da4e3163b117a17f3770f5
0xedaff21eb21b7c06a6dd7fd001bddc8c46677d63,0xac709fcb44a43c35f0da4e3163b117a17f3770f5
0x20a664ea947efacdbedf03308d0218a472bc4b17,0xac709fcb44a43c35f0da4e3163b117a17f3770f5
0x956252387d554d046ac80ca949fdd14ad10c4e8b,0xac709fcb44a43c35f0da4e3163b117a17f3770f5
0xd73c60e3718ad5a4ab7db7463302d0bf2ebab6af,0xac709fcb44a43c35f0da4e3163b117a17f3770f5
0x9cdb81b9685716dffdd16c85520b1e7bcb3a0c97,0xac709fcb44a43c35f0da4e3163b117a17f3770f5
0x8ee59e31154466bd1d6f421d36bda8764df28205,0xac709fcb44a43c35f0da4e3163b117a17f3770f5
0x89da3c9a241f5cb3c7799d9a6cb870a1e81feba6,0xac709fcb44a43c35f0da4e3163b117a17f3770f5
0xe2e2f0689a6cc9882d35b7cd2d549369d2d49005,0xac709fcb44a43c35f0da4e3163b117a17f3770f5
0xe2e2f0689a6cc9882d35b7cd2d549369d2d49005,0xac709fcb44a43c35f0da4e3163b117a17f3770f5
0xd65653065088e7527061ef4aabd131b86af6e2df,0xac709fcb44a43c35f0da4e3163b117a17f3770f5
0xd65653065088e7527061ef4aabd131b86af6e2df,0xac709fcb44a43c35f0da4e3163b117a17f3770f5
0xbc1bc417c7481de57f01a24d844fa05a20cf6b24,0xac709fcb44a43c35f0da4e3163b117a17f3770f5
0x956252387d554d046ac80ca949fdd14ad10c4e8b,0xac709fcb44a43c35f0da4e3163b117a17f3770f5
0x0bb8c4d046614b5e015985a450f2e063e6203b74,0xac709fcb44a43c35f0da4e3163b117a17f3770f5
0x2ac5c5456b9bd07e99c564f635a9c9852b9008b2,0xac709fcb44a43c35f0da4e3163b117a17f3770f5
0x9a1fc172217feb426268524d85ee23d078347bfb,0xac709fcb44a43c35f0da4e3163b117a17f3770f5
0xe7e9be237bc2a40bb80f2c16d659c0473189dfdb,0xac709fcb44a43c35f0da4e3163b117a17f3770f5
0xe7e9be237bc2a40bb80f2c16d659c0473189dfdb,0xac709fcb44a43c35f0da4e3163b117a17f3770f5
0xe7e9be237bc2a40bb80f2c16d659c0473189dfdb,0xac709fcb44a43c35f0da4e3163b117a17f3770f5
0xe7e9be237bc2a40bb80f2c16d659c0473189dfdb,0xac709fcb44a43c35f0da4e3163b117a17f3770f5
0xe7e9be237bc2a40bb80f2c16d659c0473189dfdb,0xac709fcb44a43c35f0da4e3163b117a17f3770f5
0xe7e9be237bc2a40bb80f2c16d659c0473189dfdb,0xac709fcb44a43c35f0da4e3163b117a17f3770f5
0xe7e9be237bc2a40bb80f2c16d659c0473189dfdb,0xac709fcb44a43c35f0da4e3163b117a17f3770f5
0x222879ada36d7cac8f141cbaabbcd1d6dde36324,0xac709fcb44a43c35f0da4e3163b117a17f3770f5
0x38614b5c827e06702e49248eef826dad1dc4442e,0xac709fcb44a43c35f0da4e3163b117a17f3770f5
0x850ae574e5176eb4d1bf12a41075db36022dd4c9,0xac709fcb44a43c35f0da4e3163b117a17f3770f5
0x850ae574e5176eb4d1bf12a41075db36022dd4c9,0xac709fcb44a43c35f0da4e3163b117a17f3770f5
