0x416352514fcdc8373029780719b6680ac87b40d8,0xaf30d2a7e90d7dc361c8c4585e9bb7d2f6f15bc7
0x416352514fcdc8373029780719b6680ac87b40d8,0xaf30d2a7e90d7dc361c8c4585e9bb7d2f6f15bc7
0x416352514fcdc8373029780719b6680ac87b40d8,0xaf30d2a7e90d7dc361c8c4585e9bb7d2f6f15bc7
0x416352514fcdc8373029780719b6680ac87b40d8,0xaf30d2a7e90d7dc361c8c4585e9bb7d2f6f15bc7
0x86b891e1a998537d7abbf4ef98bf05854a2da00b,0xaf30d2a7e90d7dc361c8c4585e9bb7d2f6f15bc7
0xca6ab2e6778aef3daff16c0b8338a880e2ce64fc,0xaf30d2a7e90d7dc361c8c4585e9bb7d2f6f15bc7
0x73a263a946c6d8f11a83e09f7816d4cad749941e,0xaf30d2a7e90d7dc361c8c4585e9bb7d2f6f15bc7
0x2632ed942c716534e41351b9c34e6f1f85675159,0xaf30d2a7e90d7dc361c8c4585e9bb7d2f6f15bc7
0xecfffd759275dacf003ba44ee8fd3db4862618b9,0xaf30d2a7e90d7dc361c8c4585e9bb7d2f6f15bc7
0xcef5e5a4763a5eef2f1eb5b3a38858dc5bf18fb4,0xaf30d2a7e90d7dc361c8c4585e9bb7d2f6f15bc7
0xcef5e5a4763a5eef2f1eb5b3a38858dc5bf18fb4,0xaf30d2a7e90d7dc361c8c4585e9bb7d2f6f15bc7
0xcef5e5a4763a5eef2f1eb5b3a38858dc5bf18fb4,0xaf30d2a7e90d7dc361c8c4585e9bb7d2f6f15bc7
0x8b3194e7f2c50ac6ee659ab3383ded9e38fe0aa2,0xaf30d2a7e90d7dc361c8c4585e9bb7d2f6f15bc7
0x9c99fa2e7d29092b8cb586209125441dcf018672,0xaf30d2a7e90d7dc361c8c4585e9bb7d2f6f15bc7
0xe8b0109e7c758645af9c5ecef9622d647d6fe21d,0xaf30d2a7e90d7dc361c8c4585e9bb7d2f6f15bc7
0x4bf4479799ef82eea20943374f56a1bf54001e5e,0xaf30d2a7e90d7dc361c8c4585e9bb7d2f6f15bc7
0x4e917ca5f17740d3bfebbf36f41fdf0f70492a9f,0xaf30d2a7e90d7dc361c8c4585e9bb7d2f6f15bc7
0x4e917ca5f17740d3bfebbf36f41fdf0f70492a9f,0xaf30d2a7e90d7dc361c8c4585e9bb7d2f6f15bc7
0xe8b0109e7c758645af9c5ecef9622d647d6fe21d,0xaf30d2a7e90d7dc361c8c4585e9bb7d2f6f15bc7
0xe8b0109e7c758645af9c5ecef9622d647d6fe21d,0xaf30d2a7e90d7dc361c8c4585e9bb7d2f6f15bc7
0x67d6ea277db68043abefe2f4e959cba98e1edc5a,0xaf30d2a7e90d7dc361c8c4585e9bb7d2f6f15bc7
0xd131f6c3957d70a74cb28737528cb609c45ee509,0xaf30d2a7e90d7dc361c8c4585e9bb7d2f6f15bc7
0x3cce71cba64fc0a7ed9666c76eec536932437570,0xaf30d2a7e90d7dc361c8c4585e9bb7d2f6f15bc7
0xb1f8b685fc4870e3dd7599b20e88ce4b8a09dfb5,0xaf30d2a7e90d7dc361c8c4585e9bb7d2f6f15bc7
0x5b9285b10f0dc21276a9f236b0631c3011f4a706,0xaf30d2a7e90d7dc361c8c4585e9bb7d2f6f15bc7
0x5edfe578ff52222da5d81f2fa72e085062a23538,0xaf30d2a7e90d7dc361c8c4585e9bb7d2f6f15bc7
0x2c6dc25b5243447b3f6fc8f3205ddd0545218145,0xaf30d2a7e90d7dc361c8c4585e9bb7d2f6f15bc7
0x7d72982216fe33d9f8690522da33d7453bdfe865,0xaf30d2a7e90d7dc361c8c4585e9bb7d2f6f15bc7
0x59795fccfbe2f166651c6b73d10a7a1522a0ed89,0xaf30d2a7e90d7dc361c8c4585e9bb7d2f6f15bc7
0xb1c7bc99221e12572d480aefdd770fe121896d62,0xaf30d2a7e90d7dc361c8c4585e9bb7d2f6f15bc7
0x2c6dc25b5243447b3f6fc8f3205ddd0545218145,0xaf30d2a7e90d7dc361c8c4585e9bb7d2f6f15bc7
0x32be343b94f860124dc4fee278fdcbd38c102d88,0xaf30d2a7e90d7dc361c8c4585e9bb7d2f6f15bc7
0xc9a466cf316bff886618e8ee2aa189e4516a32f2,0xaf30d2a7e90d7dc361c8c4585e9bb7d2f6f15bc7
0x2cf42826f74c9b38da40bbafee1aa34d620bd089,0xaf30d2a7e90d7dc361c8c4585e9bb7d2f6f15bc7
0x1a6356988aad30722a9b020146e73d9c990fed2a,0xaf30d2a7e90d7dc361c8c4585e9bb7d2f6f15bc7
0xe84bf97693f01c3bd5a742a9c5bf1a564b55494d,0xaf30d2a7e90d7dc361c8c4585e9bb7d2f6f15bc7
0xe84bf97693f01c3bd5a742a9c5bf1a564b55494d,0xaf30d2a7e90d7dc361c8c4585e9bb7d2f6f15bc7
0x3b015942a9f81a04111b8828e1335e3a78ede5a7,0xaf30d2a7e90d7dc361c8c4585e9bb7d2f6f15bc7
0xd95df826fc3ea014f404a1368a254e23d29d99c8,0xaf30d2a7e90d7dc361c8c4585e9bb7d2f6f15bc7
0x8b3194e7f2c50ac6ee659ab3383ded9e38fe0aa2,0xaf30d2a7e90d7dc361c8c4585e9bb7d2f6f15bc7
0x93baae123ca2f2dc25e651cda868bbe435b572a7,0xaf30d2a7e90d7dc361c8c4585e9bb7d2f6f15bc7
0xca6ab2e6778aef3daff16c0b8338a880e2ce64fc,0xaf30d2a7e90d7dc361c8c4585e9bb7d2f6f15bc7
0x2cf42826f74c9b38da40bbafee1aa34d620bd089,0xaf30d2a7e90d7dc361c8c4585e9bb7d2f6f15bc7
0x7bd6b52d20115d2f0161e74fe1f0d10d7233a239,0xaf30d2a7e90d7dc361c8c4585e9bb7d2f6f15bc7
0xc8de861bdd1a539bb24bfbc542f86a3f9c2a3f36,0xaf30d2a7e90d7dc361c8c4585e9bb7d2f6f15bc7
0x2cf42826f74c9b38da40bbafee1aa34d620bd089,0xaf30d2a7e90d7dc361c8c4585e9bb7d2f6f15bc7
0x32be343b94f860124dc4fee278fdcbd38c102d88,0xaf30d2a7e90d7dc361c8c4585e9bb7d2f6f15bc7
0x61716a55cb06b10370ecc893a2e9df7dac7441ec,0xaf30d2a7e90d7dc361c8c4585e9bb7d2f6f15bc7
0xca6ab2e6778aef3daff16c0b8338a880e2ce64fc,0xaf30d2a7e90d7dc361c8c4585e9bb7d2f6f15bc7
0x61716a55cb06b10370ecc893a2e9df7dac7441ec,0xaf30d2a7e90d7dc361c8c4585e9bb7d2f6f15bc7
0x61716a55cb06b10370ecc893a2e9df7dac7441ec,0xaf30d2a7e90d7dc361c8c4585e9bb7d2f6f15bc7
0xa6e2e910515e6cf485462eeb6e454df33c60cb0e,0xaf30d2a7e90d7dc361c8c4585e9bb7d2f6f15bc7
0xca6ab2e6778aef3daff16c0b8338a880e2ce64fc,0xaf30d2a7e90d7dc361c8c4585e9bb7d2f6f15bc7
0xca6ab2e6778aef3daff16c0b8338a880e2ce64fc,0xaf30d2a7e90d7dc361c8c4585e9bb7d2f6f15bc7
0xa6e2e910515e6cf485462eeb6e454df33c60cb0e,0xaf30d2a7e90d7dc361c8c4585e9bb7d2f6f15bc7
0xa6e2e910515e6cf485462eeb6e454df33c60cb0e,0xaf30d2a7e90d7dc361c8c4585e9bb7d2f6f15bc7
0x3538f5cad6c92bbb5ca08f22a54df7c162e62e6a,0xaf30d2a7e90d7dc361c8c4585e9bb7d2f6f15bc7
0x3538f5cad6c92bbb5ca08f22a54df7c162e62e6a,0xaf30d2a7e90d7dc361c8c4585e9bb7d2f6f15bc7
0xa6e2e910515e6cf485462eeb6e454df33c60cb0e,0xaf30d2a7e90d7dc361c8c4585e9bb7d2f6f15bc7
0x7bd6b52d20115d2f0161e74fe1f0d10d7233a239,0xaf30d2a7e90d7dc361c8c4585e9bb7d2f6f15bc7
0x7bd6b52d20115d2f0161e74fe1f0d10d7233a239,0xaf30d2a7e90d7dc361c8c4585e9bb7d2f6f15bc7
0xb14a69f07852fac3a30c49a288c11b84fc739b3a,0xaf30d2a7e90d7dc361c8c4585e9bb7d2f6f15bc7
0xb14a69f07852fac3a30c49a288c11b84fc739b3a,0xaf30d2a7e90d7dc361c8c4585e9bb7d2f6f15bc7
0xe904f20b2b07e59118b6ca7936c23df5e2e847f4,0xaf30d2a7e90d7dc361c8c4585e9bb7d2f6f15bc7
0x93baae123ca2f2dc25e651cda868bbe435b572a7,0xaf30d2a7e90d7dc361c8c4585e9bb7d2f6f15bc7
0x93baae123ca2f2dc25e651cda868bbe435b572a7,0xaf30d2a7e90d7dc361c8c4585e9bb7d2f6f15bc7
0x93baae123ca2f2dc25e651cda868bbe435b572a7,0xaf30d2a7e90d7dc361c8c4585e9bb7d2f6f15bc7
0x93baae123ca2f2dc25e651cda868bbe435b572a7,0xaf30d2a7e90d7dc361c8c4585e9bb7d2f6f15bc7
0xe904f20b2b07e59118b6ca7936c23df5e2e847f4,0xaf30d2a7e90d7dc361c8c4585e9bb7d2f6f15bc7
0xe904f20b2b07e59118b6ca7936c23df5e2e847f4,0xaf30d2a7e90d7dc361c8c4585e9bb7d2f6f15bc7
0xe904f20b2b07e59118b6ca7936c23df5e2e847f4,0xaf30d2a7e90d7dc361c8c4585e9bb7d2f6f15bc7
0xe84bf97693f01c3bd5a742a9c5bf1a564b55494d,0xaf30d2a7e90d7dc361c8c4585e9bb7d2f6f15bc7
0xe84bf97693f01c3bd5a742a9c5bf1a564b55494d,0xaf30d2a7e90d7dc361c8c4585e9bb7d2f6f15bc7
0xe904f20b2b07e59118b6ca7936c23df5e2e847f4,0xaf30d2a7e90d7dc361c8c4585e9bb7d2f6f15bc7
0x2c7fce782f65e09676e7eed6db62313dc8a8d890,0xaf30d2a7e90d7dc361c8c4585e9bb7d2f6f15bc7
0x2c7fce782f65e09676e7eed6db62313dc8a8d890,0xaf30d2a7e90d7dc361c8c4585e9bb7d2f6f15bc7
0x2943dae9f97138495419bb3a5d90254ac1cac124,0xaf30d2a7e90d7dc361c8c4585e9bb7d2f6f15bc7
0x2c7fce782f65e09676e7eed6db62313dc8a8d890,0xaf30d2a7e90d7dc361c8c4585e9bb7d2f6f15bc7
0x9b6e7c26e43fa5c6bb5803e5f23462b93a905c6d,0xaf30d2a7e90d7dc361c8c4585e9bb7d2f6f15bc7
0x577948059693779dd9c102fd016ca9ff69db10cf,0xaf30d2a7e90d7dc361c8c4585e9bb7d2f6f15bc7
0xb18626e852ab67e854fd6cc6f4d782a2f893a4c0,0xaf30d2a7e90d7dc361c8c4585e9bb7d2f6f15bc7
0xd65653065088e7527061ef4aabd131b86af6e2df,0xaf30d2a7e90d7dc361c8c4585e9bb7d2f6f15bc7
0xb18626e852ab67e854fd6cc6f4d782a2f893a4c0,0xaf30d2a7e90d7dc361c8c4585e9bb7d2f6f15bc7
0x4e0b642b068b66dd5794e0adad6f2a9463d47399,0xaf30d2a7e90d7dc361c8c4585e9bb7d2f6f15bc7
0x7713fef2af00e9cc657f1ebe66bf1b560fae2981,0xaf30d2a7e90d7dc361c8c4585e9bb7d2f6f15bc7
0xa6e2e910515e6cf485462eeb6e454df33c60cb0e,0xaf30d2a7e90d7dc361c8c4585e9bb7d2f6f15bc7
0x6e1c6417e268c16d9257379837bbb4853a235cc4,0xaf30d2a7e90d7dc361c8c4585e9bb7d2f6f15bc7
0x33581cee233088c0860d944e0cf1ceabb8261c2e,0xaf30d2a7e90d7dc361c8c4585e9bb7d2f6f15bc7
0xfb8b7f2cf86e2301d439b2dd34f2144225324fe1,0xaf30d2a7e90d7dc361c8c4585e9bb7d2f6f15bc7
0x7713fef2af00e9cc657f1ebe66bf1b560fae2981,0xaf30d2a7e90d7dc361c8c4585e9bb7d2f6f15bc7
0x7713fef2af00e9cc657f1ebe66bf1b560fae2981,0xaf30d2a7e90d7dc361c8c4585e9bb7d2f6f15bc7
0x3e5691e0d5c9ff187fc5100dd52a79bac5fb6ffc,0xaf30d2a7e90d7dc361c8c4585e9bb7d2f6f15bc7
0xb6afb0403690b67b2de7ef0b54769249e7f2957d,0xaf30d2a7e90d7dc361c8c4585e9bb7d2f6f15bc7
0x224db406b67960639ee548408c28d375936480f7,0xaf30d2a7e90d7dc361c8c4585e9bb7d2f6f15bc7
0x7713fef2af00e9cc657f1ebe66bf1b560fae2981,0xaf30d2a7e90d7dc361c8c4585e9bb7d2f6f15bc7
0x7713fef2af00e9cc657f1ebe66bf1b560fae2981,0xaf30d2a7e90d7dc361c8c4585e9bb7d2f6f15bc7
0x7713fef2af00e9cc657f1ebe66bf1b560fae2981,0xaf30d2a7e90d7dc361c8c4585e9bb7d2f6f15bc7
0x3e5691e0d5c9ff187fc5100dd52a79bac5fb6ffc,0xaf30d2a7e90d7dc361c8c4585e9bb7d2f6f15bc7
0x7713fef2af00e9cc657f1ebe66bf1b560fae2981,0xaf30d2a7e90d7dc361c8c4585e9bb7d2f6f15bc7
0x7713fef2af00e9cc657f1ebe66bf1b560fae2981,0xaf30d2a7e90d7dc361c8c4585e9bb7d2f6f15bc7
0xf641f0088827e2cd52b11d2864cf885fdeba31b1,0xaf30d2a7e90d7dc361c8c4585e9bb7d2f6f15bc7
0xf641f0088827e2cd52b11d2864cf885fdeba31b1,0xaf30d2a7e90d7dc361c8c4585e9bb7d2f6f15bc7
0x41bdfb6ef541960bfb3526b4ceb41c7ab589a9c9,0xaf30d2a7e90d7dc361c8c4585e9bb7d2f6f15bc7
0xf641f0088827e2cd52b11d2864cf885fdeba31b1,0xaf30d2a7e90d7dc361c8c4585e9bb7d2f6f15bc7
0xc78377c697e6d7eaabc41292d0741723bc9961d0,0xaf30d2a7e90d7dc361c8c4585e9bb7d2f6f15bc7
0x7f32bc523608c3e7a0ab52c10a43f3cf428fd60b,0xaf30d2a7e90d7dc361c8c4585e9bb7d2f6f15bc7
0xe4a0d3ab973b88a6320197307787e83977749bea,0xaf30d2a7e90d7dc361c8c4585e9bb7d2f6f15bc7
0xe3bbeb0d2fe956be1edf3e6058001d4548a95ea8,0xaf30d2a7e90d7dc361c8c4585e9bb7d2f6f15bc7
0xd4ac2300f42ad0da633031d353b1b565225dbfba,0xaf30d2a7e90d7dc361c8c4585e9bb7d2f6f15bc7
0xd9da6d3994464374965b8d1530d74c87e11cb8b4,0xaf30d2a7e90d7dc361c8c4585e9bb7d2f6f15bc7
0xd9da6d3994464374965b8d1530d74c87e11cb8b4,0xaf30d2a7e90d7dc361c8c4585e9bb7d2f6f15bc7
0xd56071c1e932ca4d4171f731d0ed077aab5dfa9f,0xaf30d2a7e90d7dc361c8c4585e9bb7d2f6f15bc7
0xd56071c1e932ca4d4171f731d0ed077aab5dfa9f,0xaf30d2a7e90d7dc361c8c4585e9bb7d2f6f15bc7
0xd56071c1e932ca4d4171f731d0ed077aab5dfa9f,0xaf30d2a7e90d7dc361c8c4585e9bb7d2f6f15bc7
0xd56071c1e932ca4d4171f731d0ed077aab5dfa9f,0xaf30d2a7e90d7dc361c8c4585e9bb7d2f6f15bc7
0x85703eb416aabb47de3fb79104c6b221e60e26ce,0xaf30d2a7e90d7dc361c8c4585e9bb7d2f6f15bc7
0xd2ce22e22f4d985c832909b1c9f1bc5e304df1ae,0xaf30d2a7e90d7dc361c8c4585e9bb7d2f6f15bc7
0xf1bdb7f2aa755f59b26fb9a159c72a772a0b12fb,0xaf30d2a7e90d7dc361c8c4585e9bb7d2f6f15bc7
0x3a89f13f3bd283c172f0a465b3767615975057fe,0xaf30d2a7e90d7dc361c8c4585e9bb7d2f6f15bc7
0xd56071c1e932ca4d4171f731d0ed077aab5dfa9f,0xaf30d2a7e90d7dc361c8c4585e9bb7d2f6f15bc7
0x36c58fd50da776caddb52d72fa8141c0c3c80f5d,0xaf30d2a7e90d7dc361c8c4585e9bb7d2f6f15bc7
0x0edca24010891e486367e04dbb8414d7bfb336cb,0xaf30d2a7e90d7dc361c8c4585e9bb7d2f6f15bc7
0x0a39de4ae99111e2b34e3ade55c4a72154a82382,0xaf30d2a7e90d7dc361c8c4585e9bb7d2f6f15bc7
0x3e5691e0d5c9ff187fc5100dd52a79bac5fb6ffc,0xaf30d2a7e90d7dc361c8c4585e9bb7d2f6f15bc7
0xe904f20b2b07e59118b6ca7936c23df5e2e847f4,0xaf30d2a7e90d7dc361c8c4585e9bb7d2f6f15bc7
0x3cce71cba64fc0a7ed9666c76eec536932437570,0xaf30d2a7e90d7dc361c8c4585e9bb7d2f6f15bc7
0x3cce71cba64fc0a7ed9666c76eec536932437570,0xaf30d2a7e90d7dc361c8c4585e9bb7d2f6f15bc7
0x6cc8ea711a7196c29592eab3ac33e5cb4d84036e,0xaf30d2a7e90d7dc361c8c4585e9bb7d2f6f15bc7
0xb946733ccd45f60606f3dbc7bb98bf9bdd3ce09e,0xaf30d2a7e90d7dc361c8c4585e9bb7d2f6f15bc7
0xf3fe51fde34413c73318b9c85437fe7e820f561a,0xaf30d2a7e90d7dc361c8c4585e9bb7d2f6f15bc7
0xe904f20b2b07e59118b6ca7936c23df5e2e847f4,0xaf30d2a7e90d7dc361c8c4585e9bb7d2f6f15bc7
0xa6e2e910515e6cf485462eeb6e454df33c60cb0e,0xaf30d2a7e90d7dc361c8c4585e9bb7d2f6f15bc7
0x0edca24010891e486367e04dbb8414d7bfb336cb,0xaf30d2a7e90d7dc361c8c4585e9bb7d2f6f15bc7
0x1508aba747c55e1eddd636cac6e09c9037b56533,0xaf30d2a7e90d7dc361c8c4585e9bb7d2f6f15bc7
0xe9c758f8da41e3346e4350e5ac3976345c6c1082,0xaf30d2a7e90d7dc361c8c4585e9bb7d2f6f15bc7
0xa6e2e910515e6cf485462eeb6e454df33c60cb0e,0xaf30d2a7e90d7dc361c8c4585e9bb7d2f6f15bc7
0xa6e2e910515e6cf485462eeb6e454df33c60cb0e,0xaf30d2a7e90d7dc361c8c4585e9bb7d2f6f15bc7
0xd9da6d3994464374965b8d1530d74c87e11cb8b4,0xaf30d2a7e90d7dc361c8c4585e9bb7d2f6f15bc7
0xd9da6d3994464374965b8d1530d74c87e11cb8b4,0xaf30d2a7e90d7dc361c8c4585e9bb7d2f6f15bc7
0x6f25523a3b776080077a36b9933fe73cc3dd6726,0xaf30d2a7e90d7dc361c8c4585e9bb7d2f6f15bc7
0xa6e2e910515e6cf485462eeb6e454df33c60cb0e,0xaf30d2a7e90d7dc361c8c4585e9bb7d2f6f15bc7
0x8aabc5db585902afe406f0b415590f7bccfd1ce8,0xaf30d2a7e90d7dc361c8c4585e9bb7d2f6f15bc7
0x42da8a05cb7ed9a43572b5ba1b8f82a0a6e263dc,0xaf30d2a7e90d7dc361c8c4585e9bb7d2f6f15bc7
0xbf5c29bb50dcb96dde76b14a6c4b545a24956e01,0xaf30d2a7e90d7dc361c8c4585e9bb7d2f6f15bc7
0x62b0efc3805c23b513163be8d05f5f02806823d3,0xaf30d2a7e90d7dc361c8c4585e9bb7d2f6f15bc7
0x337498987ed4826e3071e0e89c432331a62a5da8,0xaf30d2a7e90d7dc361c8c4585e9bb7d2f6f15bc7
0x62b0efc3805c23b513163be8d05f5f02806823d3,0xaf30d2a7e90d7dc361c8c4585e9bb7d2f6f15bc7
0x62b0efc3805c23b513163be8d05f5f02806823d3,0xaf30d2a7e90d7dc361c8c4585e9bb7d2f6f15bc7
0xe904f20b2b07e59118b6ca7936c23df5e2e847f4,0xaf30d2a7e90d7dc361c8c4585e9bb7d2f6f15bc7
0xe86b5537aad8e0eaa302f09752a493dc7cd2b9dd,0xaf30d2a7e90d7dc361c8c4585e9bb7d2f6f15bc7
0xb18626e852ab67e854fd6cc6f4d782a2f893a4c0,0xaf30d2a7e90d7dc361c8c4585e9bb7d2f6f15bc7
0x38c92ce79de3f031d9a7eacab238428a2a8c960e,0xaf30d2a7e90d7dc361c8c4585e9bb7d2f6f15bc7
0x87034e48d07416540c2124502b20765dcf3063b1,0xaf30d2a7e90d7dc361c8c4585e9bb7d2f6f15bc7
0x33bdae2c74b03ab2ffb69ff3b835a1e211c1cd87,0xaf30d2a7e90d7dc361c8c4585e9bb7d2f6f15bc7
0x1a6356988aad30722a9b020146e73d9c990fed2a,0xaf30d2a7e90d7dc361c8c4585e9bb7d2f6f15bc7
0xfd7d50fc1bca7b0b18f2d798f09262b4abb91350,0xaf30d2a7e90d7dc361c8c4585e9bb7d2f6f15bc7
0x62b0efc3805c23b513163be8d05f5f02806823d3,0xaf30d2a7e90d7dc361c8c4585e9bb7d2f6f15bc7
0xb1c7bc99221e12572d480aefdd770fe121896d62,0xaf30d2a7e90d7dc361c8c4585e9bb7d2f6f15bc7
0x62b0efc3805c23b513163be8d05f5f02806823d3,0xaf30d2a7e90d7dc361c8c4585e9bb7d2f6f15bc7
0x62b0efc3805c23b513163be8d05f5f02806823d3,0xaf30d2a7e90d7dc361c8c4585e9bb7d2f6f15bc7
0x62b0efc3805c23b513163be8d05f5f02806823d3,0xaf30d2a7e90d7dc361c8c4585e9bb7d2f6f15bc7
0xbb37b92cb934f5f49132b066508724a7dde3d2e6,0xaf30d2a7e90d7dc361c8c4585e9bb7d2f6f15bc7
0x6117d23dbdd187288bb3bde1ebd9e9a67b4fb126,0xaf30d2a7e90d7dc361c8c4585e9bb7d2f6f15bc7
0xc78377c697e6d7eaabc41292d0741723bc9961d0,0xaf30d2a7e90d7dc361c8c4585e9bb7d2f6f15bc7
0x1f5360b087f0f7d9c5354ef71a291c544bac4631,0xaf30d2a7e90d7dc361c8c4585e9bb7d2f6f15bc7
0x6cf7d6a990fc023a28139f761f850d53b6f08951,0xaf30d2a7e90d7dc361c8c4585e9bb7d2f6f15bc7
0x08d28494d98b83a5f2228a056198b19375d19ecb,0xaf30d2a7e90d7dc361c8c4585e9bb7d2f6f15bc7
0x64733cdc3586c24389a132eca19544f0b2c6f45d,0xaf30d2a7e90d7dc361c8c4585e9bb7d2f6f15bc7
0xd4ac2300f42ad0da633031d353b1b565225dbfba,0xaf30d2a7e90d7dc361c8c4585e9bb7d2f6f15bc7
0xb00341ce48427f3c21512eb5d1e3fa00e3fcd9e8,0xaf30d2a7e90d7dc361c8c4585e9bb7d2f6f15bc7
0x380306012b11fab1d90eaf9cd5f550e34c2296dd,0xaf30d2a7e90d7dc361c8c4585e9bb7d2f6f15bc7
0x3b015942a9f81a04111b8828e1335e3a78ede5a7,0xaf30d2a7e90d7dc361c8c4585e9bb7d2f6f15bc7
0xb946733ccd45f60606f3dbc7bb98bf9bdd3ce09e,0xaf30d2a7e90d7dc361c8c4585e9bb7d2f6f15bc7
0x6dea4ea1c5fc6ad3d7e9933665799936a9fdd89c,0xaf30d2a7e90d7dc361c8c4585e9bb7d2f6f15bc7
0xcff3fa881138afb0181a911f4059c3016d473065,0xaf30d2a7e90d7dc361c8c4585e9bb7d2f6f15bc7
0x76beebde1cc67cb6f7aea7d2e73aa468b1f1b227,0xaf30d2a7e90d7dc361c8c4585e9bb7d2f6f15bc7
0x36c58fd50da776caddb52d72fa8141c0c3c80f5d,0xaf30d2a7e90d7dc361c8c4585e9bb7d2f6f15bc7
0xabafa36e5907ad7de32d7959877f6b68b9088847,0xaf30d2a7e90d7dc361c8c4585e9bb7d2f6f15bc7
0x9b6e7c26e43fa5c6bb5803e5f23462b93a905c6d,0xaf30d2a7e90d7dc361c8c4585e9bb7d2f6f15bc7
0xd131f6c3957d70a74cb28737528cb609c45ee509,0xaf30d2a7e90d7dc361c8c4585e9bb7d2f6f15bc7
0x41e156194adadc44dd666899fc008c32690398b5,0xaf30d2a7e90d7dc361c8c4585e9bb7d2f6f15bc7
0x85703eb416aabb47de3fb79104c6b221e60e26ce,0xaf30d2a7e90d7dc361c8c4585e9bb7d2f6f15bc7
0x438ccbd79f20c1e68b828211ec2ba30c0ec9c05a,0xaf30d2a7e90d7dc361c8c4585e9bb7d2f6f15bc7
0x08dcdfb62301042c016c3dbd936422260d75f541,0xaf30d2a7e90d7dc361c8c4585e9bb7d2f6f15bc7
0xa0f5578094e713c58b901ec43fb58bbbd7a63372,0xaf30d2a7e90d7dc361c8c4585e9bb7d2f6f15bc7
0x570c9d86ab94b51543c5bbbdd1fc0c3f468919fc,0xaf30d2a7e90d7dc361c8c4585e9bb7d2f6f15bc7
0xafc669c4cd803ab9a88b0419f7de356847223f77,0xaf30d2a7e90d7dc361c8c4585e9bb7d2f6f15bc7
0xec11362cec810985d0ebbd7b73451444985b369f,0xaf30d2a7e90d7dc361c8c4585e9bb7d2f6f15bc7
0x4faa058b0f3eeaa5cf7a895c9629cadf2a45cd89,0xaf30d2a7e90d7dc361c8c4585e9bb7d2f6f15bc7
0x72e6e6c646a037feb4677aaca5d33e3dd82c46a8,0xaf30d2a7e90d7dc361c8c4585e9bb7d2f6f15bc7
0x6d774fecc453078b368b49d076091f9c24525b7a,0xaf30d2a7e90d7dc361c8c4585e9bb7d2f6f15bc7
0x624c13d459c2a85705dce6759b446c8e1e062154,0xaf30d2a7e90d7dc361c8c4585e9bb7d2f6f15bc7
0x6dea4ea1c5fc6ad3d7e9933665799936a9fdd89c,0xaf30d2a7e90d7dc361c8c4585e9bb7d2f6f15bc7
0xc072e8583e215f4ba6b2703c2300d02d818df084,0xaf30d2a7e90d7dc361c8c4585e9bb7d2f6f15bc7
0xad0c883b01e69d79c7aa23bc1b9fd96b16aa4022,0xaf30d2a7e90d7dc361c8c4585e9bb7d2f6f15bc7
0xb2070e3c09ace4466ffe821278d3b83cbd3abab8,0xaf30d2a7e90d7dc361c8c4585e9bb7d2f6f15bc7
0xca6ab2e6778aef3daff16c0b8338a880e2ce64fc,0xaf30d2a7e90d7dc361c8c4585e9bb7d2f6f15bc7
0x066ea46483051100bb311ca9287cd223527ebbc0,0xaf30d2a7e90d7dc361c8c4585e9bb7d2f6f15bc7
0xbe2bfade5d20531704bc846c5354c6e22b6989a7,0xaf30d2a7e90d7dc361c8c4585e9bb7d2f6f15bc7
0x11f6bc14a4cbe7b1663cbad0b14bec9dd78c20a6,0xaf30d2a7e90d7dc361c8c4585e9bb7d2f6f15bc7
0x76d45221ea502fc17bf349aa777978ca1a09bb41,0xaf30d2a7e90d7dc361c8c4585e9bb7d2f6f15bc7
0xfa9bd978682432f15738ba5a71cf8848247ce9e3,0xaf30d2a7e90d7dc361c8c4585e9bb7d2f6f15bc7
0x7713fef2af00e9cc657f1ebe66bf1b560fae2981,0xaf30d2a7e90d7dc361c8c4585e9bb7d2f6f15bc7
0xce11baf1ed94c3ec4ba80c20bbeac894cf358c01,0xaf30d2a7e90d7dc361c8c4585e9bb7d2f6f15bc7
0x29feaa65869e737ad53bfc2325bd8ffed8d27a07,0xaf30d2a7e90d7dc361c8c4585e9bb7d2f6f15bc7
0x747b54645676bb72103e2a9579c6231e37457141,0xaf30d2a7e90d7dc361c8c4585e9bb7d2f6f15bc7
0xe86b5537aad8e0eaa302f09752a493dc7cd2b9dd,0xaf30d2a7e90d7dc361c8c4585e9bb7d2f6f15bc7
0x18dd57e638239c4bf6c6bcfae92a063f5bc4267f,0xaf30d2a7e90d7dc361c8c4585e9bb7d2f6f15bc7
0x2769b20957334a10e8b742c86ea9cdbb084973d2,0xaf30d2a7e90d7dc361c8c4585e9bb7d2f6f15bc7
0x460d35a3eb7be555059ac3c3b2e19c9a789c3534,0xaf30d2a7e90d7dc361c8c4585e9bb7d2f6f15bc7
0x5669686fb2bdf7fb592f7295f4375c8599ddabde,0xaf30d2a7e90d7dc361c8c4585e9bb7d2f6f15bc7
0x4ffb6a15c6187832a7f54cec353eb378e3390486,0xaf30d2a7e90d7dc361c8c4585e9bb7d2f6f15bc7
0xb946733ccd45f60606f3dbc7bb98bf9bdd3ce09e,0xaf30d2a7e90d7dc361c8c4585e9bb7d2f6f15bc7
0x577948059693779dd9c102fd016ca9ff69db10cf,0xaf30d2a7e90d7dc361c8c4585e9bb7d2f6f15bc7
0xfd7c450df95b4aca3aca6aaecf6a5848fff6c2c4,0xaf30d2a7e90d7dc361c8c4585e9bb7d2f6f15bc7
0xb42757a34e9ab5cfa34c03a01d85d2b165d673ea,0xaf30d2a7e90d7dc361c8c4585e9bb7d2f6f15bc7
0xf1bdb7f2aa755f59b26fb9a159c72a772a0b12fb,0xaf30d2a7e90d7dc361c8c4585e9bb7d2f6f15bc7
0xc350d1ecc1c71e41612be8c6c690f8af4dda32e6,0xaf30d2a7e90d7dc361c8c4585e9bb7d2f6f15bc7
0x245f27796a44d7e3d30654ed62850ff09ee85656,0xaf30d2a7e90d7dc361c8c4585e9bb7d2f6f15bc7
0x7aac12eca087362d97ca0c5894b1a8c7e0b26402,0xaf30d2a7e90d7dc361c8c4585e9bb7d2f6f15bc7
0x3cce71cba64fc0a7ed9666c76eec536932437570,0xaf30d2a7e90d7dc361c8c4585e9bb7d2f6f15bc7
0x008d4360424c57ea4e11f07b95ee83d591570557,0xaf30d2a7e90d7dc361c8c4585e9bb7d2f6f15bc7
0xce11baf1ed94c3ec4ba80c20bbeac894cf358c01,0xaf30d2a7e90d7dc361c8c4585e9bb7d2f6f15bc7
0x94c5997de57a6c7e8ba94c88e4bfbf9c5af7ff33,0xaf30d2a7e90d7dc361c8c4585e9bb7d2f6f15bc7
0xd1f7ba51a0792719bfaad36d5401f9211ecd5913,0xaf30d2a7e90d7dc361c8c4585e9bb7d2f6f15bc7
0xc8a6d127bb1ab25faca8fcd86a9ac225468e290e,0xaf30d2a7e90d7dc361c8c4585e9bb7d2f6f15bc7
0xcab11ccee79190d7f2fea983347285631acacf87,0xaf30d2a7e90d7dc361c8c4585e9bb7d2f6f15bc7
0xbf5c29bb50dcb96dde76b14a6c4b545a24956e01,0xaf30d2a7e90d7dc361c8c4585e9bb7d2f6f15bc7
0x115e45d2f2e769fa91d90c1eb285620e0e686ec2,0xaf30d2a7e90d7dc361c8c4585e9bb7d2f6f15bc7
0x29feaa65869e737ad53bfc2325bd8ffed8d27a07,0xaf30d2a7e90d7dc361c8c4585e9bb7d2f6f15bc7
0xe86b5537aad8e0eaa302f09752a493dc7cd2b9dd,0xaf30d2a7e90d7dc361c8c4585e9bb7d2f6f15bc7
0xd9da6d3994464374965b8d1530d74c87e11cb8b4,0xaf30d2a7e90d7dc361c8c4585e9bb7d2f6f15bc7
0x5edfe578ff52222da5d81f2fa72e085062a23538,0xaf30d2a7e90d7dc361c8c4585e9bb7d2f6f15bc7
0xc9d385cab197e039ac1234b518f44fd811082273,0xaf30d2a7e90d7dc361c8c4585e9bb7d2f6f15bc7
0x61716a55cb06b10370ecc893a2e9df7dac7441ec,0xaf30d2a7e90d7dc361c8c4585e9bb7d2f6f15bc7
0x7d62fdcce941e834de24bcb0e05d92f77a080ecd,0xaf30d2a7e90d7dc361c8c4585e9bb7d2f6f15bc7
0xd69505cbe6a64a918a26c47481b8b34e4a44c040,0xaf30d2a7e90d7dc361c8c4585e9bb7d2f6f15bc7
0x7d72982216fe33d9f8690522da33d7453bdfe865,0xaf30d2a7e90d7dc361c8c4585e9bb7d2f6f15bc7
0x066ea46483051100bb311ca9287cd223527ebbc0,0xaf30d2a7e90d7dc361c8c4585e9bb7d2f6f15bc7
0xe3bdd387764815093e01b299b64bd0465ed39623,0xaf30d2a7e90d7dc361c8c4585e9bb7d2f6f15bc7
0x114f4b766cfdf6ff84375e6620b87886f3defca5,0xaf30d2a7e90d7dc361c8c4585e9bb7d2f6f15bc7
0xdf811bc985de38659c92570efe3cc63c3162af39,0xaf30d2a7e90d7dc361c8c4585e9bb7d2f6f15bc7
0xd2ce22e22f4d985c832909b1c9f1bc5e304df1ae,0xaf30d2a7e90d7dc361c8c4585e9bb7d2f6f15bc7
0x21069c7b48b91b0cba698e62b56c1e7a834d6378,0xaf30d2a7e90d7dc361c8c4585e9bb7d2f6f15bc7
0x6f93f65c43dff24ef9cae3f27cdf5f7a63b036d2,0xaf30d2a7e90d7dc361c8c4585e9bb7d2f6f15bc7
0x01c4ad90b6a33cc301b7f8d0b4024f51186c385b,0xaf30d2a7e90d7dc361c8c4585e9bb7d2f6f15bc7
0xd38a4556686fa594bf3ad5ddfdd3b5aa20f4eaf1,0xaf30d2a7e90d7dc361c8c4585e9bb7d2f6f15bc7
0x4e917ca5f17740d3bfebbf36f41fdf0f70492a9f,0xaf30d2a7e90d7dc361c8c4585e9bb7d2f6f15bc7
0x64485c03fea60fce81841cfd1e90e262e9db143c,0xaf30d2a7e90d7dc361c8c4585e9bb7d2f6f15bc7
0xe86b5537aad8e0eaa302f09752a493dc7cd2b9dd,0xaf30d2a7e90d7dc361c8c4585e9bb7d2f6f15bc7
0xfdf97eaa34a883647fac329926b1747e9ef601c6,0xaf30d2a7e90d7dc361c8c4585e9bb7d2f6f15bc7
0xe95c51ba561d24ae1af77d41297a0a9ecfa7018e,0xaf30d2a7e90d7dc361c8c4585e9bb7d2f6f15bc7
0xe902dccff5a04d72bd190153cd793fe788b526d3,0xaf30d2a7e90d7dc361c8c4585e9bb7d2f6f15bc7
0xf56aa50a7e451c6edc68c3bd6878ef2ea957cdfc,0xaf30d2a7e90d7dc361c8c4585e9bb7d2f6f15bc7
0xb0781f9d9432f1e897adbba2c43375b65d9b291f,0xaf30d2a7e90d7dc361c8c4585e9bb7d2f6f15bc7
0xd02ef538efdca32064b0eec79af62a2f265697df,0xaf30d2a7e90d7dc361c8c4585e9bb7d2f6f15bc7
0x0d9a825ff2bcd397cbad5b711d9dcc95f1cc112d,0xaf30d2a7e90d7dc361c8c4585e9bb7d2f6f15bc7
0xea57ca24a223f4075163334c0379c3ec7317c0ad,0xaf30d2a7e90d7dc361c8c4585e9bb7d2f6f15bc7
0x0e7d84cdfe05db8cae4fd1db1031ed1544cd2f31,0xaf30d2a7e90d7dc361c8c4585e9bb7d2f6f15bc7
0xe7762364bcc00e6e8bbc3b2ea289a46ed7a968f8,0xaf30d2a7e90d7dc361c8c4585e9bb7d2f6f15bc7
0xdfc05b87383902ee8adccd1f4049253dcb2b915a,0xaf30d2a7e90d7dc361c8c4585e9bb7d2f6f15bc7
0xb946733ccd45f60606f3dbc7bb98bf9bdd3ce09e,0xaf30d2a7e90d7dc361c8c4585e9bb7d2f6f15bc7
0x1b64117e44d94df7cfbb62b145be54ce9cbf0773,0xaf30d2a7e90d7dc361c8c4585e9bb7d2f6f15bc7
0xa890e699ed381336ada6b8df580323879a57dde6,0xaf30d2a7e90d7dc361c8c4585e9bb7d2f6f15bc7
0xecd7e5d6753a4ac357d93e42546da560f09dadf2,0xaf30d2a7e90d7dc361c8c4585e9bb7d2f6f15bc7
0x3a89f13f3bd283c172f0a465b3767615975057fe,0xaf30d2a7e90d7dc361c8c4585e9bb7d2f6f15bc7
0xc400555c7ae232f06d244d9fd38a8aadff5756c2,0xaf30d2a7e90d7dc361c8c4585e9bb7d2f6f15bc7
0x2cf42826f74c9b38da40bbafee1aa34d620bd089,0xaf30d2a7e90d7dc361c8c4585e9bb7d2f6f15bc7
0x9171d842bd28120940dc43cb10f4ea855dbedae0,0xaf30d2a7e90d7dc361c8c4585e9bb7d2f6f15bc7
0xa85864d43e4cd0d362d14be7680461811ca9b321,0xaf30d2a7e90d7dc361c8c4585e9bb7d2f6f15bc7
0x11f6bc14a4cbe7b1663cbad0b14bec9dd78c20a6,0xaf30d2a7e90d7dc361c8c4585e9bb7d2f6f15bc7
0x7c759bf56e96824347148a4775417f1d3ab47a14,0xaf30d2a7e90d7dc361c8c4585e9bb7d2f6f15bc7
0xc3338674763526e78baeb043f0926366791dc22e,0xaf30d2a7e90d7dc361c8c4585e9bb7d2f6f15bc7
0x97146db2a9feead52ec43cef871aa04dc3663f25,0xaf30d2a7e90d7dc361c8c4585e9bb7d2f6f15bc7
0x0d05b9f9ed0b149d91d91ce7ba89df11e9abb53f,0xaf30d2a7e90d7dc361c8c4585e9bb7d2f6f15bc7
0xf861870685bc3a4c8efa00eebd86d22b46f183c5,0xaf30d2a7e90d7dc361c8c4585e9bb7d2f6f15bc7
0xeb891c042fe90b3a69f5c17c6d44127049d80140,0xaf30d2a7e90d7dc361c8c4585e9bb7d2f6f15bc7
0x9a209333685f02cd40acb4e8ac7083c0426f4d71,0xaf30d2a7e90d7dc361c8c4585e9bb7d2f6f15bc7
0xd69505cbe6a64a918a26c47481b8b34e4a44c040,0xaf30d2a7e90d7dc361c8c4585e9bb7d2f6f15bc7
0xba41fdfc2371719fcf781b81f0e5fb353afa131a,0xaf30d2a7e90d7dc361c8c4585e9bb7d2f6f15bc7
0x1d8ec552ee05452656eb614929c52439d859112a,0xaf30d2a7e90d7dc361c8c4585e9bb7d2f6f15bc7
0x92a8f4c470e2c243e48c14709dda9009be4d5310,0xaf30d2a7e90d7dc361c8c4585e9bb7d2f6f15bc7
0xa199cf97bebc17fefdc1630dd4743989de2a5f4c,0xaf30d2a7e90d7dc361c8c4585e9bb7d2f6f15bc7
0xb3794869ac037a9bfd209e137a941e210f78434c,0xaf30d2a7e90d7dc361c8c4585e9bb7d2f6f15bc7
0x416352514fcdc8373029780719b6680ac87b40d8,0xaf30d2a7e90d7dc361c8c4585e9bb7d2f6f15bc7
0x5399132dfbc39bc4ca6b61595d1fdaa64ec1431f,0xaf30d2a7e90d7dc361c8c4585e9bb7d2f6f15bc7
0xe86b5537aad8e0eaa302f09752a493dc7cd2b9dd,0xaf30d2a7e90d7dc361c8c4585e9bb7d2f6f15bc7
0x7e60b0bb166085bcc3dcc10202769040d2882456,0xaf30d2a7e90d7dc361c8c4585e9bb7d2f6f15bc7
0xe208d2fb37df02061b78848b83f02b4ad33540e4,0xaf30d2a7e90d7dc361c8c4585e9bb7d2f6f15bc7
0x265af0a7105098cd35e36633d0407a043c21c852,0xaf30d2a7e90d7dc361c8c4585e9bb7d2f6f15bc7
0x39070eefbf295b0f44dcb07ca27c22e7fe8e6b75,0xaf30d2a7e90d7dc361c8c4585e9bb7d2f6f15bc7
0xb8adf4f924b2054cb68701d936ad7ffc63331a50,0xaf30d2a7e90d7dc361c8c4585e9bb7d2f6f15bc7
0xafc5ae8b2f1c9708b660bc6df7cf94a43f93ccba,0xaf30d2a7e90d7dc361c8c4585e9bb7d2f6f15bc7
0x2c7fce782f65e09676e7eed6db62313dc8a8d890,0xaf30d2a7e90d7dc361c8c4585e9bb7d2f6f15bc7
0xc6015157c6d74d6dc292a84f6eb16e3e9c54ddf3,0xaf30d2a7e90d7dc361c8c4585e9bb7d2f6f15bc7
0x5afe422be84fb5dd678b47ff5647ee18c58dacc1,0xaf30d2a7e90d7dc361c8c4585e9bb7d2f6f15bc7
0xc2685383547af71c7d40e2ee8f1c2be58260ff3e,0xaf30d2a7e90d7dc361c8c4585e9bb7d2f6f15bc7
0xe00c0ad2e9b57ba30a8ba40d978a54ef714815d0,0xaf30d2a7e90d7dc361c8c4585e9bb7d2f6f15bc7
0x2fbeaf7a09a2687bf4ac40fb64778c282bf52f5d,0xaf30d2a7e90d7dc361c8c4585e9bb7d2f6f15bc7
0xb1eed1ed94eaa7bc375e13bbef92918a33ec156b,0xaf30d2a7e90d7dc361c8c4585e9bb7d2f6f15bc7
0x29feaa65869e737ad53bfc2325bd8ffed8d27a07,0xaf30d2a7e90d7dc361c8c4585e9bb7d2f6f15bc7
0xad55c057c53475f0c81adfbf04a0f382bde37d10,0xaf30d2a7e90d7dc361c8c4585e9bb7d2f6f15bc7
0xe3bdd387764815093e01b299b64bd0465ed39623,0xaf30d2a7e90d7dc361c8c4585e9bb7d2f6f15bc7
0x0fd268cfeecc0f40da14a20d976c66cc276141d0,0xaf30d2a7e90d7dc361c8c4585e9bb7d2f6f15bc7
0x3cce71cba64fc0a7ed9666c76eec536932437570,0xaf30d2a7e90d7dc361c8c4585e9bb7d2f6f15bc7
0x22990aad9e7e91e711f9cf55b6dae7b5f272458c,0xaf30d2a7e90d7dc361c8c4585e9bb7d2f6f15bc7
0xb00341ce48427f3c21512eb5d1e3fa00e3fcd9e8,0xaf30d2a7e90d7dc361c8c4585e9bb7d2f6f15bc7
0x19b5042e2b37468de022547d1f0873a1e5f05648,0xaf30d2a7e90d7dc361c8c4585e9bb7d2f6f15bc7
0xa85864d43e4cd0d362d14be7680461811ca9b321,0xaf30d2a7e90d7dc361c8c4585e9bb7d2f6f15bc7
0x88e15e882e8dbfc2c866df0eed5f2886b7b3280a,0xaf30d2a7e90d7dc361c8c4585e9bb7d2f6f15bc7
0x34071aa50197a0a4e258b9a8b0dc2086608d9a35,0xaf30d2a7e90d7dc361c8c4585e9bb7d2f6f15bc7
0xc350d1ecc1c71e41612be8c6c690f8af4dda32e6,0xaf30d2a7e90d7dc361c8c4585e9bb7d2f6f15bc7
0xb3794869ac037a9bfd209e137a941e210f78434c,0xaf30d2a7e90d7dc361c8c4585e9bb7d2f6f15bc7
0xf641f0088827e2cd52b11d2864cf885fdeba31b1,0xaf30d2a7e90d7dc361c8c4585e9bb7d2f6f15bc7
0x2cf42826f74c9b38da40bbafee1aa34d620bd089,0xaf30d2a7e90d7dc361c8c4585e9bb7d2f6f15bc7
0x7543a0b6d278618e9ec3cf4a376905a224c51291,0xaf30d2a7e90d7dc361c8c4585e9bb7d2f6f15bc7
0xa54f6bb4ef101d6a743c2e591d36b22bcc38fcd5,0xaf30d2a7e90d7dc361c8c4585e9bb7d2f6f15bc7
0xe49c9341da1576b81322ea32fd58074f73f31495,0xaf30d2a7e90d7dc361c8c4585e9bb7d2f6f15bc7
0xbb2ed285cc79646cfb2c75d9993321777f603293,0xaf30d2a7e90d7dc361c8c4585e9bb7d2f6f15bc7
0x98bdf0a47d4faa76dbc76f855d1abc4bff6f36cd,0xaf30d2a7e90d7dc361c8c4585e9bb7d2f6f15bc7
0x5399132dfbc39bc4ca6b61595d1fdaa64ec1431f,0xaf30d2a7e90d7dc361c8c4585e9bb7d2f6f15bc7
0x3e5691e0d5c9ff187fc5100dd52a79bac5fb6ffc,0xaf30d2a7e90d7dc361c8c4585e9bb7d2f6f15bc7
0xb90c2f7a6d6be5647f232bafa27feca953258f86,0xaf30d2a7e90d7dc361c8c4585e9bb7d2f6f15bc7
0x0750bf6ac91c4186b1ddd0341ca02834bca396cc,0xaf30d2a7e90d7dc361c8c4585e9bb7d2f6f15bc7
0x9dab5d2a63c3aa9c38d9d799bfa1f17b52098fdb,0xaf30d2a7e90d7dc361c8c4585e9bb7d2f6f15bc7
0xd6156e34c039363d1406ca89419bd05553538ba2,0xaf30d2a7e90d7dc361c8c4585e9bb7d2f6f15bc7
0xf9de6b249efa0459eab12ec844f784fdfd61c230,0xaf30d2a7e90d7dc361c8c4585e9bb7d2f6f15bc7
0x168767eeb7b63a49f1d1e213ff354a6a934a93b0,0xaf30d2a7e90d7dc361c8c4585e9bb7d2f6f15bc7
0x1c50a8a79b410eca98866cebb99e5ea01cf0e76a,0xaf30d2a7e90d7dc361c8c4585e9bb7d2f6f15bc7
0x4fbc51a6c9df770cafecbdf1144745aeaf18e9eb,0xaf30d2a7e90d7dc361c8c4585e9bb7d2f6f15bc7
0x14821245b3f4d02c32799387bfbb58a2842d4450,0xaf30d2a7e90d7dc361c8c4585e9bb7d2f6f15bc7
0xcff3124eb500576625fd6188bbcc607dce938e40,0xaf30d2a7e90d7dc361c8c4585e9bb7d2f6f15bc7
0x488ad7792176683e7878f2b55f27b34a957a8abd,0xaf30d2a7e90d7dc361c8c4585e9bb7d2f6f15bc7
0xba41fdfc2371719fcf781b81f0e5fb353afa131a,0xaf30d2a7e90d7dc361c8c4585e9bb7d2f6f15bc7
0x7f63a896001bba38cc932e4b062d8f7fd36662ce,0xaf30d2a7e90d7dc361c8c4585e9bb7d2f6f15bc7
0x6696e55e9feeae5fd5872ba62d36a802e96ac98e,0xaf30d2a7e90d7dc361c8c4585e9bb7d2f6f15bc7
0x9d8bfaaa9cfb5e8a25c3fabdebcb68b90f0ea512,0xaf30d2a7e90d7dc361c8c4585e9bb7d2f6f15bc7
0x6e1c6417e268c16d9257379837bbb4853a235cc4,0xaf30d2a7e90d7dc361c8c4585e9bb7d2f6f15bc7
0x43dea2ff62cdd7d46ee44836d2868666cffc1182,0xaf30d2a7e90d7dc361c8c4585e9bb7d2f6f15bc7
0x044b5dcf1af44bf23eff6082658bba7cb08a9a06,0xaf30d2a7e90d7dc361c8c4585e9bb7d2f6f15bc7
0x8d052a2a556329b0e11298af4d5cf090622ebc30,0xaf30d2a7e90d7dc361c8c4585e9bb7d2f6f15bc7
0xfb2e0cbffad5e258089fa9334fed0764d25ca939,0xaf30d2a7e90d7dc361c8c4585e9bb7d2f6f15bc7
0x9140cb3a04303dd8ba83c6be3a8d01b092f8409d,0xaf30d2a7e90d7dc361c8c4585e9bb7d2f6f15bc7
0x438ccbd79f20c1e68b828211ec2ba30c0ec9c05a,0xaf30d2a7e90d7dc361c8c4585e9bb7d2f6f15bc7
0x24f44bdfff41e2e5f98199545fafaabdacd93dc6,0xaf30d2a7e90d7dc361c8c4585e9bb7d2f6f15bc7
0x6b85e5c197d00dd8da8b1b914625bac33e542402,0xaf30d2a7e90d7dc361c8c4585e9bb7d2f6f15bc7
0x058a234e4dc416abc6fef2900d5b221383f91d26,0xaf30d2a7e90d7dc361c8c4585e9bb7d2f6f15bc7
0x66ddf57e59555278798c4131c2c783274e08924b,0xaf30d2a7e90d7dc361c8c4585e9bb7d2f6f15bc7
0x5ada3743144f1235d8cef97daad6c123f20e7330,0xaf30d2a7e90d7dc361c8c4585e9bb7d2f6f15bc7
0x532c0c0335a6b80b29536e2f93f2caec0e25c7c2,0xaf30d2a7e90d7dc361c8c4585e9bb7d2f6f15bc7
0x01c4ad90b6a33cc301b7f8d0b4024f51186c385b,0xaf30d2a7e90d7dc361c8c4585e9bb7d2f6f15bc7
0x2632ed942c716534e41351b9c34e6f1f85675159,0xaf30d2a7e90d7dc361c8c4585e9bb7d2f6f15bc7
0xc9c083b537e1647eceb7c0033de11f82dce73d4b,0xaf30d2a7e90d7dc361c8c4585e9bb7d2f6f15bc7
0x8696cc617cf6d123da5178c3eabb9b7bd69ac28d,0xaf30d2a7e90d7dc361c8c4585e9bb7d2f6f15bc7
0x5de2f8e451e5b9251875009ce4640b4b14edd1a6,0xaf30d2a7e90d7dc361c8c4585e9bb7d2f6f15bc7
0xd65653065088e7527061ef4aabd131b86af6e2df,0xaf30d2a7e90d7dc361c8c4585e9bb7d2f6f15bc7
0x8aabc5db585902afe406f0b415590f7bccfd1ce8,0xaf30d2a7e90d7dc361c8c4585e9bb7d2f6f15bc7
0xee9f7954121538b241f989577674e078b4a9f87d,0xaf30d2a7e90d7dc361c8c4585e9bb7d2f6f15bc7
0xd1f7ba51a0792719bfaad36d5401f9211ecd5913,0xaf30d2a7e90d7dc361c8c4585e9bb7d2f6f15bc7
0xcff3fa881138afb0181a911f4059c3016d473065,0xaf30d2a7e90d7dc361c8c4585e9bb7d2f6f15bc7
0x4406d23a24f100cd795757b8755d0c32a9169321,0xaf30d2a7e90d7dc361c8c4585e9bb7d2f6f15bc7
0x7f32bc523608c3e7a0ab52c10a43f3cf428fd60b,0xaf30d2a7e90d7dc361c8c4585e9bb7d2f6f15bc7
0xb954ef329a74718bfaba07d438c6d6cb64531566,0xaf30d2a7e90d7dc361c8c4585e9bb7d2f6f15bc7
0xfbf4e65c468373d11b90b6bd68f2344be54ef337,0xaf30d2a7e90d7dc361c8c4585e9bb7d2f6f15bc7
0x823b2e282014ce00783a2fdf6481dd5c4788731f,0xaf30d2a7e90d7dc361c8c4585e9bb7d2f6f15bc7
0x6fac592cde1f7e11130b7420b84c4fad565eb91b,0xaf30d2a7e90d7dc361c8c4585e9bb7d2f6f15bc7
0x89a3cc0f5e2e621a5e48e82ddbd83799d61401eb,0xaf30d2a7e90d7dc361c8c4585e9bb7d2f6f15bc7
0x33581cee233088c0860d944e0cf1ceabb8261c2e,0xaf30d2a7e90d7dc361c8c4585e9bb7d2f6f15bc7
0x0edca24010891e486367e04dbb8414d7bfb336cb,0xaf30d2a7e90d7dc361c8c4585e9bb7d2f6f15bc7
0x2cf42826f74c9b38da40bbafee1aa34d620bd089,0xaf30d2a7e90d7dc361c8c4585e9bb7d2f6f15bc7
0xafc5ae8b2f1c9708b660bc6df7cf94a43f93ccba,0xaf30d2a7e90d7dc361c8c4585e9bb7d2f6f15bc7
0x33f174f64b56f92d6094ffea40f86a365a16b2f6,0xaf30d2a7e90d7dc361c8c4585e9bb7d2f6f15bc7
0x024e1be86829f2aeeca7f37ef75f68ffe8517904,0xaf30d2a7e90d7dc361c8c4585e9bb7d2f6f15bc7
0x720f2f9fc4e953cc77268eac9f9a85320293fd91,0xaf30d2a7e90d7dc361c8c4585e9bb7d2f6f15bc7
0xe49c9341da1576b81322ea32fd58074f73f31495,0xaf30d2a7e90d7dc361c8c4585e9bb7d2f6f15bc7
0xee90ce56e68b011fc1b9e84aac62156b8c27763f,0xaf30d2a7e90d7dc361c8c4585e9bb7d2f6f15bc7
0xd2ce22e22f4d985c832909b1c9f1bc5e304df1ae,0xaf30d2a7e90d7dc361c8c4585e9bb7d2f6f15bc7
0x61716a55cb06b10370ecc893a2e9df7dac7441ec,0xaf30d2a7e90d7dc361c8c4585e9bb7d2f6f15bc7
0x4e917ca5f17740d3bfebbf36f41fdf0f70492a9f,0xaf30d2a7e90d7dc361c8c4585e9bb7d2f6f15bc7
0x044b5dcf1af44bf23eff6082658bba7cb08a9a06,0xaf30d2a7e90d7dc361c8c4585e9bb7d2f6f15bc7
0x4bf278ff22a98e2ec520472ee271da5586d4ac12,0xaf30d2a7e90d7dc361c8c4585e9bb7d2f6f15bc7
0xa97ea44e7a391152921a5b2df27323e3bea92ded,0xaf30d2a7e90d7dc361c8c4585e9bb7d2f6f15bc7
0xce92f3837a58178f810d9f8dd433f7f34d8e3eb7,0xaf30d2a7e90d7dc361c8c4585e9bb7d2f6f15bc7
0xbb2ed285cc79646cfb2c75d9993321777f603293,0xaf30d2a7e90d7dc361c8c4585e9bb7d2f6f15bc7
0xdc87cfc3ed501640e7958847d8955466d9ceb9bf,0xaf30d2a7e90d7dc361c8c4585e9bb7d2f6f15bc7
0xaee47c0f8da0daad21f2c505ce9abe7d1dd3d753,0xaf30d2a7e90d7dc361c8c4585e9bb7d2f6f15bc7
0xe7dab24215fa1981420b59e0e308ceb781cdab9c,0xaf30d2a7e90d7dc361c8c4585e9bb7d2f6f15bc7
0xd6156e34c039363d1406ca89419bd05553538ba2,0xaf30d2a7e90d7dc361c8c4585e9bb7d2f6f15bc7
0xe7dab24215fa1981420b59e0e308ceb781cdab9c,0xaf30d2a7e90d7dc361c8c4585e9bb7d2f6f15bc7
0x2ed632e79ce0fcccaf5bc2d282e194b616c75a83,0xaf30d2a7e90d7dc361c8c4585e9bb7d2f6f15bc7
0x052e70b27dca2f9ca194a9c315020f5bd85212f7,0xaf30d2a7e90d7dc361c8c4585e9bb7d2f6f15bc7
0xfaa7d4e05943fee2bdf055ae729925ec89cd8ff5,0xaf30d2a7e90d7dc361c8c4585e9bb7d2f6f15bc7
0xc41fbaa79e3401da10822269b7cc89c55fbf49a3,0xaf30d2a7e90d7dc361c8c4585e9bb7d2f6f15bc7
0x2c9e6d43bb31e3b37e6c03ca1165b42634d31310,0xaf30d2a7e90d7dc361c8c4585e9bb7d2f6f15bc7
0xc402231183643914a1f2cb3fee14de1badc09c95,0xaf30d2a7e90d7dc361c8c4585e9bb7d2f6f15bc7
0x36b156a51c35f9ffa020329543adfd288301d086,0xaf30d2a7e90d7dc361c8c4585e9bb7d2f6f15bc7
0xd970aa7b43583779dac9611cfe8bf437787257ef,0xaf30d2a7e90d7dc361c8c4585e9bb7d2f6f15bc7
0x2769b20957334a10e8b742c86ea9cdbb084973d2,0xaf30d2a7e90d7dc361c8c4585e9bb7d2f6f15bc7
0xe015b5640b85a41d9dbfb086a08bfd525b89afb6,0xaf30d2a7e90d7dc361c8c4585e9bb7d2f6f15bc7
0xfbddf75058f89edb9376fc23ee9532298249714b,0xaf30d2a7e90d7dc361c8c4585e9bb7d2f6f15bc7
0xd0bb73ae5be8da96863efbf4283b1215d9ad7242,0xaf30d2a7e90d7dc361c8c4585e9bb7d2f6f15bc7
0xeb1fb82072a39dc7956e39bc83ed48aaa1122dca,0xaf30d2a7e90d7dc361c8c4585e9bb7d2f6f15bc7
0x6f59f3ed5a7bcd5b021d1adb959a1e255458644c,0xaf30d2a7e90d7dc361c8c4585e9bb7d2f6f15bc7
0x5399132dfbc39bc4ca6b61595d1fdaa64ec1431f,0xaf30d2a7e90d7dc361c8c4585e9bb7d2f6f15bc7
0x65d5c6a3684bcaa7fec1566f265ff2fe748792bc,0xaf30d2a7e90d7dc361c8c4585e9bb7d2f6f15bc7
0xd38a4556686fa594bf3ad5ddfdd3b5aa20f4eaf1,0xaf30d2a7e90d7dc361c8c4585e9bb7d2f6f15bc7
0x846ec9bcde65b718289135d82550efc1bb83e262,0xaf30d2a7e90d7dc361c8c4585e9bb7d2f6f15bc7
0x224db406b67960639ee548408c28d375936480f7,0xaf30d2a7e90d7dc361c8c4585e9bb7d2f6f15bc7
0xe9c758f8da41e3346e4350e5ac3976345c6c1082,0xaf30d2a7e90d7dc361c8c4585e9bb7d2f6f15bc7
0x3538f5cad6c92bbb5ca08f22a54df7c162e62e6a,0xaf30d2a7e90d7dc361c8c4585e9bb7d2f6f15bc7
0x5de2f8e451e5b9251875009ce4640b4b14edd1a6,0xaf30d2a7e90d7dc361c8c4585e9bb7d2f6f15bc7
0xe1ad30971b83c17e2a24c0334cb45f808abebc87,0xaf30d2a7e90d7dc361c8c4585e9bb7d2f6f15bc7
0x537bf75de19f3d229e3a9018ee1a23c0c9c7d39c,0xaf30d2a7e90d7dc361c8c4585e9bb7d2f6f15bc7
0xe7dab24215fa1981420b59e0e308ceb781cdab9c,0xaf30d2a7e90d7dc361c8c4585e9bb7d2f6f15bc7
0x0750bf6ac91c4186b1ddd0341ca02834bca396cc,0xaf30d2a7e90d7dc361c8c4585e9bb7d2f6f15bc7
0x657ec91ea8bcef9f4255bb876f143e061f0d54f9,0xaf30d2a7e90d7dc361c8c4585e9bb7d2f6f15bc7
0x893608751d68d046e85802926673cdf2f57f7cb8,0xaf30d2a7e90d7dc361c8c4585e9bb7d2f6f15bc7
0x25d21bf77afa889af82e24e18bbfecde2785e4fe,0xaf30d2a7e90d7dc361c8c4585e9bb7d2f6f15bc7
0xc913593ad759a04b9f50ea654a9229564e71d53f,0xaf30d2a7e90d7dc361c8c4585e9bb7d2f6f15bc7
0x7292e62b1a389fdfbda315f4359009fbadbf9311,0xaf30d2a7e90d7dc361c8c4585e9bb7d2f6f15bc7
0x5afe422be84fb5dd678b47ff5647ee18c58dacc1,0xaf30d2a7e90d7dc361c8c4585e9bb7d2f6f15bc7
0xfb8b7f2cf86e2301d439b2dd34f2144225324fe1,0xaf30d2a7e90d7dc361c8c4585e9bb7d2f6f15bc7
0xe3184d262b31838e3b9ecddf5a8028f766b9f877,0xaf30d2a7e90d7dc361c8c4585e9bb7d2f6f15bc7
0xc8a6d127bb1ab25faca8fcd86a9ac225468e290e,0xaf30d2a7e90d7dc361c8c4585e9bb7d2f6f15bc7
0x11cd58550bd4af34a30cea4711ddde7458698b16,0xaf30d2a7e90d7dc361c8c4585e9bb7d2f6f15bc7
0xc6d129b768a6ebc054b0e31423b0afe4ec5776cb,0xaf30d2a7e90d7dc361c8c4585e9bb7d2f6f15bc7
0x670785e1e44fcdea5a0d48754442c103fc7a85f5,0xaf30d2a7e90d7dc361c8c4585e9bb7d2f6f15bc7
0x8b19877ec825fcf976584a5551ddbb236a10e255,0xaf30d2a7e90d7dc361c8c4585e9bb7d2f6f15bc7
0x9140cb3a04303dd8ba83c6be3a8d01b092f8409d,0xaf30d2a7e90d7dc361c8c4585e9bb7d2f6f15bc7
0xc0c7b6c5f0c458fb256c15df1ef60ee0eb3624f6,0xaf30d2a7e90d7dc361c8c4585e9bb7d2f6f15bc7
0x6b85e5c197d00dd8da8b1b914625bac33e542402,0xaf30d2a7e90d7dc361c8c4585e9bb7d2f6f15bc7
0x8aabc5db585902afe406f0b415590f7bccfd1ce8,0xaf30d2a7e90d7dc361c8c4585e9bb7d2f6f15bc7
0x8d052a2a556329b0e11298af4d5cf090622ebc30,0xaf30d2a7e90d7dc361c8c4585e9bb7d2f6f15bc7
0xd02ef538efdca32064b0eec79af62a2f265697df,0xaf30d2a7e90d7dc361c8c4585e9bb7d2f6f15bc7
0x5600730a55f6b20ebd24811faa3de96d1662abab,0xaf30d2a7e90d7dc361c8c4585e9bb7d2f6f15bc7
0xf954a34d0ddfe32d65e3273b28089db83e7076aa,0xaf30d2a7e90d7dc361c8c4585e9bb7d2f6f15bc7
0x53523cf3da72af4a0ec73b7e85a44e2175ef53b6,0xaf30d2a7e90d7dc361c8c4585e9bb7d2f6f15bc7
0xfdf97eaa34a883647fac329926b1747e9ef601c6,0xaf30d2a7e90d7dc361c8c4585e9bb7d2f6f15bc7
0xfd69d936404e4d68eefb1a74882b7557a2292781,0xaf30d2a7e90d7dc361c8c4585e9bb7d2f6f15bc7
0xbce0211700e08f4a71138250f362ce0fcfd72fba,0xaf30d2a7e90d7dc361c8c4585e9bb7d2f6f15bc7
0x61fb97219824357875cef57ba312cc38f7606b31,0xaf30d2a7e90d7dc361c8c4585e9bb7d2f6f15bc7
0xfbf4e65c468373d11b90b6bd68f2344be54ef337,0xaf30d2a7e90d7dc361c8c4585e9bb7d2f6f15bc7
0x2ed632e79ce0fcccaf5bc2d282e194b616c75a83,0xaf30d2a7e90d7dc361c8c4585e9bb7d2f6f15bc7
0x79207e2c9986fc4400280299180b5ff73b7e4a96,0xaf30d2a7e90d7dc361c8c4585e9bb7d2f6f15bc7
0x94c5997de57a6c7e8ba94c88e4bfbf9c5af7ff33,0xaf30d2a7e90d7dc361c8c4585e9bb7d2f6f15bc7
0x14a21a1e038d956724d0acb9a59912a4c3c9edd9,0xaf30d2a7e90d7dc361c8c4585e9bb7d2f6f15bc7
0xca7f0e60f41dce821de8d1e1e2725892eefeeef5,0xaf30d2a7e90d7dc361c8c4585e9bb7d2f6f15bc7
0xd38a4556686fa594bf3ad5ddfdd3b5aa20f4eaf1,0xaf30d2a7e90d7dc361c8c4585e9bb7d2f6f15bc7
0x83739d49bc5d086b7ac6ec64232846a21d90c331,0xaf30d2a7e90d7dc361c8c4585e9bb7d2f6f15bc7
0xedd89d2d7f55991b1e68beb682e526784bf0299f,0xaf30d2a7e90d7dc361c8c4585e9bb7d2f6f15bc7
0xe50aa4a626c779e77281b829b3a2677ab78791ad,0xaf30d2a7e90d7dc361c8c4585e9bb7d2f6f15bc7
0x3f2fcbc8e8d1ffa587069dd64868b8bc1d74a881,0xaf30d2a7e90d7dc361c8c4585e9bb7d2f6f15bc7
0x68345d65ba6b07d5796d1b5efa5bf5553fa47f22,0xaf30d2a7e90d7dc361c8c4585e9bb7d2f6f15bc7
0x4e917ca5f17740d3bfebbf36f41fdf0f70492a9f,0xaf30d2a7e90d7dc361c8c4585e9bb7d2f6f15bc7
0xafc5ae8b2f1c9708b660bc6df7cf94a43f93ccba,0xaf30d2a7e90d7dc361c8c4585e9bb7d2f6f15bc7
0x0a39de4ae99111e2b34e3ade55c4a72154a82382,0xaf30d2a7e90d7dc361c8c4585e9bb7d2f6f15bc7
0xca6ab2e6778aef3daff16c0b8338a880e2ce64fc,0xaf30d2a7e90d7dc361c8c4585e9bb7d2f6f15bc7
0x3b015942a9f81a04111b8828e1335e3a78ede5a7,0xaf30d2a7e90d7dc361c8c4585e9bb7d2f6f15bc7
0xe86b5537aad8e0eaa302f09752a493dc7cd2b9dd,0xaf30d2a7e90d7dc361c8c4585e9bb7d2f6f15bc7
0xea2c197d26e98b0da83e1b72c787618c979d3db0,0xaf30d2a7e90d7dc361c8c4585e9bb7d2f6f15bc7
0xdd8e8de7a9e6e467d5d4cfe84dcd8be9aa4b7fb8,0xaf30d2a7e90d7dc361c8c4585e9bb7d2f6f15bc7
0x1c5b5fe09867b8bcff80b49d2098224a2bc4b273,0xaf30d2a7e90d7dc361c8c4585e9bb7d2f6f15bc7
0x8c227b2b493f8da808feb0cb799e2d9b0404a553,0xaf30d2a7e90d7dc361c8c4585e9bb7d2f6f15bc7
0xa2c1a4a4b2c6ef09246fa82df6ba47bbe35d3e4d,0xaf30d2a7e90d7dc361c8c4585e9bb7d2f6f15bc7
0xd142717c58929aab36336b922b32a1e3e4067f4d,0xaf30d2a7e90d7dc361c8c4585e9bb7d2f6f15bc7
0x7f32bc523608c3e7a0ab52c10a43f3cf428fd60b,0xaf30d2a7e90d7dc361c8c4585e9bb7d2f6f15bc7
0x488ad7792176683e7878f2b55f27b34a957a8abd,0xaf30d2a7e90d7dc361c8c4585e9bb7d2f6f15bc7
0x3adb53bd845d3c07378bb1c1974819417807e173,0xaf30d2a7e90d7dc361c8c4585e9bb7d2f6f15bc7
0x4e0b642b068b66dd5794e0adad6f2a9463d47399,0xaf30d2a7e90d7dc361c8c4585e9bb7d2f6f15bc7
0x8d052a2a556329b0e11298af4d5cf090622ebc30,0xaf30d2a7e90d7dc361c8c4585e9bb7d2f6f15bc7
0xca6ab2e6778aef3daff16c0b8338a880e2ce64fc,0xaf30d2a7e90d7dc361c8c4585e9bb7d2f6f15bc7
0xf040befe7cd18137849dbeb89126ef037b432405,0xaf30d2a7e90d7dc361c8c4585e9bb7d2f6f15bc7
0x43dea2ff62cdd7d46ee44836d2868666cffc1182,0xaf30d2a7e90d7dc361c8c4585e9bb7d2f6f15bc7
0xbb2ed285cc79646cfb2c75d9993321777f603293,0xaf30d2a7e90d7dc361c8c4585e9bb7d2f6f15bc7
0xd6156e34c039363d1406ca89419bd05553538ba2,0xaf30d2a7e90d7dc361c8c4585e9bb7d2f6f15bc7
0xfbddf75058f89edb9376fc23ee9532298249714b,0xaf30d2a7e90d7dc361c8c4585e9bb7d2f6f15bc7
0xd0330e268811e234cc29c42fdf93ef2cdf0670b5,0xaf30d2a7e90d7dc361c8c4585e9bb7d2f6f15bc7
0x8748fc1f38826e46d9f6d91fb5fbb70a0e81f9e2,0xaf30d2a7e90d7dc361c8c4585e9bb7d2f6f15bc7
0x2a95d634c90f33fe0a2caa5818d167d64736b486,0xaf30d2a7e90d7dc361c8c4585e9bb7d2f6f15bc7
0xe86b5537aad8e0eaa302f09752a493dc7cd2b9dd,0xaf30d2a7e90d7dc361c8c4585e9bb7d2f6f15bc7
0x58ad4fd70d88c630a8844817c37de5b0355086d8,0xaf30d2a7e90d7dc361c8c4585e9bb7d2f6f15bc7
0xafc5ae8b2f1c9708b660bc6df7cf94a43f93ccba,0xaf30d2a7e90d7dc361c8c4585e9bb7d2f6f15bc7
0x5afe422be84fb5dd678b47ff5647ee18c58dacc1,0xaf30d2a7e90d7dc361c8c4585e9bb7d2f6f15bc7
0x6f59f3ed5a7bcd5b021d1adb959a1e255458644c,0xaf30d2a7e90d7dc361c8c4585e9bb7d2f6f15bc7
0x53523cf3da72af4a0ec73b7e85a44e2175ef53b6,0xaf30d2a7e90d7dc361c8c4585e9bb7d2f6f15bc7
0xe86b5537aad8e0eaa302f09752a493dc7cd2b9dd,0xaf30d2a7e90d7dc361c8c4585e9bb7d2f6f15bc7
0xf7d095e36c5ad372051f35a1c1621ebfabc0d37c,0xaf30d2a7e90d7dc361c8c4585e9bb7d2f6f15bc7
0xa3de57a551f08e507303ced36d15029b2c3f6a90,0xaf30d2a7e90d7dc361c8c4585e9bb7d2f6f15bc7
0x411d575238fd659680de4715eeed25340753ed51,0xaf30d2a7e90d7dc361c8c4585e9bb7d2f6f15bc7
0x5399132dfbc39bc4ca6b61595d1fdaa64ec1431f,0xaf30d2a7e90d7dc361c8c4585e9bb7d2f6f15bc7
0xe86b5537aad8e0eaa302f09752a493dc7cd2b9dd,0xaf30d2a7e90d7dc361c8c4585e9bb7d2f6f15bc7
0x37e771d768611fde05532f2cf71be34f72ee618f,0xaf30d2a7e90d7dc361c8c4585e9bb7d2f6f15bc7
0xe86b5537aad8e0eaa302f09752a493dc7cd2b9dd,0xaf30d2a7e90d7dc361c8c4585e9bb7d2f6f15bc7
0x5f9f69c7e8f848f970c80d362201e3d4d6ace08c,0xaf30d2a7e90d7dc361c8c4585e9bb7d2f6f15bc7
0x1926851a0457dd9046f26c0ceddcbed749e6a55b,0xaf30d2a7e90d7dc361c8c4585e9bb7d2f6f15bc7
0xe86b5537aad8e0eaa302f09752a493dc7cd2b9dd,0xaf30d2a7e90d7dc361c8c4585e9bb7d2f6f15bc7
0xe86b5537aad8e0eaa302f09752a493dc7cd2b9dd,0xaf30d2a7e90d7dc361c8c4585e9bb7d2f6f15bc7
0xe95c51ba561d24ae1af77d41297a0a9ecfa7018e,0xaf30d2a7e90d7dc361c8c4585e9bb7d2f6f15bc7
0x45272b8f62e9f9fa8ce04420e1aea3eba9686eac,0xaf30d2a7e90d7dc361c8c4585e9bb7d2f6f15bc7
0x36ba245f96ff9e5ed402a8642deb169f72fe04c4,0xaf30d2a7e90d7dc361c8c4585e9bb7d2f6f15bc7
0x3f2fcbc8e8d1ffa587069dd64868b8bc1d74a881,0xaf30d2a7e90d7dc361c8c4585e9bb7d2f6f15bc7
0x4bf8bf1d35a231315764fc8001809a949294fc49,0xaf30d2a7e90d7dc361c8c4585e9bb7d2f6f15bc7
0xe86b5537aad8e0eaa302f09752a493dc7cd2b9dd,0xaf30d2a7e90d7dc361c8c4585e9bb7d2f6f15bc7
0x45272b8f62e9f9fa8ce04420e1aea3eba9686eac,0xaf30d2a7e90d7dc361c8c4585e9bb7d2f6f15bc7
0xd86a27f42093ba52274cc1da7ae51b38d3493520,0xaf30d2a7e90d7dc361c8c4585e9bb7d2f6f15bc7
0xba7f562a570f78171f1e2a4a40c99e213be73837,0xaf30d2a7e90d7dc361c8c4585e9bb7d2f6f15bc7
0xe68f213165ee9bf3e1bf2542248c0da978e74468,0xaf30d2a7e90d7dc361c8c4585e9bb7d2f6f15bc7
0xca6ab2e6778aef3daff16c0b8338a880e2ce64fc,0xaf30d2a7e90d7dc361c8c4585e9bb7d2f6f15bc7
0xe95c51ba561d24ae1af77d41297a0a9ecfa7018e,0xaf30d2a7e90d7dc361c8c4585e9bb7d2f6f15bc7
0xe86b5537aad8e0eaa302f09752a493dc7cd2b9dd,0xaf30d2a7e90d7dc361c8c4585e9bb7d2f6f15bc7
0x7b93221b0421045824ec9949a17267d77360c71e,0xaf30d2a7e90d7dc361c8c4585e9bb7d2f6f15bc7
0xd5170c0b3220bf827635bffc5bf0fab6389d278b,0xaf30d2a7e90d7dc361c8c4585e9bb7d2f6f15bc7
0xd0bb73ae5be8da96863efbf4283b1215d9ad7242,0xaf30d2a7e90d7dc361c8c4585e9bb7d2f6f15bc7
0x9fdbde029f646a2b077e14cc40a8ce3921c4688e,0xaf30d2a7e90d7dc361c8c4585e9bb7d2f6f15bc7
0xe86b5537aad8e0eaa302f09752a493dc7cd2b9dd,0xaf30d2a7e90d7dc361c8c4585e9bb7d2f6f15bc7
0xcff3124eb500576625fd6188bbcc607dce938e40,0xaf30d2a7e90d7dc361c8c4585e9bb7d2f6f15bc7
0xff6fbca87b228d0ab0c68f4c02067e69c402c04c,0xaf30d2a7e90d7dc361c8c4585e9bb7d2f6f15bc7
0x3fa91e7cd704fea210bfbed1c606cb9ba9395d63,0xaf30d2a7e90d7dc361c8c4585e9bb7d2f6f15bc7
0xef24999a1984bf1296a86c1803476a179ff8c33c,0xaf30d2a7e90d7dc361c8c4585e9bb7d2f6f15bc7
0x2632ed942c716534e41351b9c34e6f1f85675159,0xaf30d2a7e90d7dc361c8c4585e9bb7d2f6f15bc7
0x9f7fae84d03452b1121adbcd474f2be9d81ea2a1,0xaf30d2a7e90d7dc361c8c4585e9bb7d2f6f15bc7
0xe86b5537aad8e0eaa302f09752a493dc7cd2b9dd,0xaf30d2a7e90d7dc361c8c4585e9bb7d2f6f15bc7
0xe86b5537aad8e0eaa302f09752a493dc7cd2b9dd,0xaf30d2a7e90d7dc361c8c4585e9bb7d2f6f15bc7
0xe86b5537aad8e0eaa302f09752a493dc7cd2b9dd,0xaf30d2a7e90d7dc361c8c4585e9bb7d2f6f15bc7
0xef24999a1984bf1296a86c1803476a179ff8c33c,0xaf30d2a7e90d7dc361c8c4585e9bb7d2f6f15bc7
0x916ce7e5779bfbc3ecfe89d82ea914f0d20b7301,0xaf30d2a7e90d7dc361c8c4585e9bb7d2f6f15bc7
0xaf9c522e2377b0ef3951f5ab2f7bc5029e229cf0,0xaf30d2a7e90d7dc361c8c4585e9bb7d2f6f15bc7
0xfbddf75058f89edb9376fc23ee9532298249714b,0xaf30d2a7e90d7dc361c8c4585e9bb7d2f6f15bc7
0x61fb97219824357875cef57ba312cc38f7606b31,0xaf30d2a7e90d7dc361c8c4585e9bb7d2f6f15bc7
0xa13556ae5365de0760dcff854c290916c5caba01,0xaf30d2a7e90d7dc361c8c4585e9bb7d2f6f15bc7
0x7f32bc523608c3e7a0ab52c10a43f3cf428fd60b,0xaf30d2a7e90d7dc361c8c4585e9bb7d2f6f15bc7
0x68345d65ba6b07d5796d1b5efa5bf5553fa47f22,0xaf30d2a7e90d7dc361c8c4585e9bb7d2f6f15bc7
0xdf33b0500e6232904594704730e557683303dfd6,0xaf30d2a7e90d7dc361c8c4585e9bb7d2f6f15bc7
0xe86b5537aad8e0eaa302f09752a493dc7cd2b9dd,0xaf30d2a7e90d7dc361c8c4585e9bb7d2f6f15bc7
0x9a8f454a1a6c6c15ff0c548c10ecd43d82554b6b,0xaf30d2a7e90d7dc361c8c4585e9bb7d2f6f15bc7
0xf92b917bc58b221ad8c99283d9a07b20f92bdc3a,0xaf30d2a7e90d7dc361c8c4585e9bb7d2f6f15bc7
0xe68f213165ee9bf3e1bf2542248c0da978e74468,0xaf30d2a7e90d7dc361c8c4585e9bb7d2f6f15bc7
0x2c9e6d43bb31e3b37e6c03ca1165b42634d31310,0xaf30d2a7e90d7dc361c8c4585e9bb7d2f6f15bc7
0x44aa2a22225132a50d3cbbf3d4f132525deebbdb,0xaf30d2a7e90d7dc361c8c4585e9bb7d2f6f15bc7
0x6c5a70d2a045177d59d9474dbc5af8cba5ba4b34,0xaf30d2a7e90d7dc361c8c4585e9bb7d2f6f15bc7
0x1840081d3f9b4a44638e62f9b1db5fdb796bee1d,0xaf30d2a7e90d7dc361c8c4585e9bb7d2f6f15bc7
0x5161fd49e847f67455f1c8bb7abb36e985260d03,0xaf30d2a7e90d7dc361c8c4585e9bb7d2f6f15bc7
0xc2f444d379e3c5583cd9bbd25ca5eb43b0c1c654,0xaf30d2a7e90d7dc361c8c4585e9bb7d2f6f15bc7
0xea2c5ec5fcb9f46085d114996b516851f7d0c2bd,0xaf30d2a7e90d7dc361c8c4585e9bb7d2f6f15bc7
0xb23d88e9dbe487fcfab8521f56ec2b72368769f9,0xaf30d2a7e90d7dc361c8c4585e9bb7d2f6f15bc7
0x2bbb8fc3a07b4eae06edceab5d0578d87e3b565a,0xaf30d2a7e90d7dc361c8c4585e9bb7d2f6f15bc7
0xe3bdd387764815093e01b299b64bd0465ed39623,0xaf30d2a7e90d7dc361c8c4585e9bb7d2f6f15bc7
0xe3184d262b31838e3b9ecddf5a8028f766b9f877,0xaf30d2a7e90d7dc361c8c4585e9bb7d2f6f15bc7
0x74ae1d2092b00c66e519238c1fd42c5e902ded81,0xaf30d2a7e90d7dc361c8c4585e9bb7d2f6f15bc7
0x7b175b5ef94dcec49412965e93eb218bba504109,0xaf30d2a7e90d7dc361c8c4585e9bb7d2f6f15bc7
0xa63aa5a272f9255ca3bcf9e9121ed5e62bfbe851,0xaf30d2a7e90d7dc361c8c4585e9bb7d2f6f15bc7
0x846ec9bcde65b718289135d82550efc1bb83e262,0xaf30d2a7e90d7dc361c8c4585e9bb7d2f6f15bc7
0xe7dab24215fa1981420b59e0e308ceb781cdab9c,0xaf30d2a7e90d7dc361c8c4585e9bb7d2f6f15bc7
0x97146db2a9feead52ec43cef871aa04dc3663f25,0xaf30d2a7e90d7dc361c8c4585e9bb7d2f6f15bc7
0xfa9bd978682432f15738ba5a71cf8848247ce9e3,0xaf30d2a7e90d7dc361c8c4585e9bb7d2f6f15bc7
0x4e0b642b068b66dd5794e0adad6f2a9463d47399,0xaf30d2a7e90d7dc361c8c4585e9bb7d2f6f15bc7
0xb2add00a07a6752bbddb2f3015cbaa83c55acca8,0xaf30d2a7e90d7dc361c8c4585e9bb7d2f6f15bc7
0x2769b20957334a10e8b742c86ea9cdbb084973d2,0xaf30d2a7e90d7dc361c8c4585e9bb7d2f6f15bc7
0x1926851a0457dd9046f26c0ceddcbed749e6a55b,0xaf30d2a7e90d7dc361c8c4585e9bb7d2f6f15bc7
0x19b5042e2b37468de022547d1f0873a1e5f05648,0xaf30d2a7e90d7dc361c8c4585e9bb7d2f6f15bc7
0x488ad7792176683e7878f2b55f27b34a957a8abd,0xaf30d2a7e90d7dc361c8c4585e9bb7d2f6f15bc7
0x94c5997de57a6c7e8ba94c88e4bfbf9c5af7ff33,0xaf30d2a7e90d7dc361c8c4585e9bb7d2f6f15bc7
0xcff3124eb500576625fd6188bbcc607dce938e40,0xaf30d2a7e90d7dc361c8c4585e9bb7d2f6f15bc7
0x7c414811f6155802e075ee7625384d719f1044c8,0xaf30d2a7e90d7dc361c8c4585e9bb7d2f6f15bc7
0x9702a224b8ee591cb6dfef5777a560f66fc0d5dd,0xaf30d2a7e90d7dc361c8c4585e9bb7d2f6f15bc7
0xef5184cd2bbb274d787beab010141a0a85626e7b,0xaf30d2a7e90d7dc361c8c4585e9bb7d2f6f15bc7
0xa2da7a71aea732ac4590bd7077b386c2597f19ed,0xaf30d2a7e90d7dc361c8c4585e9bb7d2f6f15bc7
0xd56071c1e932ca4d4171f731d0ed077aab5dfa9f,0xaf30d2a7e90d7dc361c8c4585e9bb7d2f6f15bc7
0xe95c51ba561d24ae1af77d41297a0a9ecfa7018e,0xaf30d2a7e90d7dc361c8c4585e9bb7d2f6f15bc7
0x488ad7792176683e7878f2b55f27b34a957a8abd,0xaf30d2a7e90d7dc361c8c4585e9bb7d2f6f15bc7
0x5a067cea28d69cb91df0bf0baf932d1525c4f303,0xaf30d2a7e90d7dc361c8c4585e9bb7d2f6f15bc7
0xc0c7b6c5f0c458fb256c15df1ef60ee0eb3624f6,0xaf30d2a7e90d7dc361c8c4585e9bb7d2f6f15bc7
0x2632ed942c716534e41351b9c34e6f1f85675159,0xaf30d2a7e90d7dc361c8c4585e9bb7d2f6f15bc7
0x4e0b642b068b66dd5794e0adad6f2a9463d47399,0xaf30d2a7e90d7dc361c8c4585e9bb7d2f6f15bc7
0xc2f444d379e3c5583cd9bbd25ca5eb43b0c1c654,0xaf30d2a7e90d7dc361c8c4585e9bb7d2f6f15bc7
0x4c98fea825da74690e20882827d57bc60843e444,0xaf30d2a7e90d7dc361c8c4585e9bb7d2f6f15bc7
0x61fb97219824357875cef57ba312cc38f7606b31,0xaf30d2a7e90d7dc361c8c4585e9bb7d2f6f15bc7
0x357c4d1e96252370ee0ee01ec7a912c9bab916ab,0xaf30d2a7e90d7dc361c8c4585e9bb7d2f6f15bc7
0x567efd28778f235044c04a7194bd888f6cdbdd1c,0xaf30d2a7e90d7dc361c8c4585e9bb7d2f6f15bc7
0xb23d88e9dbe487fcfab8521f56ec2b72368769f9,0xaf30d2a7e90d7dc361c8c4585e9bb7d2f6f15bc7
0xe1d763c60f773f9030bc879c7ebe9ae1079c3fa7,0xaf30d2a7e90d7dc361c8c4585e9bb7d2f6f15bc7
0xd5170c0b3220bf827635bffc5bf0fab6389d278b,0xaf30d2a7e90d7dc361c8c4585e9bb7d2f6f15bc7
0x488ad7792176683e7878f2b55f27b34a957a8abd,0xaf30d2a7e90d7dc361c8c4585e9bb7d2f6f15bc7
0x500e9fcee39a071c476c749bcb988c617381b8c5,0xaf30d2a7e90d7dc361c8c4585e9bb7d2f6f15bc7
0x1926851a0457dd9046f26c0ceddcbed749e6a55b,0xaf30d2a7e90d7dc361c8c4585e9bb7d2f6f15bc7
0xf8fffdcb6b8b88372b6ae42257f66d93e5189ac9,0xaf30d2a7e90d7dc361c8c4585e9bb7d2f6f15bc7
0x3f2fcbc8e8d1ffa587069dd64868b8bc1d74a881,0xaf30d2a7e90d7dc361c8c4585e9bb7d2f6f15bc7
0x784ea304e88a1fac5cf7d4f17f6d26487616bd7f,0xaf30d2a7e90d7dc361c8c4585e9bb7d2f6f15bc7
0x61fb97219824357875cef57ba312cc38f7606b31,0xaf30d2a7e90d7dc361c8c4585e9bb7d2f6f15bc7
0xbe5d26513e88c593fb32ea074e5749ea1fd0d188,0xaf30d2a7e90d7dc361c8c4585e9bb7d2f6f15bc7
0xcea40d2ca205a4d53337969cd637a671b9f0b9a7,0xaf30d2a7e90d7dc361c8c4585e9bb7d2f6f15bc7
0x784ea304e88a1fac5cf7d4f17f6d26487616bd7f,0xaf30d2a7e90d7dc361c8c4585e9bb7d2f6f15bc7
0x6fabfe96206adc6596bb817e3e06c8b4f694f8cd,0xaf30d2a7e90d7dc361c8c4585e9bb7d2f6f15bc7
0x357c4d1e96252370ee0ee01ec7a912c9bab916ab,0xaf30d2a7e90d7dc361c8c4585e9bb7d2f6f15bc7
0x65bf7fd789bd702c20d5e59a7479e3f4ad1b5905,0xaf30d2a7e90d7dc361c8c4585e9bb7d2f6f15bc7
0x2632ed942c716534e41351b9c34e6f1f85675159,0xaf30d2a7e90d7dc361c8c4585e9bb7d2f6f15bc7
0x784ea304e88a1fac5cf7d4f17f6d26487616bd7f,0xaf30d2a7e90d7dc361c8c4585e9bb7d2f6f15bc7
0xcf5a4168fd55492c3dd16b94d10058cf957f8825,0xaf30d2a7e90d7dc361c8c4585e9bb7d2f6f15bc7
0xaea61a07ee0283952be14aac6d8855d771412658,0xaf30d2a7e90d7dc361c8c4585e9bb7d2f6f15bc7
0x2d11763b4999fb3b61ca8d19c8c77a743079f7bd,0xaf30d2a7e90d7dc361c8c4585e9bb7d2f6f15bc7
0xc046b59484843b2af6ca105afd88a3ab60e9b7cd,0xaf30d2a7e90d7dc361c8c4585e9bb7d2f6f15bc7
0x784ea304e88a1fac5cf7d4f17f6d26487616bd7f,0xaf30d2a7e90d7dc361c8c4585e9bb7d2f6f15bc7
0x60a6d871fd960d241d851b675a26b06edac66e01,0xaf30d2a7e90d7dc361c8c4585e9bb7d2f6f15bc7
0xd1f7ba51a0792719bfaad36d5401f9211ecd5913,0xaf30d2a7e90d7dc361c8c4585e9bb7d2f6f15bc7
0x6a618ea1715524253fa79cab6ce2c3eb1f5d092a,0xaf30d2a7e90d7dc361c8c4585e9bb7d2f6f15bc7
0xf8fffdcb6b8b88372b6ae42257f66d93e5189ac9,0xaf30d2a7e90d7dc361c8c4585e9bb7d2f6f15bc7
0xe86b5537aad8e0eaa302f09752a493dc7cd2b9dd,0xaf30d2a7e90d7dc361c8c4585e9bb7d2f6f15bc7
0x114ee4ee7e6c4bf88c112a1cd1590c82e71ab298,0xaf30d2a7e90d7dc361c8c4585e9bb7d2f6f15bc7
0xcab11ccee79190d7f2fea983347285631acacf87,0xaf30d2a7e90d7dc361c8c4585e9bb7d2f6f15bc7
0xca6ab2e6778aef3daff16c0b8338a880e2ce64fc,0xaf30d2a7e90d7dc361c8c4585e9bb7d2f6f15bc7
0xb4dc54df11d2dcecd046e5c7318fb241a73ee370,0xaf30d2a7e90d7dc361c8c4585e9bb7d2f6f15bc7
0xbce0211700e08f4a71138250f362ce0fcfd72fba,0xaf30d2a7e90d7dc361c8c4585e9bb7d2f6f15bc7
0x36e81541e514375c6c4f06d778133a34d3901806,0xaf30d2a7e90d7dc361c8c4585e9bb7d2f6f15bc7
0x411d575238fd659680de4715eeed25340753ed51,0xaf30d2a7e90d7dc361c8c4585e9bb7d2f6f15bc7
0x6c5a70d2a045177d59d9474dbc5af8cba5ba4b34,0xaf30d2a7e90d7dc361c8c4585e9bb7d2f6f15bc7
0x3f2fcbc8e8d1ffa587069dd64868b8bc1d74a881,0xaf30d2a7e90d7dc361c8c4585e9bb7d2f6f15bc7
0x6f59f3ed5a7bcd5b021d1adb959a1e255458644c,0xaf30d2a7e90d7dc361c8c4585e9bb7d2f6f15bc7
0x3f2fcbc8e8d1ffa587069dd64868b8bc1d74a881,0xaf30d2a7e90d7dc361c8c4585e9bb7d2f6f15bc7
0x51516a5dd91b29bae00532918f8e32259521a1da,0xaf30d2a7e90d7dc361c8c4585e9bb7d2f6f15bc7
0xf8fffdcb6b8b88372b6ae42257f66d93e5189ac9,0xaf30d2a7e90d7dc361c8c4585e9bb7d2f6f15bc7
0xbe5d26513e88c593fb32ea074e5749ea1fd0d188,0xaf30d2a7e90d7dc361c8c4585e9bb7d2f6f15bc7
0x7bc1cb73e68b3a71759f701e42df4280717b8ba2,0xaf30d2a7e90d7dc361c8c4585e9bb7d2f6f15bc7
0x68b4c2808c6e9808207b34f57c02f77f7b82a263,0xaf30d2a7e90d7dc361c8c4585e9bb7d2f6f15bc7
0x6f59f3ed5a7bcd5b021d1adb959a1e255458644c,0xaf30d2a7e90d7dc361c8c4585e9bb7d2f6f15bc7
0xd5170c0b3220bf827635bffc5bf0fab6389d278b,0xaf30d2a7e90d7dc361c8c4585e9bb7d2f6f15bc7
0xa3de57a551f08e507303ced36d15029b2c3f6a90,0xaf30d2a7e90d7dc361c8c4585e9bb7d2f6f15bc7
0x357c4d1e96252370ee0ee01ec7a912c9bab916ab,0xaf30d2a7e90d7dc361c8c4585e9bb7d2f6f15bc7
0x1a67f898029a40402efe160fd311184369475c0b,0xaf30d2a7e90d7dc361c8c4585e9bb7d2f6f15bc7
0x68345d65ba6b07d5796d1b5efa5bf5553fa47f22,0xaf30d2a7e90d7dc361c8c4585e9bb7d2f6f15bc7
0x1508aba747c55e1eddd636cac6e09c9037b56533,0xaf30d2a7e90d7dc361c8c4585e9bb7d2f6f15bc7
0x44aa2a22225132a50d3cbbf3d4f132525deebbdb,0xaf30d2a7e90d7dc361c8c4585e9bb7d2f6f15bc7
0xe1420b828cd2cb6c0d0488992e8176c25b4d7748,0xaf30d2a7e90d7dc361c8c4585e9bb7d2f6f15bc7
0xc9d385cab197e039ac1234b518f44fd811082273,0xaf30d2a7e90d7dc361c8c4585e9bb7d2f6f15bc7
0x943c65ee8d543c8d6ab980a3acd714f4ad28d942,0xaf30d2a7e90d7dc361c8c4585e9bb7d2f6f15bc7
0x1508aba747c55e1eddd636cac6e09c9037b56533,0xaf30d2a7e90d7dc361c8c4585e9bb7d2f6f15bc7
0x1508aba747c55e1eddd636cac6e09c9037b56533,0xaf30d2a7e90d7dc361c8c4585e9bb7d2f6f15bc7
0x928a4a9c6383832aa166c4b1397c83e17ad476bc,0xaf30d2a7e90d7dc361c8c4585e9bb7d2f6f15bc7
0x61fb97219824357875cef57ba312cc38f7606b31,0xaf30d2a7e90d7dc361c8c4585e9bb7d2f6f15bc7
0x9fdbde029f646a2b077e14cc40a8ce3921c4688e,0xaf30d2a7e90d7dc361c8c4585e9bb7d2f6f15bc7
0x3f2fcbc8e8d1ffa587069dd64868b8bc1d74a881,0xaf30d2a7e90d7dc361c8c4585e9bb7d2f6f15bc7
0x6cf7d6a990fc023a28139f761f850d53b6f08951,0xaf30d2a7e90d7dc361c8c4585e9bb7d2f6f15bc7
0xf8fffdcb6b8b88372b6ae42257f66d93e5189ac9,0xaf30d2a7e90d7dc361c8c4585e9bb7d2f6f15bc7
0x1508aba747c55e1eddd636cac6e09c9037b56533,0xaf30d2a7e90d7dc361c8c4585e9bb7d2f6f15bc7
0x1508aba747c55e1eddd636cac6e09c9037b56533,0xaf30d2a7e90d7dc361c8c4585e9bb7d2f6f15bc7
0x1508aba747c55e1eddd636cac6e09c9037b56533,0xaf30d2a7e90d7dc361c8c4585e9bb7d2f6f15bc7
0x5a067cea28d69cb91df0bf0baf932d1525c4f303,0xaf30d2a7e90d7dc361c8c4585e9bb7d2f6f15bc7
0xd916f0ff3f188d1707999c35a5593a77daf61d77,0xaf30d2a7e90d7dc361c8c4585e9bb7d2f6f15bc7
0xa112c6f341904565fcf6aa14e619c7c7e7775627,0xaf30d2a7e90d7dc361c8c4585e9bb7d2f6f15bc7
0x94c5997de57a6c7e8ba94c88e4bfbf9c5af7ff33,0xaf30d2a7e90d7dc361c8c4585e9bb7d2f6f15bc7
0x44c611886f63f208f17d9282a9bd74f549883110,0xaf30d2a7e90d7dc361c8c4585e9bb7d2f6f15bc7
0x51516a5dd91b29bae00532918f8e32259521a1da,0xaf30d2a7e90d7dc361c8c4585e9bb7d2f6f15bc7
0xe334c2f2a6749efd1747bb28544751df51917e3c,0xaf30d2a7e90d7dc361c8c4585e9bb7d2f6f15bc7
0x2a1da579c32db7866624848199a8e4b951283ccc,0xaf30d2a7e90d7dc361c8c4585e9bb7d2f6f15bc7
0x43ee27fe2c11ada3b15056268e1bd543c2c701e3,0xaf30d2a7e90d7dc361c8c4585e9bb7d2f6f15bc7
0x4c98fea825da74690e20882827d57bc60843e444,0xaf30d2a7e90d7dc361c8c4585e9bb7d2f6f15bc7
0xa112c6f341904565fcf6aa14e619c7c7e7775627,0xaf30d2a7e90d7dc361c8c4585e9bb7d2f6f15bc7
0xbafda264ae31420f8c9fcc6c85ef7058f8a579ce,0xaf30d2a7e90d7dc361c8c4585e9bb7d2f6f15bc7
0x39ee4fe00fbced647068d4f57c01cb22a80bccd1,0xaf30d2a7e90d7dc361c8c4585e9bb7d2f6f15bc7
0xb9563c5309f9b00dbd1ef2e7efa4ab3172f12590,0xaf30d2a7e90d7dc361c8c4585e9bb7d2f6f15bc7
0x42da8a05cb7ed9a43572b5ba1b8f82a0a6e263dc,0xaf30d2a7e90d7dc361c8c4585e9bb7d2f6f15bc7
0xbe2bfade5d20531704bc846c5354c6e22b6989a7,0xaf30d2a7e90d7dc361c8c4585e9bb7d2f6f15bc7
0xd0078281d7f62a68765b422ea8b24266d71ae4ed,0xaf30d2a7e90d7dc361c8c4585e9bb7d2f6f15bc7
0x684252ec7964bf3012c0c11590fa9419166981a7,0xaf30d2a7e90d7dc361c8c4585e9bb7d2f6f15bc7
0x1a67f898029a40402efe160fd311184369475c0b,0xaf30d2a7e90d7dc361c8c4585e9bb7d2f6f15bc7
0xb42a497bef65f8db7dbe3a80fbc78097d079a687,0xaf30d2a7e90d7dc361c8c4585e9bb7d2f6f15bc7
0xf3fe51fde34413c73318b9c85437fe7e820f561a,0xaf30d2a7e90d7dc361c8c4585e9bb7d2f6f15bc7
0x22990aad9e7e91e711f9cf55b6dae7b5f272458c,0xaf30d2a7e90d7dc361c8c4585e9bb7d2f6f15bc7
0xedd89d2d7f55991b1e68beb682e526784bf0299f,0xaf30d2a7e90d7dc361c8c4585e9bb7d2f6f15bc7
0xc0c7b6c5f0c458fb256c15df1ef60ee0eb3624f6,0xaf30d2a7e90d7dc361c8c4585e9bb7d2f6f15bc7
0x7292e62b1a389fdfbda315f4359009fbadbf9311,0xaf30d2a7e90d7dc361c8c4585e9bb7d2f6f15bc7
0xef24999a1984bf1296a86c1803476a179ff8c33c,0xaf30d2a7e90d7dc361c8c4585e9bb7d2f6f15bc7
0xfbfcbb268eabf8c9dba46d7bdcd7451abb01edc6,0xaf30d2a7e90d7dc361c8c4585e9bb7d2f6f15bc7
0x68b4c2808c6e9808207b34f57c02f77f7b82a263,0xaf30d2a7e90d7dc361c8c4585e9bb7d2f6f15bc7
0x36e81541e514375c6c4f06d778133a34d3901806,0xaf30d2a7e90d7dc361c8c4585e9bb7d2f6f15bc7
0x9fdbde029f646a2b077e14cc40a8ce3921c4688e,0xaf30d2a7e90d7dc361c8c4585e9bb7d2f6f15bc7
0x3f2fcbc8e8d1ffa587069dd64868b8bc1d74a881,0xaf30d2a7e90d7dc361c8c4585e9bb7d2f6f15bc7
0x7b93221b0421045824ec9949a17267d77360c71e,0xaf30d2a7e90d7dc361c8c4585e9bb7d2f6f15bc7
0xa508f5f8be9502cfb210d2c7958a8f211ab496b3,0xaf30d2a7e90d7dc361c8c4585e9bb7d2f6f15bc7
0x500e9fcee39a071c476c749bcb988c617381b8c5,0xaf30d2a7e90d7dc361c8c4585e9bb7d2f6f15bc7
0xd916f0ff3f188d1707999c35a5593a77daf61d77,0xaf30d2a7e90d7dc361c8c4585e9bb7d2f6f15bc7
0xbe5d26513e88c593fb32ea074e5749ea1fd0d188,0xaf30d2a7e90d7dc361c8c4585e9bb7d2f6f15bc7
0xb90c2f7a6d6be5647f232bafa27feca953258f86,0xaf30d2a7e90d7dc361c8c4585e9bb7d2f6f15bc7
0x4e0b642b068b66dd5794e0adad6f2a9463d47399,0xaf30d2a7e90d7dc361c8c4585e9bb7d2f6f15bc7
0xb5ee68c6996095fac316023437fe0abd4e55193e,0xaf30d2a7e90d7dc361c8c4585e9bb7d2f6f15bc7
0x94c5997de57a6c7e8ba94c88e4bfbf9c5af7ff33,0xaf30d2a7e90d7dc361c8c4585e9bb7d2f6f15bc7
0x51516a5dd91b29bae00532918f8e32259521a1da,0xaf30d2a7e90d7dc361c8c4585e9bb7d2f6f15bc7
0xa2da7a71aea732ac4590bd7077b386c2597f19ed,0xaf30d2a7e90d7dc361c8c4585e9bb7d2f6f15bc7
0xadd5e2b93dfa48ed09b034e76b397a16587add79,0xaf30d2a7e90d7dc361c8c4585e9bb7d2f6f15bc7
0x4c98fea825da74690e20882827d57bc60843e444,0xaf30d2a7e90d7dc361c8c4585e9bb7d2f6f15bc7
0x6b928ebb2bf76905890975fbb09df558cf595a4d,0xaf30d2a7e90d7dc361c8c4585e9bb7d2f6f15bc7
0x5214803c763281b785cdc039b80605fd088d42ca,0xaf30d2a7e90d7dc361c8c4585e9bb7d2f6f15bc7
0x74ae1d2092b00c66e519238c1fd42c5e902ded81,0xaf30d2a7e90d7dc361c8c4585e9bb7d2f6f15bc7
0x9270d8670d129e335356ddb168ad03908463c1b6,0xaf30d2a7e90d7dc361c8c4585e9bb7d2f6f15bc7
0x44aa2a22225132a50d3cbbf3d4f132525deebbdb,0xaf30d2a7e90d7dc361c8c4585e9bb7d2f6f15bc7
0xcab11ccee79190d7f2fea983347285631acacf87,0xaf30d2a7e90d7dc361c8c4585e9bb7d2f6f15bc7
0x615f10afc812a651064336e08233458f220c5876,0xaf30d2a7e90d7dc361c8c4585e9bb7d2f6f15bc7
0x50f617990b328de3cce1e2921db91ac294f4eb1a,0xaf30d2a7e90d7dc361c8c4585e9bb7d2f6f15bc7
0xbe5d26513e88c593fb32ea074e5749ea1fd0d188,0xaf30d2a7e90d7dc361c8c4585e9bb7d2f6f15bc7
0xdf33b0500e6232904594704730e557683303dfd6,0xaf30d2a7e90d7dc361c8c4585e9bb7d2f6f15bc7
0xc9a466cf316bff886618e8ee2aa189e4516a32f2,0xaf30d2a7e90d7dc361c8c4585e9bb7d2f6f15bc7
0x8147cb56fef46b8cfaa883c55584de5ecdaad776,0xaf30d2a7e90d7dc361c8c4585e9bb7d2f6f15bc7
0xca7f0e60f41dce821de8d1e1e2725892eefeeef5,0xaf30d2a7e90d7dc361c8c4585e9bb7d2f6f15bc7
0x6c5a70d2a045177d59d9474dbc5af8cba5ba4b34,0xaf30d2a7e90d7dc361c8c4585e9bb7d2f6f15bc7
0xa13556ae5365de0760dcff854c290916c5caba01,0xaf30d2a7e90d7dc361c8c4585e9bb7d2f6f15bc7
0x83e1eed05495a03b261ece262a99fdad323bbe98,0xaf30d2a7e90d7dc361c8c4585e9bb7d2f6f15bc7
0x720f2f9fc4e953cc77268eac9f9a85320293fd91,0xaf30d2a7e90d7dc361c8c4585e9bb7d2f6f15bc7
0x79207e2c9986fc4400280299180b5ff73b7e4a96,0xaf30d2a7e90d7dc361c8c4585e9bb7d2f6f15bc7
0xd0bb73ae5be8da96863efbf4283b1215d9ad7242,0xaf30d2a7e90d7dc361c8c4585e9bb7d2f6f15bc7
0xa7c1786accf8b030a38832fd7ea14d7b34e12e84,0xaf30d2a7e90d7dc361c8c4585e9bb7d2f6f15bc7
0x943c65ee8d543c8d6ab980a3acd714f4ad28d942,0xaf30d2a7e90d7dc361c8c4585e9bb7d2f6f15bc7
0xb4dc54df11d2dcecd046e5c7318fb241a73ee370,0xaf30d2a7e90d7dc361c8c4585e9bb7d2f6f15bc7
0x1023cb1b49873683504e105185873a2f68ad0905,0xaf30d2a7e90d7dc361c8c4585e9bb7d2f6f15bc7
0x411d575238fd659680de4715eeed25340753ed51,0xaf30d2a7e90d7dc361c8c4585e9bb7d2f6f15bc7
0x113f4e2581ce9b305c09e8e122676a0bbb992249,0xaf30d2a7e90d7dc361c8c4585e9bb7d2f6f15bc7
0xce92f3837a58178f810d9f8dd433f7f34d8e3eb7,0xaf30d2a7e90d7dc361c8c4585e9bb7d2f6f15bc7
0x0032c9093f206695576376efa5738034deb708b4,0xaf30d2a7e90d7dc361c8c4585e9bb7d2f6f15bc7
0x4c98fea825da74690e20882827d57bc60843e444,0xaf30d2a7e90d7dc361c8c4585e9bb7d2f6f15bc7
0x5214803c763281b785cdc039b80605fd088d42ca,0xaf30d2a7e90d7dc361c8c4585e9bb7d2f6f15bc7
0xdf33b0500e6232904594704730e557683303dfd6,0xaf30d2a7e90d7dc361c8c4585e9bb7d2f6f15bc7
0x5fa25511bdc5e3ba14e7d76b7105c7061871175a,0xaf30d2a7e90d7dc361c8c4585e9bb7d2f6f15bc7
0x94c5997de57a6c7e8ba94c88e4bfbf9c5af7ff33,0xaf30d2a7e90d7dc361c8c4585e9bb7d2f6f15bc7
0x5fa25511bdc5e3ba14e7d76b7105c7061871175a,0xaf30d2a7e90d7dc361c8c4585e9bb7d2f6f15bc7
0x5fa25511bdc5e3ba14e7d76b7105c7061871175a,0xaf30d2a7e90d7dc361c8c4585e9bb7d2f6f15bc7
0x5fa25511bdc5e3ba14e7d76b7105c7061871175a,0xaf30d2a7e90d7dc361c8c4585e9bb7d2f6f15bc7
0x5fa25511bdc5e3ba14e7d76b7105c7061871175a,0xaf30d2a7e90d7dc361c8c4585e9bb7d2f6f15bc7
0x5fa25511bdc5e3ba14e7d76b7105c7061871175a,0xaf30d2a7e90d7dc361c8c4585e9bb7d2f6f15bc7
0x5fa25511bdc5e3ba14e7d76b7105c7061871175a,0xaf30d2a7e90d7dc361c8c4585e9bb7d2f6f15bc7
0xb26477286af3ea304deb2f22f674418ad4a4a7cf,0xaf30d2a7e90d7dc361c8c4585e9bb7d2f6f15bc7
0x2fb0a8e5f5ad7e4c5a5bb14d12c89cf75696f264,0xaf30d2a7e90d7dc361c8c4585e9bb7d2f6f15bc7
0xdc6ad99b4ecbddfab5c514d6d16a8d8592ba7be6,0xaf30d2a7e90d7dc361c8c4585e9bb7d2f6f15bc7
0x5fa25511bdc5e3ba14e7d76b7105c7061871175a,0xaf30d2a7e90d7dc361c8c4585e9bb7d2f6f15bc7
0x9e90164b422fb3bc59cda0ab9bd58760e7badaf0,0xaf30d2a7e90d7dc361c8c4585e9bb7d2f6f15bc7
0x4c98fea825da74690e20882827d57bc60843e444,0xaf30d2a7e90d7dc361c8c4585e9bb7d2f6f15bc7
0x5fa25511bdc5e3ba14e7d76b7105c7061871175a,0xaf30d2a7e90d7dc361c8c4585e9bb7d2f6f15bc7
0x85b80c8ccf06e9dd418da98b90cb0641268b4a95,0xaf30d2a7e90d7dc361c8c4585e9bb7d2f6f15bc7
0xdf33b0500e6232904594704730e557683303dfd6,0xaf30d2a7e90d7dc361c8c4585e9bb7d2f6f15bc7
0xcf53274c4245caf86be88894d2a228763904af9d,0xaf30d2a7e90d7dc361c8c4585e9bb7d2f6f15bc7
0x60a6d871fd960d241d851b675a26b06edac66e01,0xaf30d2a7e90d7dc361c8c4585e9bb7d2f6f15bc7
0x5e18039b66a2e0d468914adf3398db24a7f7b57c,0xaf30d2a7e90d7dc361c8c4585e9bb7d2f6f15bc7
0xadd5e2b93dfa48ed09b034e76b397a16587add79,0xaf30d2a7e90d7dc361c8c4585e9bb7d2f6f15bc7
0xbadd43079abfc74dcfede4697a2bd5c3735b52fd,0xaf30d2a7e90d7dc361c8c4585e9bb7d2f6f15bc7
0x7b93221b0421045824ec9949a17267d77360c71e,0xaf30d2a7e90d7dc361c8c4585e9bb7d2f6f15bc7
0x36e81541e514375c6c4f06d778133a34d3901806,0xaf30d2a7e90d7dc361c8c4585e9bb7d2f6f15bc7
0xfb8b7f2cf86e2301d439b2dd34f2144225324fe1,0xaf30d2a7e90d7dc361c8c4585e9bb7d2f6f15bc7
0xd7078888d2de11775b3d8b7bcd61906df6e784a1,0xaf30d2a7e90d7dc361c8c4585e9bb7d2f6f15bc7
0x167a9333bf582556f35bd4d16a7e80e191aa6476,0xaf30d2a7e90d7dc361c8c4585e9bb7d2f6f15bc7
0x631b7c99cb1b2248e34011e904858b3d9da251e7,0xaf30d2a7e90d7dc361c8c4585e9bb7d2f6f15bc7
0xbe5d26513e88c593fb32ea074e5749ea1fd0d188,0xaf30d2a7e90d7dc361c8c4585e9bb7d2f6f15bc7
0x4c98fea825da74690e20882827d57bc60843e444,0xaf30d2a7e90d7dc361c8c4585e9bb7d2f6f15bc7
0xe334c2f2a6749efd1747bb28544751df51917e3c,0xaf30d2a7e90d7dc361c8c4585e9bb7d2f6f15bc7
0xdf33b0500e6232904594704730e557683303dfd6,0xaf30d2a7e90d7dc361c8c4585e9bb7d2f6f15bc7
0x51516a5dd91b29bae00532918f8e32259521a1da,0xaf30d2a7e90d7dc361c8c4585e9bb7d2f6f15bc7
0x45c724aa01123e87b0ec5641011c6faf3abb5cde,0xaf30d2a7e90d7dc361c8c4585e9bb7d2f6f15bc7
0xfaa7d4e05943fee2bdf055ae729925ec89cd8ff5,0xaf30d2a7e90d7dc361c8c4585e9bb7d2f6f15bc7
0x5ada3743144f1235d8cef97daad6c123f20e7330,0xaf30d2a7e90d7dc361c8c4585e9bb7d2f6f15bc7
0xe716f575300ec683d4a2419081f7157b37218f4b,0xaf30d2a7e90d7dc361c8c4585e9bb7d2f6f15bc7
0x0d05b9f9ed0b149d91d91ce7ba89df11e9abb53f,0xaf30d2a7e90d7dc361c8c4585e9bb7d2f6f15bc7
0xdf33b0500e6232904594704730e557683303dfd6,0xaf30d2a7e90d7dc361c8c4585e9bb7d2f6f15bc7
0x3e65367044284ba0b828dd123673a0112b529dab,0xaf30d2a7e90d7dc361c8c4585e9bb7d2f6f15bc7
0x231f9a03480ec95c0842b52270ad719a25142afd,0xaf30d2a7e90d7dc361c8c4585e9bb7d2f6f15bc7
0x4efb30ea4f70f386600f3eaeb716546a4660d94b,0xaf30d2a7e90d7dc361c8c4585e9bb7d2f6f15bc7
0x9e74b8b6351c2d32e6b5e7f02f641187927dd329,0xaf30d2a7e90d7dc361c8c4585e9bb7d2f6f15bc7
0x32be343b94f860124dc4fee278fdcbd38c102d88,0xaf30d2a7e90d7dc361c8c4585e9bb7d2f6f15bc7
0x42da8a05cb7ed9a43572b5ba1b8f82a0a6e263dc,0xaf30d2a7e90d7dc361c8c4585e9bb7d2f6f15bc7
0x8aee953da2690d0a9918dfbf1b0c22a610e3cbd0,0xaf30d2a7e90d7dc361c8c4585e9bb7d2f6f15bc7
0xfb2e0cbffad5e258089fa9334fed0764d25ca939,0xaf30d2a7e90d7dc361c8c4585e9bb7d2f6f15bc7
0x60cd6f29ac6e86e12dfc680e0031e13678b17b4d,0xaf30d2a7e90d7dc361c8c4585e9bb7d2f6f15bc7
0x1ea13cef807ce5103e9df5a729094b956b05ee0b,0xaf30d2a7e90d7dc361c8c4585e9bb7d2f6f15bc7
0xf1122dbd74bd3ecf7f953828bcc5c2df97db2ed2,0xaf30d2a7e90d7dc361c8c4585e9bb7d2f6f15bc7
0x71555429e452135d8a033d71a40036a813c74df7,0xaf30d2a7e90d7dc361c8c4585e9bb7d2f6f15bc7
0x08cb9a3e3c7d2a6f01854ea8de18b998aae7e6c6,0xaf30d2a7e90d7dc361c8c4585e9bb7d2f6f15bc7
0x22fc576f5d46779783638f27af399cfcd3da0815,0xaf30d2a7e90d7dc361c8c4585e9bb7d2f6f15bc7
0x4b73f2d728780174ca699dc49e9c930330b7d03f,0xaf30d2a7e90d7dc361c8c4585e9bb7d2f6f15bc7
0x631b7c99cb1b2248e34011e904858b3d9da251e7,0xaf30d2a7e90d7dc361c8c4585e9bb7d2f6f15bc7
0x5e18039b66a2e0d468914adf3398db24a7f7b57c,0xaf30d2a7e90d7dc361c8c4585e9bb7d2f6f15bc7
0x50b19cc67aa23d2b36bf4603892cadc6ec276cf6,0xaf30d2a7e90d7dc361c8c4585e9bb7d2f6f15bc7
0x4de242fb2a196ab3478fff9b14668242823267fe,0xaf30d2a7e90d7dc361c8c4585e9bb7d2f6f15bc7
0x4c98fea825da74690e20882827d57bc60843e444,0xaf30d2a7e90d7dc361c8c4585e9bb7d2f6f15bc7
0xdf33b0500e6232904594704730e557683303dfd6,0xaf30d2a7e90d7dc361c8c4585e9bb7d2f6f15bc7
0xb5ee68c6996095fac316023437fe0abd4e55193e,0xaf30d2a7e90d7dc361c8c4585e9bb7d2f6f15bc7
0x36e81541e514375c6c4f06d778133a34d3901806,0xaf30d2a7e90d7dc361c8c4585e9bb7d2f6f15bc7
0x2fb0a8e5f5ad7e4c5a5bb14d12c89cf75696f264,0xaf30d2a7e90d7dc361c8c4585e9bb7d2f6f15bc7
0x5fa25511bdc5e3ba14e7d76b7105c7061871175a,0xaf30d2a7e90d7dc361c8c4585e9bb7d2f6f15bc7
0xdf33b0500e6232904594704730e557683303dfd6,0xaf30d2a7e90d7dc361c8c4585e9bb7d2f6f15bc7
0xc68df59127b12504ae252985eceb4be4bbd19388,0xaf30d2a7e90d7dc361c8c4585e9bb7d2f6f15bc7
0xbb2ed285cc79646cfb2c75d9993321777f603293,0xaf30d2a7e90d7dc361c8c4585e9bb7d2f6f15bc7
0xa508f5f8be9502cfb210d2c7958a8f211ab496b3,0xaf30d2a7e90d7dc361c8c4585e9bb7d2f6f15bc7
0x7b93221b0421045824ec9949a17267d77360c71e,0xaf30d2a7e90d7dc361c8c4585e9bb7d2f6f15bc7
0x9e90164b422fb3bc59cda0ab9bd58760e7badaf0,0xaf30d2a7e90d7dc361c8c4585e9bb7d2f6f15bc7
0x6de9313d27608704180b76240155e2a19c43eb72,0xaf30d2a7e90d7dc361c8c4585e9bb7d2f6f15bc7
0x32be343b94f860124dc4fee278fdcbd38c102d88,0xaf30d2a7e90d7dc361c8c4585e9bb7d2f6f15bc7
0x5e18039b66a2e0d468914adf3398db24a7f7b57c,0xaf30d2a7e90d7dc361c8c4585e9bb7d2f6f15bc7
0xff9de97d1b3195af61b21ea3acb4b390a1533d93,0xaf30d2a7e90d7dc361c8c4585e9bb7d2f6f15bc7
0x36e81541e514375c6c4f06d778133a34d3901806,0xaf30d2a7e90d7dc361c8c4585e9bb7d2f6f15bc7
0xa4686e425b75e8d5aa179e12d133940b988814f6,0xaf30d2a7e90d7dc361c8c4585e9bb7d2f6f15bc7
0x206651faa6bd35be651da214150c62d1bfec4e50,0xaf30d2a7e90d7dc361c8c4585e9bb7d2f6f15bc7
0x141018346d569e7989af575ec712b1998f0e49b9,0xaf30d2a7e90d7dc361c8c4585e9bb7d2f6f15bc7
0xdeda1bd249b2833dca1e20954ff468dd17e6f38e,0xaf30d2a7e90d7dc361c8c4585e9bb7d2f6f15bc7
0x4c98fea825da74690e20882827d57bc60843e444,0xaf30d2a7e90d7dc361c8c4585e9bb7d2f6f15bc7
0x7ff1294755c965e5a4f71c60cc98e9657398790e,0xaf30d2a7e90d7dc361c8c4585e9bb7d2f6f15bc7
0x60a6d871fd960d241d851b675a26b06edac66e01,0xaf30d2a7e90d7dc361c8c4585e9bb7d2f6f15bc7
0x45c724aa01123e87b0ec5641011c6faf3abb5cde,0xaf30d2a7e90d7dc361c8c4585e9bb7d2f6f15bc7
0xdf33b0500e6232904594704730e557683303dfd6,0xaf30d2a7e90d7dc361c8c4585e9bb7d2f6f15bc7
0x9270d8670d129e335356ddb168ad03908463c1b6,0xaf30d2a7e90d7dc361c8c4585e9bb7d2f6f15bc7
0x18a243dafb0001025ed05e59ba9f1675626cb272,0xaf30d2a7e90d7dc361c8c4585e9bb7d2f6f15bc7
0x044b5dcf1af44bf23eff6082658bba7cb08a9a06,0xaf30d2a7e90d7dc361c8c4585e9bb7d2f6f15bc7
0x5e18039b66a2e0d468914adf3398db24a7f7b57c,0xaf30d2a7e90d7dc361c8c4585e9bb7d2f6f15bc7
0x60a6d871fd960d241d851b675a26b06edac66e01,0xaf30d2a7e90d7dc361c8c4585e9bb7d2f6f15bc7
0xdf33b0500e6232904594704730e557683303dfd6,0xaf30d2a7e90d7dc361c8c4585e9bb7d2f6f15bc7
0x2cf2a1efb97dd5cc2291d2b3dd8f52f4178e104f,0xaf30d2a7e90d7dc361c8c4585e9bb7d2f6f15bc7
0x5fa25511bdc5e3ba14e7d76b7105c7061871175a,0xaf30d2a7e90d7dc361c8c4585e9bb7d2f6f15bc7
0x36e81541e514375c6c4f06d778133a34d3901806,0xaf30d2a7e90d7dc361c8c4585e9bb7d2f6f15bc7
0xb4a8b73a562818caed244906c102254c3462557a,0xaf30d2a7e90d7dc361c8c4585e9bb7d2f6f15bc7
0x48ca1214dd4999f5c3baa7598f5550345f872f33,0xaf30d2a7e90d7dc361c8c4585e9bb7d2f6f15bc7
0xd7078888d2de11775b3d8b7bcd61906df6e784a1,0xaf30d2a7e90d7dc361c8c4585e9bb7d2f6f15bc7
0x48b655934678aa4583f8142f8351d1393d89f435,0xaf30d2a7e90d7dc361c8c4585e9bb7d2f6f15bc7
0xf9de6b249efa0459eab12ec844f784fdfd61c230,0xaf30d2a7e90d7dc361c8c4585e9bb7d2f6f15bc7
0x74b65e76d985d6786a89b658e70f360460fd0ce1,0xaf30d2a7e90d7dc361c8c4585e9bb7d2f6f15bc7
0x6b394170e32bd941abab8eb561ed02e184cad20e,0xaf30d2a7e90d7dc361c8c4585e9bb7d2f6f15bc7
0xdf33b0500e6232904594704730e557683303dfd6,0xaf30d2a7e90d7dc361c8c4585e9bb7d2f6f15bc7
0xbe5d26513e88c593fb32ea074e5749ea1fd0d188,0xaf30d2a7e90d7dc361c8c4585e9bb7d2f6f15bc7
0x0ba188e72f3c0bcb66502da333afdba3599a9379,0xaf30d2a7e90d7dc361c8c4585e9bb7d2f6f15bc7
0x50a17cb6df1c186e1dde88c4511334252c61bc5b,0xaf30d2a7e90d7dc361c8c4585e9bb7d2f6f15bc7
0xaa08179809abb0687b1d550dbedc01e8a0c3094a,0xaf30d2a7e90d7dc361c8c4585e9bb7d2f6f15bc7
0xea2c197d26e98b0da83e1b72c787618c979d3db0,0xaf30d2a7e90d7dc361c8c4585e9bb7d2f6f15bc7
0x85b8957a80776be81b03c40c6cff304e19ef1d70,0xaf30d2a7e90d7dc361c8c4585e9bb7d2f6f15bc7
0xd6156e34c039363d1406ca89419bd05553538ba2,0xaf30d2a7e90d7dc361c8c4585e9bb7d2f6f15bc7
0x4a61d8f3083b8f0085b258d03679d101dbab5072,0xaf30d2a7e90d7dc361c8c4585e9bb7d2f6f15bc7
0x3538f5cad6c92bbb5ca08f22a54df7c162e62e6a,0xaf30d2a7e90d7dc361c8c4585e9bb7d2f6f15bc7
0xb14a69f07852fac3a30c49a288c11b84fc739b3a,0xaf30d2a7e90d7dc361c8c4585e9bb7d2f6f15bc7
0x1f68de8369f99216f0215391d2cca94fb3132215,0xaf30d2a7e90d7dc361c8c4585e9bb7d2f6f15bc7
0xd142717c58929aab36336b922b32a1e3e4067f4d,0xaf30d2a7e90d7dc361c8c4585e9bb7d2f6f15bc7
0x33d274ed12bcf422e58199bea09b7efb3abe3e77,0xaf30d2a7e90d7dc361c8c4585e9bb7d2f6f15bc7
0xdf33b0500e6232904594704730e557683303dfd6,0xaf30d2a7e90d7dc361c8c4585e9bb7d2f6f15bc7
0x8aee953da2690d0a9918dfbf1b0c22a610e3cbd0,0xaf30d2a7e90d7dc361c8c4585e9bb7d2f6f15bc7
0x96cafb8d2031fe3068703534000d9ff74c7edc9c,0xaf30d2a7e90d7dc361c8c4585e9bb7d2f6f15bc7
0x7543a0b6d278618e9ec3cf4a376905a224c51291,0xaf30d2a7e90d7dc361c8c4585e9bb7d2f6f15bc7
0xc6015157c6d74d6dc292a84f6eb16e3e9c54ddf3,0xaf30d2a7e90d7dc361c8c4585e9bb7d2f6f15bc7
0xdd8e8de7a9e6e467d5d4cfe84dcd8be9aa4b7fb8,0xaf30d2a7e90d7dc361c8c4585e9bb7d2f6f15bc7
0xabe07ced6ac5ddf991eff6c3da226a741bd243fe,0xaf30d2a7e90d7dc361c8c4585e9bb7d2f6f15bc7
0x42da8a05cb7ed9a43572b5ba1b8f82a0a6e263dc,0xaf30d2a7e90d7dc361c8c4585e9bb7d2f6f15bc7
0x2769b20957334a10e8b742c86ea9cdbb084973d2,0xaf30d2a7e90d7dc361c8c4585e9bb7d2f6f15bc7
0xbea1d038be0b029dffb599a396eabbff2584b2a8,0xaf30d2a7e90d7dc361c8c4585e9bb7d2f6f15bc7
0xbea1d038be0b029dffb599a396eabbff2584b2a8,0xaf30d2a7e90d7dc361c8c4585e9bb7d2f6f15bc7
0x60a6d871fd960d241d851b675a26b06edac66e01,0xaf30d2a7e90d7dc361c8c4585e9bb7d2f6f15bc7
0x141018346d569e7989af575ec712b1998f0e49b9,0xaf30d2a7e90d7dc361c8c4585e9bb7d2f6f15bc7
0xa4686e425b75e8d5aa179e12d133940b988814f6,0xaf30d2a7e90d7dc361c8c4585e9bb7d2f6f15bc7
0x5e18039b66a2e0d468914adf3398db24a7f7b57c,0xaf30d2a7e90d7dc361c8c4585e9bb7d2f6f15bc7
0xc2685383547af71c7d40e2ee8f1c2be58260ff3e,0xaf30d2a7e90d7dc361c8c4585e9bb7d2f6f15bc7
0x39bc36fae96fcd645056310f3d25f0aab35ab802,0xaf30d2a7e90d7dc361c8c4585e9bb7d2f6f15bc7
0x4a61d8f3083b8f0085b258d03679d101dbab5072,0xaf30d2a7e90d7dc361c8c4585e9bb7d2f6f15bc7
0x36e81541e514375c6c4f06d778133a34d3901806,0xaf30d2a7e90d7dc361c8c4585e9bb7d2f6f15bc7
0x7a1485f7dbee0f5068e5b2fb6d48a2c2a94374fb,0xaf30d2a7e90d7dc361c8c4585e9bb7d2f6f15bc7
0xceed47ca5b899fd1623f21e9bd4db65a10e5b09d,0xaf30d2a7e90d7dc361c8c4585e9bb7d2f6f15bc7
0x0edca24010891e486367e04dbb8414d7bfb336cb,0xaf30d2a7e90d7dc361c8c4585e9bb7d2f6f15bc7
0xe3bbeb0d2fe956be1edf3e6058001d4548a95ea8,0xaf30d2a7e90d7dc361c8c4585e9bb7d2f6f15bc7
0xb4cd5c7fdf0dd9d887c42bcd535e741e7ef6e21e,0xaf30d2a7e90d7dc361c8c4585e9bb7d2f6f15bc7
0x6de9313d27608704180b76240155e2a19c43eb72,0xaf30d2a7e90d7dc361c8c4585e9bb7d2f6f15bc7
0xb4cd5c7fdf0dd9d887c42bcd535e741e7ef6e21e,0xaf30d2a7e90d7dc361c8c4585e9bb7d2f6f15bc7
0xdeda1bd249b2833dca1e20954ff468dd17e6f38e,0xaf30d2a7e90d7dc361c8c4585e9bb7d2f6f15bc7
0xc68df59127b12504ae252985eceb4be4bbd19388,0xaf30d2a7e90d7dc361c8c4585e9bb7d2f6f15bc7
0xfdf97eaa34a883647fac329926b1747e9ef601c6,0xaf30d2a7e90d7dc361c8c4585e9bb7d2f6f15bc7
0xb4cd5c7fdf0dd9d887c42bcd535e741e7ef6e21e,0xaf30d2a7e90d7dc361c8c4585e9bb7d2f6f15bc7
0x206651faa6bd35be651da214150c62d1bfec4e50,0xaf30d2a7e90d7dc361c8c4585e9bb7d2f6f15bc7
0x9c254a895d11cec82cb034df1ddc6f66ac75ebb2,0xaf30d2a7e90d7dc361c8c4585e9bb7d2f6f15bc7
0xb1f8b685fc4870e3dd7599b20e88ce4b8a09dfb5,0xaf30d2a7e90d7dc361c8c4585e9bb7d2f6f15bc7
0x8cc316541cce12d498055869b5e54fbc9fc4a667,0xaf30d2a7e90d7dc361c8c4585e9bb7d2f6f15bc7
0xb4cd5c7fdf0dd9d887c42bcd535e741e7ef6e21e,0xaf30d2a7e90d7dc361c8c4585e9bb7d2f6f15bc7
0xcf53274c4245caf86be88894d2a228763904af9d,0xaf30d2a7e90d7dc361c8c4585e9bb7d2f6f15bc7
0xfbf4e65c468373d11b90b6bd68f2344be54ef337,0xaf30d2a7e90d7dc361c8c4585e9bb7d2f6f15bc7
0xe84bf97693f01c3bd5a742a9c5bf1a564b55494d,0xaf30d2a7e90d7dc361c8c4585e9bb7d2f6f15bc7
0xd10c7abc7dd0e2cc30a6eda9a2fc868cb244c8b9,0xaf30d2a7e90d7dc361c8c4585e9bb7d2f6f15bc7
0xb4cd5c7fdf0dd9d887c42bcd535e741e7ef6e21e,0xaf30d2a7e90d7dc361c8c4585e9bb7d2f6f15bc7
0xb4cd5c7fdf0dd9d887c42bcd535e741e7ef6e21e,0xaf30d2a7e90d7dc361c8c4585e9bb7d2f6f15bc7
0x44c611886f63f208f17d9282a9bd74f549883110,0xaf30d2a7e90d7dc361c8c4585e9bb7d2f6f15bc7
0x36e81541e514375c6c4f06d778133a34d3901806,0xaf30d2a7e90d7dc361c8c4585e9bb7d2f6f15bc7
0xd10c7abc7dd0e2cc30a6eda9a2fc868cb244c8b9,0xaf30d2a7e90d7dc361c8c4585e9bb7d2f6f15bc7
0x37b6256f287cba0d7fb006cd3ad741074430e2ea,0xaf30d2a7e90d7dc361c8c4585e9bb7d2f6f15bc7
0xd10c7abc7dd0e2cc30a6eda9a2fc868cb244c8b9,0xaf30d2a7e90d7dc361c8c4585e9bb7d2f6f15bc7
0x8c54268a995cc285e34158d72c3f7d4c3a98db0c,0xaf30d2a7e90d7dc361c8c4585e9bb7d2f6f15bc7
0x26b63444f5d46107d28edb2b0534dc141cfe324e,0xaf30d2a7e90d7dc361c8c4585e9bb7d2f6f15bc7
0x924c251902924c7dbd4cbf166d42757fb2d146cb,0xaf30d2a7e90d7dc361c8c4585e9bb7d2f6f15bc7
0x42da8a05cb7ed9a43572b5ba1b8f82a0a6e263dc,0xaf30d2a7e90d7dc361c8c4585e9bb7d2f6f15bc7
0xd10c7abc7dd0e2cc30a6eda9a2fc868cb244c8b9,0xaf30d2a7e90d7dc361c8c4585e9bb7d2f6f15bc7
0x34af3f64bb8bdc38bfd8267ea1645f4db2871d20,0xaf30d2a7e90d7dc361c8c4585e9bb7d2f6f15bc7
0x924c251902924c7dbd4cbf166d42757fb2d146cb,0xaf30d2a7e90d7dc361c8c4585e9bb7d2f6f15bc7
0x33581cee233088c0860d944e0cf1ceabb8261c2e,0xaf30d2a7e90d7dc361c8c4585e9bb7d2f6f15bc7
0x50f617990b328de3cce1e2921db91ac294f4eb1a,0xaf30d2a7e90d7dc361c8c4585e9bb7d2f6f15bc7
0x2dece460fd53253af78b5017849c6860cf970526,0xaf30d2a7e90d7dc361c8c4585e9bb7d2f6f15bc7
0xdf3f0b626a53e8709bf0be8b31187f9e7e09c0b7,0xaf30d2a7e90d7dc361c8c4585e9bb7d2f6f15bc7
0x38cfd5c82a5f7ee18a4088d45a52bb8c2b759cbc,0xaf30d2a7e90d7dc361c8c4585e9bb7d2f6f15bc7
0x38cfd5c82a5f7ee18a4088d45a52bb8c2b759cbc,0xaf30d2a7e90d7dc361c8c4585e9bb7d2f6f15bc7
0x1511eb5b6fc33da9d9afb8964be598fab94eec82,0xaf30d2a7e90d7dc361c8c4585e9bb7d2f6f15bc7
0x38cfd5c82a5f7ee18a4088d45a52bb8c2b759cbc,0xaf30d2a7e90d7dc361c8c4585e9bb7d2f6f15bc7
0xadd5e2b93dfa48ed09b034e76b397a16587add79,0xaf30d2a7e90d7dc361c8c4585e9bb7d2f6f15bc7
0xfbf4e65c468373d11b90b6bd68f2344be54ef337,0xaf30d2a7e90d7dc361c8c4585e9bb7d2f6f15bc7
0xb02041368a3fddd0017c88d7d772d641e8031bec,0xaf30d2a7e90d7dc361c8c4585e9bb7d2f6f15bc7
0x01e380e807bdb48bb43795ff8f45e1aac85f4810,0xaf30d2a7e90d7dc361c8c4585e9bb7d2f6f15bc7
0x2f9d8ac6711dc1428496617a412dc8da78bd6722,0xaf30d2a7e90d7dc361c8c4585e9bb7d2f6f15bc7
0x42da8a05cb7ed9a43572b5ba1b8f82a0a6e263dc,0xaf30d2a7e90d7dc361c8c4585e9bb7d2f6f15bc7
0x2f9d8ac6711dc1428496617a412dc8da78bd6722,0xaf30d2a7e90d7dc361c8c4585e9bb7d2f6f15bc7
0x01e380e807bdb48bb43795ff8f45e1aac85f4810,0xaf30d2a7e90d7dc361c8c4585e9bb7d2f6f15bc7
0xb02041368a3fddd0017c88d7d772d641e8031bec,0xaf30d2a7e90d7dc361c8c4585e9bb7d2f6f15bc7
0x60a6d871fd960d241d851b675a26b06edac66e01,0xaf30d2a7e90d7dc361c8c4585e9bb7d2f6f15bc7
0x7ff1294755c965e5a4f71c60cc98e9657398790e,0xaf30d2a7e90d7dc361c8c4585e9bb7d2f6f15bc7
0xfbf4e65c468373d11b90b6bd68f2344be54ef337,0xaf30d2a7e90d7dc361c8c4585e9bb7d2f6f15bc7
0x34af3f64bb8bdc38bfd8267ea1645f4db2871d20,0xaf30d2a7e90d7dc361c8c4585e9bb7d2f6f15bc7
0x00fc2783c4d1c0cfc6ba5de79afc2248c7c58a92,0xaf30d2a7e90d7dc361c8c4585e9bb7d2f6f15bc7
0x26ab5a000be115575cccdb88478ac1031749757e,0xaf30d2a7e90d7dc361c8c4585e9bb7d2f6f15bc7
0xa8da2049dd13a1b976997b54c1b725aabfbad1b6,0xaf30d2a7e90d7dc361c8c4585e9bb7d2f6f15bc7
0x780cb46bf416c78ed6581c463532483d35aa1f1d,0xaf30d2a7e90d7dc361c8c4585e9bb7d2f6f15bc7
0x00fc2783c4d1c0cfc6ba5de79afc2248c7c58a92,0xaf30d2a7e90d7dc361c8c4585e9bb7d2f6f15bc7
0x26ab5a000be115575cccdb88478ac1031749757e,0xaf30d2a7e90d7dc361c8c4585e9bb7d2f6f15bc7
0x780cb46bf416c78ed6581c463532483d35aa1f1d,0xaf30d2a7e90d7dc361c8c4585e9bb7d2f6f15bc7
0x3607be163de3d408dc6743f166d35567567867ea,0xaf30d2a7e90d7dc361c8c4585e9bb7d2f6f15bc7
0xbc90b3ce40fc3ed921d910f3e046c65954fff7cb,0xaf30d2a7e90d7dc361c8c4585e9bb7d2f6f15bc7
0xa8da2049dd13a1b976997b54c1b725aabfbad1b6,0xaf30d2a7e90d7dc361c8c4585e9bb7d2f6f15bc7
0x00fc2783c4d1c0cfc6ba5de79afc2248c7c58a92,0xaf30d2a7e90d7dc361c8c4585e9bb7d2f6f15bc7
0x3607be163de3d408dc6743f166d35567567867ea,0xaf30d2a7e90d7dc361c8c4585e9bb7d2f6f15bc7
0x54e3e9d99d2a5d4cc22cace75130b0dc9dfc0b88,0xaf30d2a7e90d7dc361c8c4585e9bb7d2f6f15bc7
0xbaffa2dc8893e625410788395354059ec58954a9,0xaf30d2a7e90d7dc361c8c4585e9bb7d2f6f15bc7
0xfec457b9ac4a2e18bb13d5efc5e06eba92126a12,0xaf30d2a7e90d7dc361c8c4585e9bb7d2f6f15bc7
0xc8de861bdd1a539bb24bfbc542f86a3f9c2a3f36,0xaf30d2a7e90d7dc361c8c4585e9bb7d2f6f15bc7
0x00fc2783c4d1c0cfc6ba5de79afc2248c7c58a92,0xaf30d2a7e90d7dc361c8c4585e9bb7d2f6f15bc7
0x54e3e9d99d2a5d4cc22cace75130b0dc9dfc0b88,0xaf30d2a7e90d7dc361c8c4585e9bb7d2f6f15bc7
0xe0e34d18d588514117c915f9a65e6af0042029f6,0xaf30d2a7e90d7dc361c8c4585e9bb7d2f6f15bc7
0xa8e6f70dea665d3da295ed1ddd0aa4bd0616bba7,0xaf30d2a7e90d7dc361c8c4585e9bb7d2f6f15bc7
0x38dd9bb9e4a9b390aa6807dd0e5638849c23d86b,0xaf30d2a7e90d7dc361c8c4585e9bb7d2f6f15bc7
0xe0e34d18d588514117c915f9a65e6af0042029f6,0xaf30d2a7e90d7dc361c8c4585e9bb7d2f6f15bc7
0x206651faa6bd35be651da214150c62d1bfec4e50,0xaf30d2a7e90d7dc361c8c4585e9bb7d2f6f15bc7
0x60a6d871fd960d241d851b675a26b06edac66e01,0xaf30d2a7e90d7dc361c8c4585e9bb7d2f6f15bc7
0x264d685c8c970efc47ad81ca7bb6e10064c991cd,0xaf30d2a7e90d7dc361c8c4585e9bb7d2f6f15bc7
0x12607405f558c5911c33f62490ce0c1d3ba19e95,0xaf30d2a7e90d7dc361c8c4585e9bb7d2f6f15bc7
0x42da8a05cb7ed9a43572b5ba1b8f82a0a6e263dc,0xaf30d2a7e90d7dc361c8c4585e9bb7d2f6f15bc7
0x0efde70c49df021e646812b9d5e3eb9a78230b83,0xaf30d2a7e90d7dc361c8c4585e9bb7d2f6f15bc7
0x0a91c561665c0128786016a227db24fc08990011,0xaf30d2a7e90d7dc361c8c4585e9bb7d2f6f15bc7
0x42da8a05cb7ed9a43572b5ba1b8f82a0a6e263dc,0xaf30d2a7e90d7dc361c8c4585e9bb7d2f6f15bc7
0xd8abd0bad34438084bb072187704ca135f2965e7,0xaf30d2a7e90d7dc361c8c4585e9bb7d2f6f15bc7
0x918a201731aa33377ad4e7118373c10f9e5476f2,0xaf30d2a7e90d7dc361c8c4585e9bb7d2f6f15bc7
0x22403aaf7b46e5d0c698dc0155d42a6a593d71a2,0xaf30d2a7e90d7dc361c8c4585e9bb7d2f6f15bc7
0x22fc576f5d46779783638f27af399cfcd3da0815,0xaf30d2a7e90d7dc361c8c4585e9bb7d2f6f15bc7
0xf88de87eaa207cf496760aef7cd61cf1d2d12052,0xaf30d2a7e90d7dc361c8c4585e9bb7d2f6f15bc7
0xa77f1f99569245ee09c32ff8f45bf151a7af1627,0xaf30d2a7e90d7dc361c8c4585e9bb7d2f6f15bc7
0x8640ea94471bbab456a4c8773341b3f4341dd457,0xaf30d2a7e90d7dc361c8c4585e9bb7d2f6f15bc7
0xeda3c50ee6af463cdf2b0b1bbf859ca56fb92d9b,0xaf30d2a7e90d7dc361c8c4585e9bb7d2f6f15bc7
0xeda3c50ee6af463cdf2b0b1bbf859ca56fb92d9b,0xaf30d2a7e90d7dc361c8c4585e9bb7d2f6f15bc7
0x8640ea94471bbab456a4c8773341b3f4341dd457,0xaf30d2a7e90d7dc361c8c4585e9bb7d2f6f15bc7
0xf88de87eaa207cf496760aef7cd61cf1d2d12052,0xaf30d2a7e90d7dc361c8c4585e9bb7d2f6f15bc7
0x206651faa6bd35be651da214150c62d1bfec4e50,0xaf30d2a7e90d7dc361c8c4585e9bb7d2f6f15bc7
0xa77f1f99569245ee09c32ff8f45bf151a7af1627,0xaf30d2a7e90d7dc361c8c4585e9bb7d2f6f15bc7
0xe651c5051ce42241765bbb24655a791ff0ec8d13,0xaf30d2a7e90d7dc361c8c4585e9bb7d2f6f15bc7
0x42da8a05cb7ed9a43572b5ba1b8f82a0a6e263dc,0xaf30d2a7e90d7dc361c8c4585e9bb7d2f6f15bc7
0xf88de87eaa207cf496760aef7cd61cf1d2d12052,0xaf30d2a7e90d7dc361c8c4585e9bb7d2f6f15bc7
0xa77f1f99569245ee09c32ff8f45bf151a7af1627,0xaf30d2a7e90d7dc361c8c4585e9bb7d2f6f15bc7
0x2dece460fd53253af78b5017849c6860cf970526,0xaf30d2a7e90d7dc361c8c4585e9bb7d2f6f15bc7
0xf88de87eaa207cf496760aef7cd61cf1d2d12052,0xaf30d2a7e90d7dc361c8c4585e9bb7d2f6f15bc7
0x5e842eac95b2e32a86a1534f49449e344ef5ce62,0xaf30d2a7e90d7dc361c8c4585e9bb7d2f6f15bc7
0xcb41146695ab297af00fa13096efe73c75d6df01,0xaf30d2a7e90d7dc361c8c4585e9bb7d2f6f15bc7
0x4ce3d69c396fa9190c5786a25d14a9dac8b1db58,0xaf30d2a7e90d7dc361c8c4585e9bb7d2f6f15bc7
0x1ebf7db9cf4c62d59683712326decd50187ce96b,0xaf30d2a7e90d7dc361c8c4585e9bb7d2f6f15bc7
0xf88de87eaa207cf496760aef7cd61cf1d2d12052,0xaf30d2a7e90d7dc361c8c4585e9bb7d2f6f15bc7
0x97b91efe7350c2d57e7e406bab18f3617bcde14a,0xaf30d2a7e90d7dc361c8c4585e9bb7d2f6f15bc7
0x766d1a0123fcc079769f887f59bec6cabb8d51ef,0xaf30d2a7e90d7dc361c8c4585e9bb7d2f6f15bc7
0xde607c516a18d8d70c8b1740df888a2a96646abe,0xaf30d2a7e90d7dc361c8c4585e9bb7d2f6f15bc7
0x7bd6b52d20115d2f0161e74fe1f0d10d7233a239,0xaf30d2a7e90d7dc361c8c4585e9bb7d2f6f15bc7
0x766d1a0123fcc079769f887f59bec6cabb8d51ef,0xaf30d2a7e90d7dc361c8c4585e9bb7d2f6f15bc7
0x42da8a05cb7ed9a43572b5ba1b8f82a0a6e263dc,0xaf30d2a7e90d7dc361c8c4585e9bb7d2f6f15bc7
0x8640ea94471bbab456a4c8773341b3f4341dd457,0xaf30d2a7e90d7dc361c8c4585e9bb7d2f6f15bc7
0x8640ea94471bbab456a4c8773341b3f4341dd457,0xaf30d2a7e90d7dc361c8c4585e9bb7d2f6f15bc7
0x996594338f2c608a595e8ebb66f64fae45ca5304,0xaf30d2a7e90d7dc361c8c4585e9bb7d2f6f15bc7
0x4bf4479799ef82eea20943374f56a1bf54001e5e,0xaf30d2a7e90d7dc361c8c4585e9bb7d2f6f15bc7
0x42da8a05cb7ed9a43572b5ba1b8f82a0a6e263dc,0xaf30d2a7e90d7dc361c8c4585e9bb7d2f6f15bc7
0x4bf4479799ef82eea20943374f56a1bf54001e5e,0xaf30d2a7e90d7dc361c8c4585e9bb7d2f6f15bc7
0x7c7881dcbe7c869bc7ecc5d9ff457352e6afa806,0xaf30d2a7e90d7dc361c8c4585e9bb7d2f6f15bc7
0x42da8a05cb7ed9a43572b5ba1b8f82a0a6e263dc,0xaf30d2a7e90d7dc361c8c4585e9bb7d2f6f15bc7
0xf17e1567d5fcb885d72f8499c871927b6fd01664,0xaf30d2a7e90d7dc361c8c4585e9bb7d2f6f15bc7
0x75f555adde5385aa0b852e0c551f3aa47715f593,0xaf30d2a7e90d7dc361c8c4585e9bb7d2f6f15bc7
0x252162b54813cb291c5531b1668fe567ffcde7b9,0xaf30d2a7e90d7dc361c8c4585e9bb7d2f6f15bc7
0x4bf4479799ef82eea20943374f56a1bf54001e5e,0xaf30d2a7e90d7dc361c8c4585e9bb7d2f6f15bc7
0x42da8a05cb7ed9a43572b5ba1b8f82a0a6e263dc,0xaf30d2a7e90d7dc361c8c4585e9bb7d2f6f15bc7
0xf7847a35db50a5150005b8d4f031d8e99eb4dd08,0xaf30d2a7e90d7dc361c8c4585e9bb7d2f6f15bc7
0x19b5042e2b37468de022547d1f0873a1e5f05648,0xaf30d2a7e90d7dc361c8c4585e9bb7d2f6f15bc7
0x4de242fb2a196ab3478fff9b14668242823267fe,0xaf30d2a7e90d7dc361c8c4585e9bb7d2f6f15bc7
0xd95df826fc3ea014f404a1368a254e23d29d99c8,0xaf30d2a7e90d7dc361c8c4585e9bb7d2f6f15bc7
0xb5806ee8211626592310e0782933a626c78279fe,0xaf30d2a7e90d7dc361c8c4585e9bb7d2f6f15bc7
0x4de242fb2a196ab3478fff9b14668242823267fe,0xaf30d2a7e90d7dc361c8c4585e9bb7d2f6f15bc7
0xf7847a35db50a5150005b8d4f031d8e99eb4dd08,0xaf30d2a7e90d7dc361c8c4585e9bb7d2f6f15bc7
0x4de242fb2a196ab3478fff9b14668242823267fe,0xaf30d2a7e90d7dc361c8c4585e9bb7d2f6f15bc7
0x42da8a05cb7ed9a43572b5ba1b8f82a0a6e263dc,0xaf30d2a7e90d7dc361c8c4585e9bb7d2f6f15bc7
0x386855051e6a22b76ac0174d5e0049423c55046c,0xaf30d2a7e90d7dc361c8c4585e9bb7d2f6f15bc7
0x22fc576f5d46779783638f27af399cfcd3da0815,0xaf30d2a7e90d7dc361c8c4585e9bb7d2f6f15bc7
0x4511c0b253bd91cb9214ad4d4065996162e913d2,0xaf30d2a7e90d7dc361c8c4585e9bb7d2f6f15bc7
0xc62d0d475a8ec2f185a4e5d799c265881563eca0,0xaf30d2a7e90d7dc361c8c4585e9bb7d2f6f15bc7
0xa64ec7b150f3ca30d623009d0689957950206806,0xaf30d2a7e90d7dc361c8c4585e9bb7d2f6f15bc7
0x42da8a05cb7ed9a43572b5ba1b8f82a0a6e263dc,0xaf30d2a7e90d7dc361c8c4585e9bb7d2f6f15bc7
0x34af3f64bb8bdc38bfd8267ea1645f4db2871d20,0xaf30d2a7e90d7dc361c8c4585e9bb7d2f6f15bc7
0x0c9b4b6b638b0de8cf25d164418081101c9e2cb8,0xaf30d2a7e90d7dc361c8c4585e9bb7d2f6f15bc7
0x69e560eb25bb559857a6cac9ad67a5cafbcf2833,0xaf30d2a7e90d7dc361c8c4585e9bb7d2f6f15bc7
0x27bbd7bdf5998992098b38e2ec83a05ae7033525,0xaf30d2a7e90d7dc361c8c4585e9bb7d2f6f15bc7
0x42da8a05cb7ed9a43572b5ba1b8f82a0a6e263dc,0xaf30d2a7e90d7dc361c8c4585e9bb7d2f6f15bc7
0x42da8a05cb7ed9a43572b5ba1b8f82a0a6e263dc,0xaf30d2a7e90d7dc361c8c4585e9bb7d2f6f15bc7
0x42da8a05cb7ed9a43572b5ba1b8f82a0a6e263dc,0xaf30d2a7e90d7dc361c8c4585e9bb7d2f6f15bc7
0x42da8a05cb7ed9a43572b5ba1b8f82a0a6e263dc,0xaf30d2a7e90d7dc361c8c4585e9bb7d2f6f15bc7
0x1c70112668e1089ecb61f4bb75ba99a8cbbf8079,0xaf30d2a7e90d7dc361c8c4585e9bb7d2f6f15bc7
0x168767eeb7b63a49f1d1e213ff354a6a934a93b0,0xaf30d2a7e90d7dc361c8c4585e9bb7d2f6f15bc7
0x11cd58550bd4af34a30cea4711ddde7458698b16,0xaf30d2a7e90d7dc361c8c4585e9bb7d2f6f15bc7
0x22fc576f5d46779783638f27af399cfcd3da0815,0xaf30d2a7e90d7dc361c8c4585e9bb7d2f6f15bc7
0x9fdbde029f646a2b077e14cc40a8ce3921c4688e,0xaf30d2a7e90d7dc361c8c4585e9bb7d2f6f15bc7
0xe13540ecee11b212e8b775dc8e71f374aae9b3f8,0xaf30d2a7e90d7dc361c8c4585e9bb7d2f6f15bc7
0x9fdbde029f646a2b077e14cc40a8ce3921c4688e,0xaf30d2a7e90d7dc361c8c4585e9bb7d2f6f15bc7
0x5b655eda7d101f98934392cc3610bcb25b633789,0xaf30d2a7e90d7dc361c8c4585e9bb7d2f6f15bc7
0x983f79866ffbca9b27dc436e65fac24400acaae2,0xaf30d2a7e90d7dc361c8c4585e9bb7d2f6f15bc7
0x113f4e2581ce9b305c09e8e122676a0bbb992249,0xaf30d2a7e90d7dc361c8c4585e9bb7d2f6f15bc7
0x3fb74c04631df17effbf7cd5e29cb6cbda296089,0xaf30d2a7e90d7dc361c8c4585e9bb7d2f6f15bc7
0x113f4e2581ce9b305c09e8e122676a0bbb992249,0xaf30d2a7e90d7dc361c8c4585e9bb7d2f6f15bc7
0x113f4e2581ce9b305c09e8e122676a0bbb992249,0xaf30d2a7e90d7dc361c8c4585e9bb7d2f6f15bc7
0x5b655eda7d101f98934392cc3610bcb25b633789,0xaf30d2a7e90d7dc361c8c4585e9bb7d2f6f15bc7
0xe1baac30e6c0c46449c3ebf078734c5bb30b4532,0xaf30d2a7e90d7dc361c8c4585e9bb7d2f6f15bc7
0x9e90164b422fb3bc59cda0ab9bd58760e7badaf0,0xaf30d2a7e90d7dc361c8c4585e9bb7d2f6f15bc7
0x9e90164b422fb3bc59cda0ab9bd58760e7badaf0,0xaf30d2a7e90d7dc361c8c4585e9bb7d2f6f15bc7
0xd5e205e54819160b8515f3edcf6017ab52f35287,0xaf30d2a7e90d7dc361c8c4585e9bb7d2f6f15bc7
0xa97ea44e7a391152921a5b2df27323e3bea92ded,0xaf30d2a7e90d7dc361c8c4585e9bb7d2f6f15bc7
0x2bb92623ba08d75d864beacc61ebaf9b666d69f6,0xaf30d2a7e90d7dc361c8c4585e9bb7d2f6f15bc7
0xe1420b828cd2cb6c0d0488992e8176c25b4d7748,0xaf30d2a7e90d7dc361c8c4585e9bb7d2f6f15bc7
0x113f4e2581ce9b305c09e8e122676a0bbb992249,0xaf30d2a7e90d7dc361c8c4585e9bb7d2f6f15bc7
0xe13540ecee11b212e8b775dc8e71f374aae9b3f8,0xaf30d2a7e90d7dc361c8c4585e9bb7d2f6f15bc7
0x113f4e2581ce9b305c09e8e122676a0bbb992249,0xaf30d2a7e90d7dc361c8c4585e9bb7d2f6f15bc7
0xe13540ecee11b212e8b775dc8e71f374aae9b3f8,0xaf30d2a7e90d7dc361c8c4585e9bb7d2f6f15bc7
0x07f35b7fe735c49fd5051d5a0c2e74c9177fea6d,0xaf30d2a7e90d7dc361c8c4585e9bb7d2f6f15bc7
0x22fc576f5d46779783638f27af399cfcd3da0815,0xaf30d2a7e90d7dc361c8c4585e9bb7d2f6f15bc7
0x113f4e2581ce9b305c09e8e122676a0bbb992249,0xaf30d2a7e90d7dc361c8c4585e9bb7d2f6f15bc7
0x9fdbde029f646a2b077e14cc40a8ce3921c4688e,0xaf30d2a7e90d7dc361c8c4585e9bb7d2f6f15bc7
0x36d7f4c4143334bc1a922086eb70fd6b601679d4,0xaf30d2a7e90d7dc361c8c4585e9bb7d2f6f15bc7
0xca7f0e60f41dce821de8d1e1e2725892eefeeef5,0xaf30d2a7e90d7dc361c8c4585e9bb7d2f6f15bc7
0xca7f0e60f41dce821de8d1e1e2725892eefeeef5,0xaf30d2a7e90d7dc361c8c4585e9bb7d2f6f15bc7
0x113f4e2581ce9b305c09e8e122676a0bbb992249,0xaf30d2a7e90d7dc361c8c4585e9bb7d2f6f15bc7
0xa524a714773828e026b46c9ed2b72c2810d653b5,0xaf30d2a7e90d7dc361c8c4585e9bb7d2f6f15bc7
0x80e7cbe43c62a4ca07dc435beb5771d03480be03,0xaf30d2a7e90d7dc361c8c4585e9bb7d2f6f15bc7
0xca7f0e60f41dce821de8d1e1e2725892eefeeef5,0xaf30d2a7e90d7dc361c8c4585e9bb7d2f6f15bc7
0x80e7cbe43c62a4ca07dc435beb5771d03480be03,0xaf30d2a7e90d7dc361c8c4585e9bb7d2f6f15bc7
0xa97ea44e7a391152921a5b2df27323e3bea92ded,0xaf30d2a7e90d7dc361c8c4585e9bb7d2f6f15bc7
0x631b7c99cb1b2248e34011e904858b3d9da251e7,0xaf30d2a7e90d7dc361c8c4585e9bb7d2f6f15bc7
0xa97ea44e7a391152921a5b2df27323e3bea92ded,0xaf30d2a7e90d7dc361c8c4585e9bb7d2f6f15bc7
0xca7f0e60f41dce821de8d1e1e2725892eefeeef5,0xaf30d2a7e90d7dc361c8c4585e9bb7d2f6f15bc7
0x5c765c066e0ceb784d1e0a45303943e542fd3236,0xaf30d2a7e90d7dc361c8c4585e9bb7d2f6f15bc7
0x9e90164b422fb3bc59cda0ab9bd58760e7badaf0,0xaf30d2a7e90d7dc361c8c4585e9bb7d2f6f15bc7
0x9e90164b422fb3bc59cda0ab9bd58760e7badaf0,0xaf30d2a7e90d7dc361c8c4585e9bb7d2f6f15bc7
0xca7f0e60f41dce821de8d1e1e2725892eefeeef5,0xaf30d2a7e90d7dc361c8c4585e9bb7d2f6f15bc7
0xca7f0e60f41dce821de8d1e1e2725892eefeeef5,0xaf30d2a7e90d7dc361c8c4585e9bb7d2f6f15bc7
0x36d7f4c4143334bc1a922086eb70fd6b601679d4,0xaf30d2a7e90d7dc361c8c4585e9bb7d2f6f15bc7
0xd5e205e54819160b8515f3edcf6017ab52f35287,0xaf30d2a7e90d7dc361c8c4585e9bb7d2f6f15bc7
0xd989c73792b652baccc3826a4744e7818813bad6,0xaf30d2a7e90d7dc361c8c4585e9bb7d2f6f15bc7
0xd989c73792b652baccc3826a4744e7818813bad6,0xaf30d2a7e90d7dc361c8c4585e9bb7d2f6f15bc7
0x36d7f4c4143334bc1a922086eb70fd6b601679d4,0xaf30d2a7e90d7dc361c8c4585e9bb7d2f6f15bc7
0x9fdbde029f646a2b077e14cc40a8ce3921c4688e,0xaf30d2a7e90d7dc361c8c4585e9bb7d2f6f15bc7
0x36d7f4c4143334bc1a922086eb70fd6b601679d4,0xaf30d2a7e90d7dc361c8c4585e9bb7d2f6f15bc7
0xd989c73792b652baccc3826a4744e7818813bad6,0xaf30d2a7e90d7dc361c8c4585e9bb7d2f6f15bc7
0xd5e205e54819160b8515f3edcf6017ab52f35287,0xaf30d2a7e90d7dc361c8c4585e9bb7d2f6f15bc7
0xff9de97d1b3195af61b21ea3acb4b390a1533d93,0xaf30d2a7e90d7dc361c8c4585e9bb7d2f6f15bc7
0xe90a9d2820c3496b300d8da41dbe17959e755472,0xaf30d2a7e90d7dc361c8c4585e9bb7d2f6f15bc7
0xff9de97d1b3195af61b21ea3acb4b390a1533d93,0xaf30d2a7e90d7dc361c8c4585e9bb7d2f6f15bc7
0xd5e205e54819160b8515f3edcf6017ab52f35287,0xaf30d2a7e90d7dc361c8c4585e9bb7d2f6f15bc7
0x44c611886f63f208f17d9282a9bd74f549883110,0xaf30d2a7e90d7dc361c8c4585e9bb7d2f6f15bc7
0x22fc576f5d46779783638f27af399cfcd3da0815,0xaf30d2a7e90d7dc361c8c4585e9bb7d2f6f15bc7
0x22fc576f5d46779783638f27af399cfcd3da0815,0xaf30d2a7e90d7dc361c8c4585e9bb7d2f6f15bc7
0x1511eb5b6fc33da9d9afb8964be598fab94eec82,0xaf30d2a7e90d7dc361c8c4585e9bb7d2f6f15bc7
0xc0c7b6c5f0c458fb256c15df1ef60ee0eb3624f6,0xaf30d2a7e90d7dc361c8c4585e9bb7d2f6f15bc7
0xd45812a80d5de41e23d12131255d607b2e1619cd,0xaf30d2a7e90d7dc361c8c4585e9bb7d2f6f15bc7
0x60a6d871fd960d241d851b675a26b06edac66e01,0xaf30d2a7e90d7dc361c8c4585e9bb7d2f6f15bc7
0xa4ee072ef89eb35488949611e23ff2465051a31e,0xaf30d2a7e90d7dc361c8c4585e9bb7d2f6f15bc7
0xcc8b62a37688a31940cc723a039ed67a794551cc,0xaf30d2a7e90d7dc361c8c4585e9bb7d2f6f15bc7
0x6c19aa9485a908a24eb4f1d4c1d80437125e3d9c,0xaf30d2a7e90d7dc361c8c4585e9bb7d2f6f15bc7
0x1511eb5b6fc33da9d9afb8964be598fab94eec82,0xaf30d2a7e90d7dc361c8c4585e9bb7d2f6f15bc7
0xa6e2e910515e6cf485462eeb6e454df33c60cb0e,0xaf30d2a7e90d7dc361c8c4585e9bb7d2f6f15bc7
0x506c5a1b035a3f30f8c0ab8a450459282afeb5a1,0xaf30d2a7e90d7dc361c8c4585e9bb7d2f6f15bc7
0xa6e2e910515e6cf485462eeb6e454df33c60cb0e,0xaf30d2a7e90d7dc361c8c4585e9bb7d2f6f15bc7
0xd45812a80d5de41e23d12131255d607b2e1619cd,0xaf30d2a7e90d7dc361c8c4585e9bb7d2f6f15bc7
0xd45812a80d5de41e23d12131255d607b2e1619cd,0xaf30d2a7e90d7dc361c8c4585e9bb7d2f6f15bc7
0x24438b0577904542c71a5eb703deba1a88cae04d,0xaf30d2a7e90d7dc361c8c4585e9bb7d2f6f15bc7
0x506c5a1b035a3f30f8c0ab8a450459282afeb5a1,0xaf30d2a7e90d7dc361c8c4585e9bb7d2f6f15bc7
0xcc8b62a37688a31940cc723a039ed67a794551cc,0xaf30d2a7e90d7dc361c8c4585e9bb7d2f6f15bc7
0x1511eb5b6fc33da9d9afb8964be598fab94eec82,0xaf30d2a7e90d7dc361c8c4585e9bb7d2f6f15bc7
0x44aa2a22225132a50d3cbbf3d4f132525deebbdb,0xaf30d2a7e90d7dc361c8c4585e9bb7d2f6f15bc7
0x44aa2a22225132a50d3cbbf3d4f132525deebbdb,0xaf30d2a7e90d7dc361c8c4585e9bb7d2f6f15bc7
0x44aa2a22225132a50d3cbbf3d4f132525deebbdb,0xaf30d2a7e90d7dc361c8c4585e9bb7d2f6f15bc7
0xa6e2e910515e6cf485462eeb6e454df33c60cb0e,0xaf30d2a7e90d7dc361c8c4585e9bb7d2f6f15bc7
0xa6e2e910515e6cf485462eeb6e454df33c60cb0e,0xaf30d2a7e90d7dc361c8c4585e9bb7d2f6f15bc7
0xa6e2e910515e6cf485462eeb6e454df33c60cb0e,0xaf30d2a7e90d7dc361c8c4585e9bb7d2f6f15bc7
0xa6e2e910515e6cf485462eeb6e454df33c60cb0e,0xaf30d2a7e90d7dc361c8c4585e9bb7d2f6f15bc7
0xa6e2e910515e6cf485462eeb6e454df33c60cb0e,0xaf30d2a7e90d7dc361c8c4585e9bb7d2f6f15bc7
0xa6e2e910515e6cf485462eeb6e454df33c60cb0e,0xaf30d2a7e90d7dc361c8c4585e9bb7d2f6f15bc7
0xa4ee072ef89eb35488949611e23ff2465051a31e,0xaf30d2a7e90d7dc361c8c4585e9bb7d2f6f15bc7
0x45d6b424b65eaa47bfe63678aed464ba3475f08e,0xaf30d2a7e90d7dc361c8c4585e9bb7d2f6f15bc7
0xcc8b62a37688a31940cc723a039ed67a794551cc,0xaf30d2a7e90d7dc361c8c4585e9bb7d2f6f15bc7
0x506c5a1b035a3f30f8c0ab8a450459282afeb5a1,0xaf30d2a7e90d7dc361c8c4585e9bb7d2f6f15bc7
0xcc8b62a37688a31940cc723a039ed67a794551cc,0xaf30d2a7e90d7dc361c8c4585e9bb7d2f6f15bc7
0x49e97f1b95022e1e61cbf92a7a69a14313fceea8,0xaf30d2a7e90d7dc361c8c4585e9bb7d2f6f15bc7
0x45d6b424b65eaa47bfe63678aed464ba3475f08e,0xaf30d2a7e90d7dc361c8c4585e9bb7d2f6f15bc7
0x6c19aa9485a908a24eb4f1d4c1d80437125e3d9c,0xaf30d2a7e90d7dc361c8c4585e9bb7d2f6f15bc7
0xbb37b92cb934f5f49132b066508724a7dde3d2e6,0xaf30d2a7e90d7dc361c8c4585e9bb7d2f6f15bc7
0x45d6b424b65eaa47bfe63678aed464ba3475f08e,0xaf30d2a7e90d7dc361c8c4585e9bb7d2f6f15bc7
0x8aee953da2690d0a9918dfbf1b0c22a610e3cbd0,0xaf30d2a7e90d7dc361c8c4585e9bb7d2f6f15bc7
0xbb37b92cb934f5f49132b066508724a7dde3d2e6,0xaf30d2a7e90d7dc361c8c4585e9bb7d2f6f15bc7
0x506c5a1b035a3f30f8c0ab8a450459282afeb5a1,0xaf30d2a7e90d7dc361c8c4585e9bb7d2f6f15bc7
0x45d6b424b65eaa47bfe63678aed464ba3475f08e,0xaf30d2a7e90d7dc361c8c4585e9bb7d2f6f15bc7
0x977750adfc20aa9025e699c12ccfaac105ccbb62,0xaf30d2a7e90d7dc361c8c4585e9bb7d2f6f15bc7
0xbb37b92cb934f5f49132b066508724a7dde3d2e6,0xaf30d2a7e90d7dc361c8c4585e9bb7d2f6f15bc7
0xbb37b92cb934f5f49132b066508724a7dde3d2e6,0xaf30d2a7e90d7dc361c8c4585e9bb7d2f6f15bc7
0x36d7f4c4143334bc1a922086eb70fd6b601679d4,0xaf30d2a7e90d7dc361c8c4585e9bb7d2f6f15bc7
0xa4ee072ef89eb35488949611e23ff2465051a31e,0xaf30d2a7e90d7dc361c8c4585e9bb7d2f6f15bc7
0x977750adfc20aa9025e699c12ccfaac105ccbb62,0xaf30d2a7e90d7dc361c8c4585e9bb7d2f6f15bc7
0xbb37b92cb934f5f49132b066508724a7dde3d2e6,0xaf30d2a7e90d7dc361c8c4585e9bb7d2f6f15bc7
0x79207e2c9986fc4400280299180b5ff73b7e4a96,0xaf30d2a7e90d7dc361c8c4585e9bb7d2f6f15bc7
0x45d6b424b65eaa47bfe63678aed464ba3475f08e,0xaf30d2a7e90d7dc361c8c4585e9bb7d2f6f15bc7
0xcc8b62a37688a31940cc723a039ed67a794551cc,0xaf30d2a7e90d7dc361c8c4585e9bb7d2f6f15bc7
0xbb37b92cb934f5f49132b066508724a7dde3d2e6,0xaf30d2a7e90d7dc361c8c4585e9bb7d2f6f15bc7
0x45d6b424b65eaa47bfe63678aed464ba3475f08e,0xaf30d2a7e90d7dc361c8c4585e9bb7d2f6f15bc7
0xbb37b92cb934f5f49132b066508724a7dde3d2e6,0xaf30d2a7e90d7dc361c8c4585e9bb7d2f6f15bc7
0x45d6b424b65eaa47bfe63678aed464ba3475f08e,0xaf30d2a7e90d7dc361c8c4585e9bb7d2f6f15bc7
0xb42bcdc9c9429d2e8b72e369edfa5950a5e94ad6,0xaf30d2a7e90d7dc361c8c4585e9bb7d2f6f15bc7
0xb42bcdc9c9429d2e8b72e369edfa5950a5e94ad6,0xaf30d2a7e90d7dc361c8c4585e9bb7d2f6f15bc7
0xdf33b0500e6232904594704730e557683303dfd6,0xaf30d2a7e90d7dc361c8c4585e9bb7d2f6f15bc7
0x45d6b424b65eaa47bfe63678aed464ba3475f08e,0xaf30d2a7e90d7dc361c8c4585e9bb7d2f6f15bc7
0xd94c9ff168dc6aebf9b6cc86deff54f3fb0afc33,0xaf30d2a7e90d7dc361c8c4585e9bb7d2f6f15bc7
0x8b2232c5006a7c9bcb7b52d07ad429bb71ae2c1c,0xaf30d2a7e90d7dc361c8c4585e9bb7d2f6f15bc7
0x6035e259484925f691fda2a01e21795b8f49f45f,0xaf30d2a7e90d7dc361c8c4585e9bb7d2f6f15bc7
0x6035e259484925f691fda2a01e21795b8f49f45f,0xaf30d2a7e90d7dc361c8c4585e9bb7d2f6f15bc7
0x6035e259484925f691fda2a01e21795b8f49f45f,0xaf30d2a7e90d7dc361c8c4585e9bb7d2f6f15bc7
0x1c50a8a79b410eca98866cebb99e5ea01cf0e76a,0xaf30d2a7e90d7dc361c8c4585e9bb7d2f6f15bc7
0x1c50a8a79b410eca98866cebb99e5ea01cf0e76a,0xaf30d2a7e90d7dc361c8c4585e9bb7d2f6f15bc7
0x1c50a8a79b410eca98866cebb99e5ea01cf0e76a,0xaf30d2a7e90d7dc361c8c4585e9bb7d2f6f15bc7
0x1c50a8a79b410eca98866cebb99e5ea01cf0e76a,0xaf30d2a7e90d7dc361c8c4585e9bb7d2f6f15bc7
0x390b43cf0024117d2d280d65719e8d45014806f7,0xaf30d2a7e90d7dc361c8c4585e9bb7d2f6f15bc7
0x8748fc1f38826e46d9f6d91fb5fbb70a0e81f9e2,0xaf30d2a7e90d7dc361c8c4585e9bb7d2f6f15bc7
0x8748fc1f38826e46d9f6d91fb5fbb70a0e81f9e2,0xaf30d2a7e90d7dc361c8c4585e9bb7d2f6f15bc7
0x14a21a1e038d956724d0acb9a59912a4c3c9edd9,0xaf30d2a7e90d7dc361c8c4585e9bb7d2f6f15bc7
0xee90ce56e68b011fc1b9e84aac62156b8c27763f,0xaf30d2a7e90d7dc361c8c4585e9bb7d2f6f15bc7
0xee90ce56e68b011fc1b9e84aac62156b8c27763f,0xaf30d2a7e90d7dc361c8c4585e9bb7d2f6f15bc7
0x9c99fa2e7d29092b8cb586209125441dcf018672,0xaf30d2a7e90d7dc361c8c4585e9bb7d2f6f15bc7
0xd0330e268811e234cc29c42fdf93ef2cdf0670b5,0xaf30d2a7e90d7dc361c8c4585e9bb7d2f6f15bc7
0xd0330e268811e234cc29c42fdf93ef2cdf0670b5,0xaf30d2a7e90d7dc361c8c4585e9bb7d2f6f15bc7
0xd970aa7b43583779dac9611cfe8bf437787257ef,0xaf30d2a7e90d7dc361c8c4585e9bb7d2f6f15bc7
0x537bf75de19f3d229e3a9018ee1a23c0c9c7d39c,0xaf30d2a7e90d7dc361c8c4585e9bb7d2f6f15bc7
0xd970aa7b43583779dac9611cfe8bf437787257ef,0xaf30d2a7e90d7dc361c8c4585e9bb7d2f6f15bc7
0xd970aa7b43583779dac9611cfe8bf437787257ef,0xaf30d2a7e90d7dc361c8c4585e9bb7d2f6f15bc7
0xd0330e268811e234cc29c42fdf93ef2cdf0670b5,0xaf30d2a7e90d7dc361c8c4585e9bb7d2f6f15bc7
