0xd64bc227196ea7ac265f18af7c3d82372f9ac3d7,0xb582baaf5e749d6aa98a22355a9d08b4c4d013c8
0x60a6d871fd960d241d851b675a26b06edac66e01,0xb582baaf5e749d6aa98a22355a9d08b4c4d013c8
0x4faa058b0f3eeaa5cf7a895c9629cadf2a45cd89,0xb582baaf5e749d6aa98a22355a9d08b4c4d013c8
0x065f3f3ff5365cf121f450213a40fcb197a36d82,0xb582baaf5e749d6aa98a22355a9d08b4c4d013c8
0xc046b59484843b2af6ca105afd88a3ab60e9b7cd,0xb582baaf5e749d6aa98a22355a9d08b4c4d013c8
0xbf11315df7a0a8b7a4da0be1b28ca31a44358874,0xb582baaf5e749d6aa98a22355a9d08b4c4d013c8
0x467e137c36669e42d096dc3cb0c92c1ace59caa0,0xb582baaf5e749d6aa98a22355a9d08b4c4d013c8
0x70faa28a6b8d6829a4b1e649d26ec9a2a39ba413,0xb582baaf5e749d6aa98a22355a9d08b4c4d013c8
0x065f3f3ff5365cf121f450213a40fcb197a36d82,0xb582baaf5e749d6aa98a22355a9d08b4c4d013c8
0xc046b59484843b2af6ca105afd88a3ab60e9b7cd,0xb582baaf5e749d6aa98a22355a9d08b4c4d013c8
0xd64bc227196ea7ac265f18af7c3d82372f9ac3d7,0xb582baaf5e749d6aa98a22355a9d08b4c4d013c8
0x60a6d871fd960d241d851b675a26b06edac66e01,0xb582baaf5e749d6aa98a22355a9d08b4c4d013c8
0xb6d97cb58d68cd943daa257ca884caec22ea7bab,0xb582baaf5e749d6aa98a22355a9d08b4c4d013c8
0xa85864d43e4cd0d362d14be7680461811ca9b321,0xb582baaf5e749d6aa98a22355a9d08b4c4d013c8
0xb49ea3e65f7e20005a3f706f7e6a2dd3ce7dee16,0xb582baaf5e749d6aa98a22355a9d08b4c4d013c8
0xfea3c26382a0b3db309dc4e431999af556753914,0xb582baaf5e749d6aa98a22355a9d08b4c4d013c8
0x065f3f3ff5365cf121f450213a40fcb197a36d82,0xb582baaf5e749d6aa98a22355a9d08b4c4d013c8
0x59e7b93fe6ec0618ab2629b2e62b012b7e093f49,0xb582baaf5e749d6aa98a22355a9d08b4c4d013c8
0xb6d97cb58d68cd943daa257ca884caec22ea7bab,0xb582baaf5e749d6aa98a22355a9d08b4c4d013c8
0x60a6d871fd960d241d851b675a26b06edac66e01,0xb582baaf5e749d6aa98a22355a9d08b4c4d013c8
0x065f3f3ff5365cf121f450213a40fcb197a36d82,0xb582baaf5e749d6aa98a22355a9d08b4c4d013c8
0xc046b59484843b2af6ca105afd88a3ab60e9b7cd,0xb582baaf5e749d6aa98a22355a9d08b4c4d013c8
0x4faa058b0f3eeaa5cf7a895c9629cadf2a45cd89,0xb582baaf5e749d6aa98a22355a9d08b4c4d013c8
0x70faa28a6b8d6829a4b1e649d26ec9a2a39ba413,0xb582baaf5e749d6aa98a22355a9d08b4c4d013c8
0xc9a466cf316bff886618e8ee2aa189e4516a32f2,0xb582baaf5e749d6aa98a22355a9d08b4c4d013c8
0x3179002cfcd5c4f65e7a8ed5ef27d1d1106cc673,0xb582baaf5e749d6aa98a22355a9d08b4c4d013c8
0x03615d9ddf8f069139b5b35861e861198c852d8f,0xb582baaf5e749d6aa98a22355a9d08b4c4d013c8
0x065f3f3ff5365cf121f450213a40fcb197a36d82,0xb582baaf5e749d6aa98a22355a9d08b4c4d013c8
0x96e4d091d47bf67e5f59e6742f2fa6fc3117b2ad,0xb582baaf5e749d6aa98a22355a9d08b4c4d013c8
0x70faa28a6b8d6829a4b1e649d26ec9a2a39ba413,0xb582baaf5e749d6aa98a22355a9d08b4c4d013c8
0x96e4d091d47bf67e5f59e6742f2fa6fc3117b2ad,0xb582baaf5e749d6aa98a22355a9d08b4c4d013c8
0xb49ea3e65f7e20005a3f706f7e6a2dd3ce7dee16,0xb582baaf5e749d6aa98a22355a9d08b4c4d013c8
0x065f3f3ff5365cf121f450213a40fcb197a36d82,0xb582baaf5e749d6aa98a22355a9d08b4c4d013c8
0x2dece460fd53253af78b5017849c6860cf970526,0xb582baaf5e749d6aa98a22355a9d08b4c4d013c8
0x02f1d4b533b347bcbc498c83e7a2488810457b9b,0xb582baaf5e749d6aa98a22355a9d08b4c4d013c8
0x54d6e56cc99e4e944d45466a68e4312b4a6abc1a,0xb582baaf5e749d6aa98a22355a9d08b4c4d013c8
0x2dece460fd53253af78b5017849c6860cf970526,0xb582baaf5e749d6aa98a22355a9d08b4c4d013c8
0x54d6e56cc99e4e944d45466a68e4312b4a6abc1a,0xb582baaf5e749d6aa98a22355a9d08b4c4d013c8
0xc046b59484843b2af6ca105afd88a3ab60e9b7cd,0xb582baaf5e749d6aa98a22355a9d08b4c4d013c8
0xb49ea3e65f7e20005a3f706f7e6a2dd3ce7dee16,0xb582baaf5e749d6aa98a22355a9d08b4c4d013c8
0x4538ce08d7dfce5fe5bce404f92c4ecf226e67e8,0xb582baaf5e749d6aa98a22355a9d08b4c4d013c8
0x065f3f3ff5365cf121f450213a40fcb197a36d82,0xb582baaf5e749d6aa98a22355a9d08b4c4d013c8
0x2f5b0f80c0815e9dbed4923d9165adc386953232,0xb582baaf5e749d6aa98a22355a9d08b4c4d013c8
0x2dece460fd53253af78b5017849c6860cf970526,0xb582baaf5e749d6aa98a22355a9d08b4c4d013c8
0x113f4e2581ce9b305c09e8e122676a0bbb992249,0xb582baaf5e749d6aa98a22355a9d08b4c4d013c8
0x69c6a9ef50926cb1450a706483377f17130c5305,0xb582baaf5e749d6aa98a22355a9d08b4c4d013c8
0x065f3f3ff5365cf121f450213a40fcb197a36d82,0xb582baaf5e749d6aa98a22355a9d08b4c4d013c8
0xb49ea3e65f7e20005a3f706f7e6a2dd3ce7dee16,0xb582baaf5e749d6aa98a22355a9d08b4c4d013c8
0x8891544a492807c375377ec00ffa2312f87c57a4,0xb582baaf5e749d6aa98a22355a9d08b4c4d013c8
0x70faa28a6b8d6829a4b1e649d26ec9a2a39ba413,0xb582baaf5e749d6aa98a22355a9d08b4c4d013c8
0xa85864d43e4cd0d362d14be7680461811ca9b321,0xb582baaf5e749d6aa98a22355a9d08b4c4d013c8
0xb00e488cc83886814ce7818ab58ada1fa628d547,0xb582baaf5e749d6aa98a22355a9d08b4c4d013c8
0x24f21c22f0e641e2371f04a7bb8d713f89f53550,0xb582baaf5e749d6aa98a22355a9d08b4c4d013c8
0xc76bff71f98eb513cc832372a1dfd17ccd0d0d19,0xb582baaf5e749d6aa98a22355a9d08b4c4d013c8
0x065f3f3ff5365cf121f450213a40fcb197a36d82,0xb582baaf5e749d6aa98a22355a9d08b4c4d013c8
0xe8211975ad5996a2c8772ee28b4c5acc9869718f,0xb582baaf5e749d6aa98a22355a9d08b4c4d013c8
0x96e4d091d47bf67e5f59e6742f2fa6fc3117b2ad,0xb582baaf5e749d6aa98a22355a9d08b4c4d013c8
0xa6b51b1d043fd540d67607c5a93244a8003a9d69,0xb582baaf5e749d6aa98a22355a9d08b4c4d013c8
0xc9a466cf316bff886618e8ee2aa189e4516a32f2,0xb582baaf5e749d6aa98a22355a9d08b4c4d013c8
0xb49ea3e65f7e20005a3f706f7e6a2dd3ce7dee16,0xb582baaf5e749d6aa98a22355a9d08b4c4d013c8
0x617d0864803a4f2867f7c58eb0ab084bb897c235,0xb582baaf5e749d6aa98a22355a9d08b4c4d013c8
0xc76bff71f98eb513cc832372a1dfd17ccd0d0d19,0xb582baaf5e749d6aa98a22355a9d08b4c4d013c8
0xe31dcd9dc23ccf750a2f4bd3a3feed4de6ad9d9a,0xb582baaf5e749d6aa98a22355a9d08b4c4d013c8
0xe31dcd9dc23ccf750a2f4bd3a3feed4de6ad9d9a,0xb582baaf5e749d6aa98a22355a9d08b4c4d013c8
0x96e4d091d47bf67e5f59e6742f2fa6fc3117b2ad,0xb582baaf5e749d6aa98a22355a9d08b4c4d013c8
0x96e4d091d47bf67e5f59e6742f2fa6fc3117b2ad,0xb582baaf5e749d6aa98a22355a9d08b4c4d013c8
0xe8211975ad5996a2c8772ee28b4c5acc9869718f,0xb582baaf5e749d6aa98a22355a9d08b4c4d013c8
0xe31dcd9dc23ccf750a2f4bd3a3feed4de6ad9d9a,0xb582baaf5e749d6aa98a22355a9d08b4c4d013c8
0x617d0864803a4f2867f7c58eb0ab084bb897c235,0xb582baaf5e749d6aa98a22355a9d08b4c4d013c8
0xc76bff71f98eb513cc832372a1dfd17ccd0d0d19,0xb582baaf5e749d6aa98a22355a9d08b4c4d013c8
0xe31dcd9dc23ccf750a2f4bd3a3feed4de6ad9d9a,0xb582baaf5e749d6aa98a22355a9d08b4c4d013c8
0xc76bff71f98eb513cc832372a1dfd17ccd0d0d19,0xb582baaf5e749d6aa98a22355a9d08b4c4d013c8
0x7502c446781aa8d1d875dfd7aaed450fdf82e3e7,0xb582baaf5e749d6aa98a22355a9d08b4c4d013c8
0x8fdd88d18f41e13036ba13d46fb056c301c089a9,0xb582baaf5e749d6aa98a22355a9d08b4c4d013c8
0xe8211975ad5996a2c8772ee28b4c5acc9869718f,0xb582baaf5e749d6aa98a22355a9d08b4c4d013c8
0x6fabfe96206adc6596bb817e3e06c8b4f694f8cd,0xb582baaf5e749d6aa98a22355a9d08b4c4d013c8
0x722361758e3accea8a1a6de588f2e2d87ced75c4,0xb582baaf5e749d6aa98a22355a9d08b4c4d013c8
0xa9995849b2b2543a181be4484edd2ceec5600175,0xb582baaf5e749d6aa98a22355a9d08b4c4d013c8
0xe8211975ad5996a2c8772ee28b4c5acc9869718f,0xb582baaf5e749d6aa98a22355a9d08b4c4d013c8
0x8b887f92d8d32cb75210b4559ec82a759de8291d,0xb582baaf5e749d6aa98a22355a9d08b4c4d013c8
0x96e4d091d47bf67e5f59e6742f2fa6fc3117b2ad,0xb582baaf5e749d6aa98a22355a9d08b4c4d013c8
0xfdbbd8c6abcd1a032e26b9706f20cf7d98ff662c,0xb582baaf5e749d6aa98a22355a9d08b4c4d013c8
0xfdbbd8c6abcd1a032e26b9706f20cf7d98ff662c,0xb582baaf5e749d6aa98a22355a9d08b4c4d013c8
0x69c6a9ef50926cb1450a706483377f17130c5305,0xb582baaf5e749d6aa98a22355a9d08b4c4d013c8
0x7e289e909cce2aa08eff9fcc24b48141af7875f7,0xb582baaf5e749d6aa98a22355a9d08b4c4d013c8
0xfec03081c4e51b375d064ffb4186af9e032fc723,0xb582baaf5e749d6aa98a22355a9d08b4c4d013c8
0xfdbbd8c6abcd1a032e26b9706f20cf7d98ff662c,0xb582baaf5e749d6aa98a22355a9d08b4c4d013c8
0xfdbbd8c6abcd1a032e26b9706f20cf7d98ff662c,0xb582baaf5e749d6aa98a22355a9d08b4c4d013c8
0x69c6a9ef50926cb1450a706483377f17130c5305,0xb582baaf5e749d6aa98a22355a9d08b4c4d013c8
0xc9e79474229c1b1a6a6283444b66f0f778f9f201,0xb582baaf5e749d6aa98a22355a9d08b4c4d013c8
0x69c6a9ef50926cb1450a706483377f17130c5305,0xb582baaf5e749d6aa98a22355a9d08b4c4d013c8
0x70faa28a6b8d6829a4b1e649d26ec9a2a39ba413,0xb582baaf5e749d6aa98a22355a9d08b4c4d013c8
0xd9486aa30e2e4cc3d4c7145d32b8bc0f365b506a,0xb582baaf5e749d6aa98a22355a9d08b4c4d013c8
0x32925c23059a695ac3639aab2520dd65ee51ca02,0xb582baaf5e749d6aa98a22355a9d08b4c4d013c8
0x3850874f1c796b32b1dc18fbd66b4398c2bd1e8d,0xb582baaf5e749d6aa98a22355a9d08b4c4d013c8
0x7f9c8b2e40574b3a2bf5e7bcba1f625062c15691,0xb582baaf5e749d6aa98a22355a9d08b4c4d013c8
0x88e15e882e8dbfc2c866df0eed5f2886b7b3280a,0xb582baaf5e749d6aa98a22355a9d08b4c4d013c8
0xf9303f3b203d2af4329df4ad2c67ca06cee76a6f,0xb582baaf5e749d6aa98a22355a9d08b4c4d013c8
0xa6b51b1d043fd540d67607c5a93244a8003a9d69,0xb582baaf5e749d6aa98a22355a9d08b4c4d013c8
0x9f17fb04616bd4f1e1c05322459d633a0ca32ca1,0xb582baaf5e749d6aa98a22355a9d08b4c4d013c8
0x70faa28a6b8d6829a4b1e649d26ec9a2a39ba413,0xb582baaf5e749d6aa98a22355a9d08b4c4d013c8
0x04930ccd1e3977a1b45788ae99c8b76daacb7a82,0xb582baaf5e749d6aa98a22355a9d08b4c4d013c8
0x6934d7f82b6d57b630bae786c10a8651c639f7d7,0xb582baaf5e749d6aa98a22355a9d08b4c4d013c8
0x20ebfdb54786028ef2f347cd9a05d0c5ec59d1e3,0xb582baaf5e749d6aa98a22355a9d08b4c4d013c8
0x70faa28a6b8d6829a4b1e649d26ec9a2a39ba413,0xb582baaf5e749d6aa98a22355a9d08b4c4d013c8
0x750e7f6dc62cf55d55e884f37875672c894e0246,0xb582baaf5e749d6aa98a22355a9d08b4c4d013c8
0x4538ce08d7dfce5fe5bce404f92c4ecf226e67e8,0xb582baaf5e749d6aa98a22355a9d08b4c4d013c8
0xfec03081c4e51b375d064ffb4186af9e032fc723,0xb582baaf5e749d6aa98a22355a9d08b4c4d013c8
0x05e7a8c085a64d92ae0862393f46d41ce885e2d5,0xb582baaf5e749d6aa98a22355a9d08b4c4d013c8
0xf1d1208891503a59de91aa07328124fbfce0c218,0xb582baaf5e749d6aa98a22355a9d08b4c4d013c8
0x70faa28a6b8d6829a4b1e649d26ec9a2a39ba413,0xb582baaf5e749d6aa98a22355a9d08b4c4d013c8
0x53597a78f82c35b2f0452a2ee1c97be0c790d819,0xb582baaf5e749d6aa98a22355a9d08b4c4d013c8
0xf1d1208891503a59de91aa07328124fbfce0c218,0xb582baaf5e749d6aa98a22355a9d08b4c4d013c8
0x9f17fb04616bd4f1e1c05322459d633a0ca32ca1,0xb582baaf5e749d6aa98a22355a9d08b4c4d013c8
0xfea3c26382a0b3db309dc4e431999af556753914,0xb582baaf5e749d6aa98a22355a9d08b4c4d013c8
0x9f17fb04616bd4f1e1c05322459d633a0ca32ca1,0xb582baaf5e749d6aa98a22355a9d08b4c4d013c8
0x71eafc60766e7c0b277a986f8e5809b10eebb76d,0xb582baaf5e749d6aa98a22355a9d08b4c4d013c8
0x4521928fb7a6158937aa75413be01427ce44c1ae,0xb582baaf5e749d6aa98a22355a9d08b4c4d013c8
0x5e0a1d638574d6f3c830aed7f97b402c96b68d03,0xb582baaf5e749d6aa98a22355a9d08b4c4d013c8
0x4b983158c0236ee07a94d0d96fdba210c33859f8,0xb582baaf5e749d6aa98a22355a9d08b4c4d013c8
0xfaf6706a1744302dc9da9733f32102257e2fdfc5,0xb582baaf5e749d6aa98a22355a9d08b4c4d013c8
0xff5f45b0d25a862d1bd9b43f5eb01e150d4126e9,0xb582baaf5e749d6aa98a22355a9d08b4c4d013c8
0x676f886a736000f2c4c7db970bc52595a7756c08,0xb582baaf5e749d6aa98a22355a9d08b4c4d013c8
0xff5f45b0d25a862d1bd9b43f5eb01e150d4126e9,0xb582baaf5e749d6aa98a22355a9d08b4c4d013c8
0x5e0a1d638574d6f3c830aed7f97b402c96b68d03,0xb582baaf5e749d6aa98a22355a9d08b4c4d013c8
0xd444e6d13077b5738f82d1c7d4ff4c2eee94b0e4,0xb582baaf5e749d6aa98a22355a9d08b4c4d013c8
0x4c9c6fc54e0580a3862b6d21c5316d8f8f8e9913,0xb582baaf5e749d6aa98a22355a9d08b4c4d013c8
0x51e97ea74b559e6ea4007bbd23473f89fe0cd6e0,0xb582baaf5e749d6aa98a22355a9d08b4c4d013c8
0xd444e6d13077b5738f82d1c7d4ff4c2eee94b0e4,0xb582baaf5e749d6aa98a22355a9d08b4c4d013c8
0xd444e6d13077b5738f82d1c7d4ff4c2eee94b0e4,0xb582baaf5e749d6aa98a22355a9d08b4c4d013c8
0x943b6b7a2bcd9f0b39f89385c44b0d62b7f433e7,0xb582baaf5e749d6aa98a22355a9d08b4c4d013c8
0xf22ecbee06572d0e193d3e2ec3a64143cb55f461,0xb582baaf5e749d6aa98a22355a9d08b4c4d013c8
0xc046b59484843b2af6ca105afd88a3ab60e9b7cd,0xb582baaf5e749d6aa98a22355a9d08b4c4d013c8
0xf22ecbee06572d0e193d3e2ec3a64143cb55f461,0xb582baaf5e749d6aa98a22355a9d08b4c4d013c8
0x943b6b7a2bcd9f0b39f89385c44b0d62b7f433e7,0xb582baaf5e749d6aa98a22355a9d08b4c4d013c8
0x378ee85bedba91c3235049ef8d76efb43f616757,0xb582baaf5e749d6aa98a22355a9d08b4c4d013c8
0x0bfff4c6f0e390ec1c8133cfd327fddf8c411a7a,0xb582baaf5e749d6aa98a22355a9d08b4c4d013c8
0x378ee85bedba91c3235049ef8d76efb43f616757,0xb582baaf5e749d6aa98a22355a9d08b4c4d013c8
0x378ee85bedba91c3235049ef8d76efb43f616757,0xb582baaf5e749d6aa98a22355a9d08b4c4d013c8
0x378ee85bedba91c3235049ef8d76efb43f616757,0xb582baaf5e749d6aa98a22355a9d08b4c4d013c8
0x38614b5c827e06702e49248eef826dad1dc4442e,0xb582baaf5e749d6aa98a22355a9d08b4c4d013c8
0x378ee85bedba91c3235049ef8d76efb43f616757,0xb582baaf5e749d6aa98a22355a9d08b4c4d013c8
0x378ee85bedba91c3235049ef8d76efb43f616757,0xb582baaf5e749d6aa98a22355a9d08b4c4d013c8
0x378ee85bedba91c3235049ef8d76efb43f616757,0xb582baaf5e749d6aa98a22355a9d08b4c4d013c8
0xa8800bc5fbd080285e41682f7c95e3de696fcd0a,0xb582baaf5e749d6aa98a22355a9d08b4c4d013c8
0x6c9d61a7bc4effdcad6e72df9dfc12f23b9d5f35,0xb582baaf5e749d6aa98a22355a9d08b4c4d013c8
0xf1d1208891503a59de91aa07328124fbfce0c218,0xb582baaf5e749d6aa98a22355a9d08b4c4d013c8
0xc046b59484843b2af6ca105afd88a3ab60e9b7cd,0xb582baaf5e749d6aa98a22355a9d08b4c4d013c8
0x4ce3d69c396fa9190c5786a25d14a9dac8b1db58,0xb582baaf5e749d6aa98a22355a9d08b4c4d013c8
0x7bc1cb73e68b3a71759f701e42df4280717b8ba2,0xb582baaf5e749d6aa98a22355a9d08b4c4d013c8
0xaeaedbf663a8926310e01100a603d2e5aebc05ad,0xb582baaf5e749d6aa98a22355a9d08b4c4d013c8
0x70faa28a6b8d6829a4b1e649d26ec9a2a39ba413,0xb582baaf5e749d6aa98a22355a9d08b4c4d013c8
0xc71272f3e95eeecd51ad605daf61c3b635d32a5d,0xb582baaf5e749d6aa98a22355a9d08b4c4d013c8
0xf3fe51fde34413c73318b9c85437fe7e820f561a,0xb582baaf5e749d6aa98a22355a9d08b4c4d013c8
0x09e7d5f472d521aa6e215f23ede7162bcaf1cf93,0xb582baaf5e749d6aa98a22355a9d08b4c4d013c8
0x70faa28a6b8d6829a4b1e649d26ec9a2a39ba413,0xb582baaf5e749d6aa98a22355a9d08b4c4d013c8
0x09e7d5f472d521aa6e215f23ede7162bcaf1cf93,0xb582baaf5e749d6aa98a22355a9d08b4c4d013c8
0x70faa28a6b8d6829a4b1e649d26ec9a2a39ba413,0xb582baaf5e749d6aa98a22355a9d08b4c4d013c8
0x70faa28a6b8d6829a4b1e649d26ec9a2a39ba413,0xb582baaf5e749d6aa98a22355a9d08b4c4d013c8
0x1d715427e9d4b98e7ad8cd99c64de774f6065e1d,0xb582baaf5e749d6aa98a22355a9d08b4c4d013c8
0x1d715427e9d4b98e7ad8cd99c64de774f6065e1d,0xb582baaf5e749d6aa98a22355a9d08b4c4d013c8
0xdd098e0750ec02f7c3d17bc3353ed6cc4709f59c,0xb582baaf5e749d6aa98a22355a9d08b4c4d013c8
0x4e85034870f257aebe58c01a66712138fec3fe2d,0xb582baaf5e749d6aa98a22355a9d08b4c4d013c8
0x3156fb5ffc42dc12fb449f7a1300afb1a42355d3,0xb582baaf5e749d6aa98a22355a9d08b4c4d013c8
0x3156fb5ffc42dc12fb449f7a1300afb1a42355d3,0xb582baaf5e749d6aa98a22355a9d08b4c4d013c8
0xc046b59484843b2af6ca105afd88a3ab60e9b7cd,0xb582baaf5e749d6aa98a22355a9d08b4c4d013c8
0x0bd031229a6c65bff623a6c569600a2b2ff323bd,0xb582baaf5e749d6aa98a22355a9d08b4c4d013c8
0x7b1bf53a9cbe83a7dea434579fe72aac8d2a0cd0,0xb582baaf5e749d6aa98a22355a9d08b4c4d013c8
0x7b1bf53a9cbe83a7dea434579fe72aac8d2a0cd0,0xb582baaf5e749d6aa98a22355a9d08b4c4d013c8
0x7b1bf53a9cbe83a7dea434579fe72aac8d2a0cd0,0xb582baaf5e749d6aa98a22355a9d08b4c4d013c8
0xed16ce39feef3bd7f5d162045e0f67c0f00046bb,0xb582baaf5e749d6aa98a22355a9d08b4c4d013c8
0xfbf9701729cdb6febd5b1dc6f1c5c129c4a1c12b,0xb582baaf5e749d6aa98a22355a9d08b4c4d013c8
0xc824c4f17bde7b5a89e912bf1c3ef2327a83d294,0xb582baaf5e749d6aa98a22355a9d08b4c4d013c8
0xfbf9701729cdb6febd5b1dc6f1c5c129c4a1c12b,0xb582baaf5e749d6aa98a22355a9d08b4c4d013c8
0xc824c4f17bde7b5a89e912bf1c3ef2327a83d294,0xb582baaf5e749d6aa98a22355a9d08b4c4d013c8
0xfbf9701729cdb6febd5b1dc6f1c5c129c4a1c12b,0xb582baaf5e749d6aa98a22355a9d08b4c4d013c8
0x8506d946cc63d1f1f3a303d68b0da64597cd64f3,0xb582baaf5e749d6aa98a22355a9d08b4c4d013c8
0x8506d946cc63d1f1f3a303d68b0da64597cd64f3,0xb582baaf5e749d6aa98a22355a9d08b4c4d013c8
0x5107ede4737a3833850e542c9d8947c8b586bb7c,0xb582baaf5e749d6aa98a22355a9d08b4c4d013c8
0x749a790fa2cdfd45f333701e6998d158a0cc3b84,0xb582baaf5e749d6aa98a22355a9d08b4c4d013c8
0x358a7ad35868167a00acb4f1e23398827a3871c7,0xb582baaf5e749d6aa98a22355a9d08b4c4d013c8
0xaeaedbf663a8926310e01100a603d2e5aebc05ad,0xb582baaf5e749d6aa98a22355a9d08b4c4d013c8
0x75f605e3c92ff0d3fa2a8c844ad2e2ffebafab9c,0xb582baaf5e749d6aa98a22355a9d08b4c4d013c8
0xf35fc4a81bc4b470706cc411ff92fc1d1c4fcd61,0xb582baaf5e749d6aa98a22355a9d08b4c4d013c8
0xa13556ae5365de0760dcff854c290916c5caba01,0xb582baaf5e749d6aa98a22355a9d08b4c4d013c8
0x07f35b7fe735c49fd5051d5a0c2e74c9177fea6d,0xb582baaf5e749d6aa98a22355a9d08b4c4d013c8
0x07f35b7fe735c49fd5051d5a0c2e74c9177fea6d,0xb582baaf5e749d6aa98a22355a9d08b4c4d013c8
0x07f35b7fe735c49fd5051d5a0c2e74c9177fea6d,0xb582baaf5e749d6aa98a22355a9d08b4c4d013c8
0x07f35b7fe735c49fd5051d5a0c2e74c9177fea6d,0xb582baaf5e749d6aa98a22355a9d08b4c4d013c8
0xbbaae310794e019c590408f2727490993e56d93a,0xb582baaf5e749d6aa98a22355a9d08b4c4d013c8
0x3ff047e5e803e20f5ef55ea1029adb89618047db,0xb582baaf5e749d6aa98a22355a9d08b4c4d013c8
0x3ff047e5e803e20f5ef55ea1029adb89618047db,0xb582baaf5e749d6aa98a22355a9d08b4c4d013c8
0x3ff047e5e803e20f5ef55ea1029adb89618047db,0xb582baaf5e749d6aa98a22355a9d08b4c4d013c8
0xe4ba97f6c08b423573ea4f66f394e8a678dfc594,0xb582baaf5e749d6aa98a22355a9d08b4c4d013c8
0xe4ba97f6c08b423573ea4f66f394e8a678dfc594,0xb582baaf5e749d6aa98a22355a9d08b4c4d013c8
0x5a2f98ef50b6563b9831cc8b611f6c911d943b2a,0xb582baaf5e749d6aa98a22355a9d08b4c4d013c8
0x3d58f70a9a6f371cd0ed5c190307facad25d1377,0xb582baaf5e749d6aa98a22355a9d08b4c4d013c8
0x3d58f70a9a6f371cd0ed5c190307facad25d1377,0xb582baaf5e749d6aa98a22355a9d08b4c4d013c8
0x3d58f70a9a6f371cd0ed5c190307facad25d1377,0xb582baaf5e749d6aa98a22355a9d08b4c4d013c8
0x5c11ee7ddb1288237d06baad506bb71764c39314,0xb582baaf5e749d6aa98a22355a9d08b4c4d013c8
0x5c11ee7ddb1288237d06baad506bb71764c39314,0xb582baaf5e749d6aa98a22355a9d08b4c4d013c8
0x90d563ca945af45913eb65600807df451dbed661,0xb582baaf5e749d6aa98a22355a9d08b4c4d013c8
0x273e8d3411fbba5be32b20b1fa975607888f5dcb,0xb582baaf5e749d6aa98a22355a9d08b4c4d013c8
0x273e8d3411fbba5be32b20b1fa975607888f5dcb,0xb582baaf5e749d6aa98a22355a9d08b4c4d013c8
0x32be343b94f860124dc4fee278fdcbd38c102d88,0xb582baaf5e749d6aa98a22355a9d08b4c4d013c8
0xf9e8c384a159d722dad254e4ed1911a233407461,0xb582baaf5e749d6aa98a22355a9d08b4c4d013c8
0x7602cc27bcbf04966d3b0e70fe52ddb0e268a53e,0xb582baaf5e749d6aa98a22355a9d08b4c4d013c8
0xa82284cf55b66bb41d4606b08496acf0115c37e7,0xb582baaf5e749d6aa98a22355a9d08b4c4d013c8
0x88e6fb71ccd655f819af43be4914ea9814851cd2,0xb582baaf5e749d6aa98a22355a9d08b4c4d013c8
0x67a8faf6fad5f75f9097f1f31b7a7ba66637d2e7,0xb582baaf5e749d6aa98a22355a9d08b4c4d013c8
0xc32c714174053411f26b67382bee536c22deec9b,0xb582baaf5e749d6aa98a22355a9d08b4c4d013c8
0xbbaae310794e019c590408f2727490993e56d93a,0xb582baaf5e749d6aa98a22355a9d08b4c4d013c8
0xbeea1366f1e9a584bfb91f792dee07626c9ab5c6,0xb582baaf5e749d6aa98a22355a9d08b4c4d013c8
0x460d35a3eb7be555059ac3c3b2e19c9a789c3534,0xb582baaf5e749d6aa98a22355a9d08b4c4d013c8
0x273e8d3411fbba5be32b20b1fa975607888f5dcb,0xb582baaf5e749d6aa98a22355a9d08b4c4d013c8
0x036cf14fd9f479be9e3162bc5e76efad4c2cd979,0xb582baaf5e749d6aa98a22355a9d08b4c4d013c8
0x6642da1b9fa972a5024654016b2bc084df7dd9ae,0xb582baaf5e749d6aa98a22355a9d08b4c4d013c8
0x6642da1b9fa972a5024654016b2bc084df7dd9ae,0xb582baaf5e749d6aa98a22355a9d08b4c4d013c8
0x6642da1b9fa972a5024654016b2bc084df7dd9ae,0xb582baaf5e749d6aa98a22355a9d08b4c4d013c8
0xbeea1366f1e9a584bfb91f792dee07626c9ab5c6,0xb582baaf5e749d6aa98a22355a9d08b4c4d013c8
0x275b62bb7f616212ff86ea877a0fb846f825ad5b,0xb582baaf5e749d6aa98a22355a9d08b4c4d013c8
0x275b62bb7f616212ff86ea877a0fb846f825ad5b,0xb582baaf5e749d6aa98a22355a9d08b4c4d013c8
0x8fe7563bd0e8c832e8047bf592c2646df63b94f3,0xb582baaf5e749d6aa98a22355a9d08b4c4d013c8
0x6642da1b9fa972a5024654016b2bc084df7dd9ae,0xb582baaf5e749d6aa98a22355a9d08b4c4d013c8
0x6642da1b9fa972a5024654016b2bc084df7dd9ae,0xb582baaf5e749d6aa98a22355a9d08b4c4d013c8
0x6642da1b9fa972a5024654016b2bc084df7dd9ae,0xb582baaf5e749d6aa98a22355a9d08b4c4d013c8
0x6642da1b9fa972a5024654016b2bc084df7dd9ae,0xb582baaf5e749d6aa98a22355a9d08b4c4d013c8
0x6642da1b9fa972a5024654016b2bc084df7dd9ae,0xb582baaf5e749d6aa98a22355a9d08b4c4d013c8
0x74ad6ea42b1d3c1baba1c3c17d589865461769c8,0xb582baaf5e749d6aa98a22355a9d08b4c4d013c8
0x74ad6ea42b1d3c1baba1c3c17d589865461769c8,0xb582baaf5e749d6aa98a22355a9d08b4c4d013c8
0x74ad6ea42b1d3c1baba1c3c17d589865461769c8,0xb582baaf5e749d6aa98a22355a9d08b4c4d013c8
0xa03b252954af22602a0b0ef3be0c12540e5cd046,0xb582baaf5e749d6aa98a22355a9d08b4c4d013c8
0x0663caf86ef171e229bd070bad5cbefe1bca0060,0xb582baaf5e749d6aa98a22355a9d08b4c4d013c8
0x472f4064aca4438f6c47b7b48f2a1d7873ab50b8,0xb582baaf5e749d6aa98a22355a9d08b4c4d013c8
0x34bc54736585ac1fa01eef4fffec9e4209297968,0xb582baaf5e749d6aa98a22355a9d08b4c4d013c8
0x34bc54736585ac1fa01eef4fffec9e4209297968,0xb582baaf5e749d6aa98a22355a9d08b4c4d013c8
0x2571fbbc363bfe26bf49f798761b8d4c452bd0c8,0xb582baaf5e749d6aa98a22355a9d08b4c4d013c8
0x2ccc5a059a1bda4c3c3c594516e812a0b15799c9,0xb582baaf5e749d6aa98a22355a9d08b4c4d013c8
0xd92f9abc99e547a003139f03869b854453fe45c3,0xb582baaf5e749d6aa98a22355a9d08b4c4d013c8
0xbeea1366f1e9a584bfb91f792dee07626c9ab5c6,0xb582baaf5e749d6aa98a22355a9d08b4c4d013c8
0xbeea1366f1e9a584bfb91f792dee07626c9ab5c6,0xb582baaf5e749d6aa98a22355a9d08b4c4d013c8
0x2ccc5a059a1bda4c3c3c594516e812a0b15799c9,0xb582baaf5e749d6aa98a22355a9d08b4c4d013c8
0x4b983158c0236ee07a94d0d96fdba210c33859f8,0xb582baaf5e749d6aa98a22355a9d08b4c4d013c8
0xe23288a9d4314d069e218da9ff3b4fab660a988c,0xb582baaf5e749d6aa98a22355a9d08b4c4d013c8
0xe23288a9d4314d069e218da9ff3b4fab660a988c,0xb582baaf5e749d6aa98a22355a9d08b4c4d013c8
0xe23288a9d4314d069e218da9ff3b4fab660a988c,0xb582baaf5e749d6aa98a22355a9d08b4c4d013c8
0x3f655e9082fcd95ad3128b25c5ddc4a8c62c19ee,0xb582baaf5e749d6aa98a22355a9d08b4c4d013c8
0x3f655e9082fcd95ad3128b25c5ddc4a8c62c19ee,0xb582baaf5e749d6aa98a22355a9d08b4c4d013c8
0x70faa28a6b8d6829a4b1e649d26ec9a2a39ba413,0xb582baaf5e749d6aa98a22355a9d08b4c4d013c8
0x6601f5a2e23ead82bbabfb863e79e9d73a1ee6b5,0xb582baaf5e749d6aa98a22355a9d08b4c4d013c8
0xe5efb5787f55011716996dbff7454676c5ff265a,0xb582baaf5e749d6aa98a22355a9d08b4c4d013c8
0x956c4474fe490cc31a6b8ec28ee1205d956796d3,0xb582baaf5e749d6aa98a22355a9d08b4c4d013c8
0x750e7f6dc62cf55d55e884f37875672c894e0246,0xb582baaf5e749d6aa98a22355a9d08b4c4d013c8
0x750e7f6dc62cf55d55e884f37875672c894e0246,0xb582baaf5e749d6aa98a22355a9d08b4c4d013c8
0x750e7f6dc62cf55d55e884f37875672c894e0246,0xb582baaf5e749d6aa98a22355a9d08b4c4d013c8
0xfd6c5ac853391486d25ddd5cefb1f7040ee31c2c,0xb582baaf5e749d6aa98a22355a9d08b4c4d013c8
0xb8df2a2b9abd8e1b32b6817c59762ddaf33a6f27,0xb582baaf5e749d6aa98a22355a9d08b4c4d013c8
0x484b598a7ea583b25b39072ee4d76923178e13d9,0xb582baaf5e749d6aa98a22355a9d08b4c4d013c8
0x484b598a7ea583b25b39072ee4d76923178e13d9,0xb582baaf5e749d6aa98a22355a9d08b4c4d013c8
0x70faa28a6b8d6829a4b1e649d26ec9a2a39ba413,0xb582baaf5e749d6aa98a22355a9d08b4c4d013c8
0x484b598a7ea583b25b39072ee4d76923178e13d9,0xb582baaf5e749d6aa98a22355a9d08b4c4d013c8
0x484b598a7ea583b25b39072ee4d76923178e13d9,0xb582baaf5e749d6aa98a22355a9d08b4c4d013c8
0x484b598a7ea583b25b39072ee4d76923178e13d9,0xb582baaf5e749d6aa98a22355a9d08b4c4d013c8
0x484b598a7ea583b25b39072ee4d76923178e13d9,0xb582baaf5e749d6aa98a22355a9d08b4c4d013c8
0x484b598a7ea583b25b39072ee4d76923178e13d9,0xb582baaf5e749d6aa98a22355a9d08b4c4d013c8
0x484b598a7ea583b25b39072ee4d76923178e13d9,0xb582baaf5e749d6aa98a22355a9d08b4c4d013c8
0x484b598a7ea583b25b39072ee4d76923178e13d9,0xb582baaf5e749d6aa98a22355a9d08b4c4d013c8
0x484b598a7ea583b25b39072ee4d76923178e13d9,0xb582baaf5e749d6aa98a22355a9d08b4c4d013c8
0x484b598a7ea583b25b39072ee4d76923178e13d9,0xb582baaf5e749d6aa98a22355a9d08b4c4d013c8
0x9f17fb04616bd4f1e1c05322459d633a0ca32ca1,0xb582baaf5e749d6aa98a22355a9d08b4c4d013c8
0x70faa28a6b8d6829a4b1e649d26ec9a2a39ba413,0xb582baaf5e749d6aa98a22355a9d08b4c4d013c8
0x2a9b08c15215bc777a67ae685d50e0c0016270c7,0xb582baaf5e749d6aa98a22355a9d08b4c4d013c8
0x2ccc5a059a1bda4c3c3c594516e812a0b15799c9,0xb582baaf5e749d6aa98a22355a9d08b4c4d013c8
0x2ccc5a059a1bda4c3c3c594516e812a0b15799c9,0xb582baaf5e749d6aa98a22355a9d08b4c4d013c8
0x9f17fb04616bd4f1e1c05322459d633a0ca32ca1,0xb582baaf5e749d6aa98a22355a9d08b4c4d013c8
0x3f655e9082fcd95ad3128b25c5ddc4a8c62c19ee,0xb582baaf5e749d6aa98a22355a9d08b4c4d013c8
0x4b599f01b9aae80a7c283b73a7edb7da929da5e3,0xb582baaf5e749d6aa98a22355a9d08b4c4d013c8
0x4b599f01b9aae80a7c283b73a7edb7da929da5e3,0xb582baaf5e749d6aa98a22355a9d08b4c4d013c8
0xc55dc913275cdbd651dd3b245017ea2aa5ec8577,0xb582baaf5e749d6aa98a22355a9d08b4c4d013c8
0xc55dc913275cdbd651dd3b245017ea2aa5ec8577,0xb582baaf5e749d6aa98a22355a9d08b4c4d013c8
0x818490c87821c03eaab85a0bcddd67e5ab0ab345,0xb582baaf5e749d6aa98a22355a9d08b4c4d013c8
0xb53085364db6013d4e38db5371d253c571beb3ae,0xb582baaf5e749d6aa98a22355a9d08b4c4d013c8
0x70d25ed2c8ada59c088cf70dd22bf2db93acc18a,0xb582baaf5e749d6aa98a22355a9d08b4c4d013c8
0x5da9e94410a1241a76dfd182777e5983ae4f7a15,0xb582baaf5e749d6aa98a22355a9d08b4c4d013c8
0x750e7f6dc62cf55d55e884f37875672c894e0246,0xb582baaf5e749d6aa98a22355a9d08b4c4d013c8
0x18b12be7ac3de29fd6aa84c7d3fd2c2ed5df0fe3,0xb582baaf5e749d6aa98a22355a9d08b4c4d013c8
0x0663caf86ef171e229bd070bad5cbefe1bca0060,0xb582baaf5e749d6aa98a22355a9d08b4c4d013c8
0xcaa27e3a92df358bfc2379a1cb15f79b1216fb3c,0xb582baaf5e749d6aa98a22355a9d08b4c4d013c8
0xcaa27e3a92df358bfc2379a1cb15f79b1216fb3c,0xb582baaf5e749d6aa98a22355a9d08b4c4d013c8
0xcaa27e3a92df358bfc2379a1cb15f79b1216fb3c,0xb582baaf5e749d6aa98a22355a9d08b4c4d013c8
0xbce0211700e08f4a71138250f362ce0fcfd72fba,0xb582baaf5e749d6aa98a22355a9d08b4c4d013c8
0x218ceba34780a8681f3eac76f048696cc091d3d7,0xb582baaf5e749d6aa98a22355a9d08b4c4d013c8
0xd3df3b53cb3b4755de54e180451cc44c9e8ae0aa,0xb582baaf5e749d6aa98a22355a9d08b4c4d013c8
0x8a34345b893faacb3d34dc2b5de3055965e8ca79,0xb582baaf5e749d6aa98a22355a9d08b4c4d013c8
0x8fdd88d18f41e13036ba13d46fb056c301c089a9,0xb582baaf5e749d6aa98a22355a9d08b4c4d013c8
0x750e7f6dc62cf55d55e884f37875672c894e0246,0xb582baaf5e749d6aa98a22355a9d08b4c4d013c8
0xad165a88933f0fb45e8c8b7464ac9d3fb26bc534,0xb582baaf5e749d6aa98a22355a9d08b4c4d013c8
0x750e7f6dc62cf55d55e884f37875672c894e0246,0xb582baaf5e749d6aa98a22355a9d08b4c4d013c8
0x750e7f6dc62cf55d55e884f37875672c894e0246,0xb582baaf5e749d6aa98a22355a9d08b4c4d013c8
0x9ef09064ba2a8ecda1798aca9afaceac0ab2175c,0xb582baaf5e749d6aa98a22355a9d08b4c4d013c8
0xa0917046d4397292d9c356d3d1f925685a1b5b5c,0xb582baaf5e749d6aa98a22355a9d08b4c4d013c8
0xb398260245b92459f79833202f56690664e1f01b,0xb582baaf5e749d6aa98a22355a9d08b4c4d013c8
0xb398260245b92459f79833202f56690664e1f01b,0xb582baaf5e749d6aa98a22355a9d08b4c4d013c8
0x70faa28a6b8d6829a4b1e649d26ec9a2a39ba413,0xb582baaf5e749d6aa98a22355a9d08b4c4d013c8
0x80e169bd23499abcf22e69b6ea311dd90af44181,0xb582baaf5e749d6aa98a22355a9d08b4c4d013c8
0x07a63f1668e2e62369199ba3f4b14245ca078707,0xb582baaf5e749d6aa98a22355a9d08b4c4d013c8
0x9f17fb04616bd4f1e1c05322459d633a0ca32ca1,0xb582baaf5e749d6aa98a22355a9d08b4c4d013c8
0x88fccd2564750e38e15a243868b2631031c2b8e3,0xb582baaf5e749d6aa98a22355a9d08b4c4d013c8
0x16a7d5fadf85dbd80bac9d7e0f0892017cd3e293,0xb582baaf5e749d6aa98a22355a9d08b4c4d013c8
0xa24c96d1792bc235bb8cdfb554ffcd1aaad9035d,0xb582baaf5e749d6aa98a22355a9d08b4c4d013c8
0xa24c96d1792bc235bb8cdfb554ffcd1aaad9035d,0xb582baaf5e749d6aa98a22355a9d08b4c4d013c8
0x72a7d42dfd66cc99fdaefe97874dc35345a608dc,0xb582baaf5e749d6aa98a22355a9d08b4c4d013c8
0x70faa28a6b8d6829a4b1e649d26ec9a2a39ba413,0xb582baaf5e749d6aa98a22355a9d08b4c4d013c8
0x07e4652feb20f48e7ed33be981ad81f4e36128f0,0xb582baaf5e749d6aa98a22355a9d08b4c4d013c8
0x07e4652feb20f48e7ed33be981ad81f4e36128f0,0xb582baaf5e749d6aa98a22355a9d08b4c4d013c8
0xa613d85aed02973e1992cd0e90c49c9160c0422b,0xb582baaf5e749d6aa98a22355a9d08b4c4d013c8
0x507c8fea802a0772eb5e001a8fba38f36fb9b66b,0xb582baaf5e749d6aa98a22355a9d08b4c4d013c8
0xc8e99360d5b672d66610b0db0807611fe954ccf9,0xb582baaf5e749d6aa98a22355a9d08b4c4d013c8
0xc8e99360d5b672d66610b0db0807611fe954ccf9,0xb582baaf5e749d6aa98a22355a9d08b4c4d013c8
0x1c3e3d9eeded1f2b8a7d660e8c7cbebd00489f2e,0xb582baaf5e749d6aa98a22355a9d08b4c4d013c8
0x1c3e3d9eeded1f2b8a7d660e8c7cbebd00489f2e,0xb582baaf5e749d6aa98a22355a9d08b4c4d013c8
0xa6b51b1d043fd540d67607c5a93244a8003a9d69,0xb582baaf5e749d6aa98a22355a9d08b4c4d013c8
0x06ec2a55bd0083fd594193d22d3a5117be3f3c8b,0xb582baaf5e749d6aa98a22355a9d08b4c4d013c8
0x06ec2a55bd0083fd594193d22d3a5117be3f3c8b,0xb582baaf5e749d6aa98a22355a9d08b4c4d013c8
0x6642da1b9fa972a5024654016b2bc084df7dd9ae,0xb582baaf5e749d6aa98a22355a9d08b4c4d013c8
0x70faa28a6b8d6829a4b1e649d26ec9a2a39ba413,0xb582baaf5e749d6aa98a22355a9d08b4c4d013c8
0xcaa27e3a92df358bfc2379a1cb15f79b1216fb3c,0xb582baaf5e749d6aa98a22355a9d08b4c4d013c8
0xfa34afc4f8bf3c5dc4e7374c506df3a6bcdc5784,0xb582baaf5e749d6aa98a22355a9d08b4c4d013c8
0xfa34afc4f8bf3c5dc4e7374c506df3a6bcdc5784,0xb582baaf5e749d6aa98a22355a9d08b4c4d013c8
0xfa34afc4f8bf3c5dc4e7374c506df3a6bcdc5784,0xb582baaf5e749d6aa98a22355a9d08b4c4d013c8
0xd2b33e27fc84184ed61164c91fc84e16fac41b4a,0xb582baaf5e749d6aa98a22355a9d08b4c4d013c8
0xfa34afc4f8bf3c5dc4e7374c506df3a6bcdc5784,0xb582baaf5e749d6aa98a22355a9d08b4c4d013c8
0x4ce3d69c396fa9190c5786a25d14a9dac8b1db58,0xb582baaf5e749d6aa98a22355a9d08b4c4d013c8
0xd4af8ccd7370a1002929cac1183db4f4228b2d83,0xb582baaf5e749d6aa98a22355a9d08b4c4d013c8
0xff5f45b0d25a862d1bd9b43f5eb01e150d4126e9,0xb582baaf5e749d6aa98a22355a9d08b4c4d013c8
0x16a7d5fadf85dbd80bac9d7e0f0892017cd3e293,0xb582baaf5e749d6aa98a22355a9d08b4c4d013c8
0xfc9c98f09fc93b09050c0f3fd28d22cdaa00d33c,0xb582baaf5e749d6aa98a22355a9d08b4c4d013c8
0x4317eccaf5226df2895c17aae6708748203897ef,0xb582baaf5e749d6aa98a22355a9d08b4c4d013c8
0x80e7bc6f24f9159d3eeb6c4bd62a3df1befa717c,0xb582baaf5e749d6aa98a22355a9d08b4c4d013c8
0x9f17fb04616bd4f1e1c05322459d633a0ca32ca1,0xb582baaf5e749d6aa98a22355a9d08b4c4d013c8
0x9f17fb04616bd4f1e1c05322459d633a0ca32ca1,0xb582baaf5e749d6aa98a22355a9d08b4c4d013c8
0x0073382b1cf9e1421617b46a8a0d51f256454027,0xb582baaf5e749d6aa98a22355a9d08b4c4d013c8
0xd72bfbe82b5ef83c5a24321e5379a332072f656e,0xb582baaf5e749d6aa98a22355a9d08b4c4d013c8
0x2a2f8d3b98e672bcf5ff074770f6c5ada8ae75d4,0xb582baaf5e749d6aa98a22355a9d08b4c4d013c8
0x4b983158c0236ee07a94d0d96fdba210c33859f8,0xb582baaf5e749d6aa98a22355a9d08b4c4d013c8
0xa24c96d1792bc235bb8cdfb554ffcd1aaad9035d,0xb582baaf5e749d6aa98a22355a9d08b4c4d013c8
0xc8f387eb8edac64efae018dfd10036bdbc059369,0xb582baaf5e749d6aa98a22355a9d08b4c4d013c8
0xcc5a6eb98fb5a8c100940d9cd14d94830b497139,0xb582baaf5e749d6aa98a22355a9d08b4c4d013c8
0xcc5a6eb98fb5a8c100940d9cd14d94830b497139,0xb582baaf5e749d6aa98a22355a9d08b4c4d013c8
0xcc5a6eb98fb5a8c100940d9cd14d94830b497139,0xb582baaf5e749d6aa98a22355a9d08b4c4d013c8
0xd4ac2300f42ad0da633031d353b1b565225dbfba,0xb582baaf5e749d6aa98a22355a9d08b4c4d013c8
0xd4ac2300f42ad0da633031d353b1b565225dbfba,0xb582baaf5e749d6aa98a22355a9d08b4c4d013c8
0xd4ac2300f42ad0da633031d353b1b565225dbfba,0xb582baaf5e749d6aa98a22355a9d08b4c4d013c8
0x80e7bc6f24f9159d3eeb6c4bd62a3df1befa717c,0xb582baaf5e749d6aa98a22355a9d08b4c4d013c8
0x8b19877ec825fcf976584a5551ddbb236a10e255,0xb582baaf5e749d6aa98a22355a9d08b4c4d013c8
0x80e169bd23499abcf22e69b6ea311dd90af44181,0xb582baaf5e749d6aa98a22355a9d08b4c4d013c8
0xcaa27e3a92df358bfc2379a1cb15f79b1216fb3c,0xb582baaf5e749d6aa98a22355a9d08b4c4d013c8
0x70faa28a6b8d6829a4b1e649d26ec9a2a39ba413,0xb582baaf5e749d6aa98a22355a9d08b4c4d013c8
0x70faa28a6b8d6829a4b1e649d26ec9a2a39ba413,0xb582baaf5e749d6aa98a22355a9d08b4c4d013c8
0xc81805f3e8534350e0669ddb3261417db5ff869e,0xb582baaf5e749d6aa98a22355a9d08b4c4d013c8
0xc81805f3e8534350e0669ddb3261417db5ff869e,0xb582baaf5e749d6aa98a22355a9d08b4c4d013c8
0xd0d46481218933000206adc862c30371cda00be1,0xb582baaf5e749d6aa98a22355a9d08b4c4d013c8
0xd0d46481218933000206adc862c30371cda00be1,0xb582baaf5e749d6aa98a22355a9d08b4c4d013c8
0xd0d46481218933000206adc862c30371cda00be1,0xb582baaf5e749d6aa98a22355a9d08b4c4d013c8
0x71eafc60766e7c0b277a986f8e5809b10eebb76d,0xb582baaf5e749d6aa98a22355a9d08b4c4d013c8
0x71eafc60766e7c0b277a986f8e5809b10eebb76d,0xb582baaf5e749d6aa98a22355a9d08b4c4d013c8
0x71eafc60766e7c0b277a986f8e5809b10eebb76d,0xb582baaf5e749d6aa98a22355a9d08b4c4d013c8
0xd4af8ccd7370a1002929cac1183db4f4228b2d83,0xb582baaf5e749d6aa98a22355a9d08b4c4d013c8
0x5033705ed5547737a68b806db3cf4012cd0c6c5b,0xb582baaf5e749d6aa98a22355a9d08b4c4d013c8
0x851978574fbb77f664d8bba03213cc3e8b533e6e,0xb582baaf5e749d6aa98a22355a9d08b4c4d013c8
0x2607a2ec2e283159b9a4a9b6b8b983654bd441e4,0xb582baaf5e749d6aa98a22355a9d08b4c4d013c8
0x2607a2ec2e283159b9a4a9b6b8b983654bd441e4,0xb582baaf5e749d6aa98a22355a9d08b4c4d013c8
0x43342fd655635ff7997937859916ee03788125db,0xb582baaf5e749d6aa98a22355a9d08b4c4d013c8
0x22d541777915635b22e4b0d619c98d06bf27795d,0xb582baaf5e749d6aa98a22355a9d08b4c4d013c8
0x9f17fb04616bd4f1e1c05322459d633a0ca32ca1,0xb582baaf5e749d6aa98a22355a9d08b4c4d013c8
0x8d42d3d0a88d98138c9677f91a75cd84c6955d83,0xb582baaf5e749d6aa98a22355a9d08b4c4d013c8
0x8d42d3d0a88d98138c9677f91a75cd84c6955d83,0xb582baaf5e749d6aa98a22355a9d08b4c4d013c8
0x8d42d3d0a88d98138c9677f91a75cd84c6955d83,0xb582baaf5e749d6aa98a22355a9d08b4c4d013c8
0x094a3b14660d4fe8b58863eab77b3ebcfc7fb6eb,0xb582baaf5e749d6aa98a22355a9d08b4c4d013c8
0xa77f1f99569245ee09c32ff8f45bf151a7af1627,0xb582baaf5e749d6aa98a22355a9d08b4c4d013c8
0xa77f1f99569245ee09c32ff8f45bf151a7af1627,0xb582baaf5e749d6aa98a22355a9d08b4c4d013c8
0xa24c96d1792bc235bb8cdfb554ffcd1aaad9035d,0xb582baaf5e749d6aa98a22355a9d08b4c4d013c8
0x2ccc5a059a1bda4c3c3c594516e812a0b15799c9,0xb582baaf5e749d6aa98a22355a9d08b4c4d013c8
0x094a3b14660d4fe8b58863eab77b3ebcfc7fb6eb,0xb582baaf5e749d6aa98a22355a9d08b4c4d013c8
0x71eafc60766e7c0b277a986f8e5809b10eebb76d,0xb582baaf5e749d6aa98a22355a9d08b4c4d013c8
0x70faa28a6b8d6829a4b1e649d26ec9a2a39ba413,0xb582baaf5e749d6aa98a22355a9d08b4c4d013c8
0x2a2f8d3b98e672bcf5ff074770f6c5ada8ae75d4,0xb582baaf5e749d6aa98a22355a9d08b4c4d013c8
0x2ccc5a059a1bda4c3c3c594516e812a0b15799c9,0xb582baaf5e749d6aa98a22355a9d08b4c4d013c8
0xf05de84471f9fd1908572c789f060e87840fefa8,0xb582baaf5e749d6aa98a22355a9d08b4c4d013c8
0xf05de84471f9fd1908572c789f060e87840fefa8,0xb582baaf5e749d6aa98a22355a9d08b4c4d013c8
0x70faa28a6b8d6829a4b1e649d26ec9a2a39ba413,0xb582baaf5e749d6aa98a22355a9d08b4c4d013c8
0x5fbb847c76d5690777ba054e384b5ae7287731fa,0xb582baaf5e749d6aa98a22355a9d08b4c4d013c8
0xe13540ecee11b212e8b775dc8e71f374aae9b3f8,0xb582baaf5e749d6aa98a22355a9d08b4c4d013c8
0xa79cd1e209dccba7c88f0e597592ceb0ad5cc21b,0xb582baaf5e749d6aa98a22355a9d08b4c4d013c8
0xc7fe0b8a8bae060c88811f921543d8698192610d,0xb582baaf5e749d6aa98a22355a9d08b4c4d013c8
0xf68b1948b3637903cb43cf9807d4ca11b48d1845,0xb582baaf5e749d6aa98a22355a9d08b4c4d013c8
0xa79cd1e209dccba7c88f0e597592ceb0ad5cc21b,0xb582baaf5e749d6aa98a22355a9d08b4c4d013c8
0xa79cd1e209dccba7c88f0e597592ceb0ad5cc21b,0xb582baaf5e749d6aa98a22355a9d08b4c4d013c8
0xc7fe0b8a8bae060c88811f921543d8698192610d,0xb582baaf5e749d6aa98a22355a9d08b4c4d013c8
0xf68b1948b3637903cb43cf9807d4ca11b48d1845,0xb582baaf5e749d6aa98a22355a9d08b4c4d013c8
0x69c6a9ef50926cb1450a706483377f17130c5305,0xb582baaf5e749d6aa98a22355a9d08b4c4d013c8
0x38b16b208a94ee3516d2d3977ebddcc027fb70ca,0xb582baaf5e749d6aa98a22355a9d08b4c4d013c8
0x4b599f01b9aae80a7c283b73a7edb7da929da5e3,0xb582baaf5e749d6aa98a22355a9d08b4c4d013c8
0x4c4faac9073c5464d1fb0b01d3c44cceeeccff34,0xb582baaf5e749d6aa98a22355a9d08b4c4d013c8
0x5fa3f64d3d18c5a070bc8ac58ba2a52ae43e7442,0xb582baaf5e749d6aa98a22355a9d08b4c4d013c8
0x4b599f01b9aae80a7c283b73a7edb7da929da5e3,0xb582baaf5e749d6aa98a22355a9d08b4c4d013c8
0x21319a37d54ce8631bfbe001bf26b857df82da3f,0xb582baaf5e749d6aa98a22355a9d08b4c4d013c8
0x73d9aa549321887fcd2349fcdc7627a740214889,0xb582baaf5e749d6aa98a22355a9d08b4c4d013c8
0xf967b7310ea553e81cdf97a47b70cdf52a3b8f61,0xb582baaf5e749d6aa98a22355a9d08b4c4d013c8
0x2758ef6158496ad2c42db897e33022de93c2cc74,0xb582baaf5e749d6aa98a22355a9d08b4c4d013c8
0x92fcdb8ac8f0fa2accf8b4bc9b348cc5e8adc002,0xb582baaf5e749d6aa98a22355a9d08b4c4d013c8
0x2758ef6158496ad2c42db897e33022de93c2cc74,0xb582baaf5e749d6aa98a22355a9d08b4c4d013c8
0x71eafc60766e7c0b277a986f8e5809b10eebb76d,0xb582baaf5e749d6aa98a22355a9d08b4c4d013c8
0xf967b7310ea553e81cdf97a47b70cdf52a3b8f61,0xb582baaf5e749d6aa98a22355a9d08b4c4d013c8
0x69c6a9ef50926cb1450a706483377f17130c5305,0xb582baaf5e749d6aa98a22355a9d08b4c4d013c8
0xbb0ba3b4ecf7080de005a7eb9bf9a20c45a36c80,0xb582baaf5e749d6aa98a22355a9d08b4c4d013c8
0xd0d46481218933000206adc862c30371cda00be1,0xb582baaf5e749d6aa98a22355a9d08b4c4d013c8
0xe3850dd2d3ff90c490723fa5266dd535bf262b60,0xb582baaf5e749d6aa98a22355a9d08b4c4d013c8
0xe3850dd2d3ff90c490723fa5266dd535bf262b60,0xb582baaf5e749d6aa98a22355a9d08b4c4d013c8
0x2f2c2053f6ec404b829891b2ad3ad69a242beca8,0xb582baaf5e749d6aa98a22355a9d08b4c4d013c8
0x71eafc60766e7c0b277a986f8e5809b10eebb76d,0xb582baaf5e749d6aa98a22355a9d08b4c4d013c8
0x980a1efb3c9b29dba82bc888af1240012384be75,0xb582baaf5e749d6aa98a22355a9d08b4c4d013c8
0xe3850dd2d3ff90c490723fa5266dd535bf262b60,0xb582baaf5e749d6aa98a22355a9d08b4c4d013c8
0x2ccc5a059a1bda4c3c3c594516e812a0b15799c9,0xb582baaf5e749d6aa98a22355a9d08b4c4d013c8
0xdd3c7f9d5c920d4e98842405ea028c6c0cc80e28,0xb582baaf5e749d6aa98a22355a9d08b4c4d013c8
0x724ff5d0474964863d6d70715a749be3e5427913,0xb582baaf5e749d6aa98a22355a9d08b4c4d013c8
0x29df6d68a604034395593630eecff65982455543,0xb582baaf5e749d6aa98a22355a9d08b4c4d013c8
0xe3850dd2d3ff90c490723fa5266dd535bf262b60,0xb582baaf5e749d6aa98a22355a9d08b4c4d013c8
0x70faa28a6b8d6829a4b1e649d26ec9a2a39ba413,0xb582baaf5e749d6aa98a22355a9d08b4c4d013c8
0xfe48a17ce1cc70844745887ee12b2cb2b2f80fec,0xb582baaf5e749d6aa98a22355a9d08b4c4d013c8
0xc7fe0b8a8bae060c88811f921543d8698192610d,0xb582baaf5e749d6aa98a22355a9d08b4c4d013c8
0x2f85b3bf062769b2a2672200afb21e3f4067a86d,0xb582baaf5e749d6aa98a22355a9d08b4c4d013c8
0xc7fe0b8a8bae060c88811f921543d8698192610d,0xb582baaf5e749d6aa98a22355a9d08b4c4d013c8
0xc7fe0b8a8bae060c88811f921543d8698192610d,0xb582baaf5e749d6aa98a22355a9d08b4c4d013c8
0x05891e118820973b66035316133cd377438755c0,0xb582baaf5e749d6aa98a22355a9d08b4c4d013c8
0xfbf9701729cdb6febd5b1dc6f1c5c129c4a1c12b,0xb582baaf5e749d6aa98a22355a9d08b4c4d013c8
0xe8a70f179c8eb0ec59d89e305ebb41129859aa13,0xb582baaf5e749d6aa98a22355a9d08b4c4d013c8
0xf675952e4d7d6d7b1722c023269e96dda2aacb2a,0xb582baaf5e749d6aa98a22355a9d08b4c4d013c8
0x70faa28a6b8d6829a4b1e649d26ec9a2a39ba413,0xb582baaf5e749d6aa98a22355a9d08b4c4d013c8
0xc62a3685c79e8673468afadfc9587399925b703e,0xb582baaf5e749d6aa98a22355a9d08b4c4d013c8
0x90a64ed7b118631520ac1d71f348ff213ca51817,0xb582baaf5e749d6aa98a22355a9d08b4c4d013c8
0xfe48a17ce1cc70844745887ee12b2cb2b2f80fec,0xb582baaf5e749d6aa98a22355a9d08b4c4d013c8
0xfe48a17ce1cc70844745887ee12b2cb2b2f80fec,0xb582baaf5e749d6aa98a22355a9d08b4c4d013c8
0x503cdf9bad4039c2ee7ebad7b6cb37740cc0382c,0xb582baaf5e749d6aa98a22355a9d08b4c4d013c8
0x9d97888a76225213a2c8b3a2dab90f4367130ac0,0xb582baaf5e749d6aa98a22355a9d08b4c4d013c8
0x1f56b3bd605bced4dae693678da4d15548bf13a7,0xb582baaf5e749d6aa98a22355a9d08b4c4d013c8
0x8f79309fea4694f6d90cc711887f00a076dbc935,0xb582baaf5e749d6aa98a22355a9d08b4c4d013c8
0x96138dffa3f98796a7988bc63bbc0236478ad389,0xb582baaf5e749d6aa98a22355a9d08b4c4d013c8
0x1ed65e726461235aad9cac673e5a82b9c4e75b4c,0xb582baaf5e749d6aa98a22355a9d08b4c4d013c8
0x46f63881a89c4e717c9594cc912e0ced5b162c45,0xb582baaf5e749d6aa98a22355a9d08b4c4d013c8
0x46f63881a89c4e717c9594cc912e0ced5b162c45,0xb582baaf5e749d6aa98a22355a9d08b4c4d013c8
0xcbba2a803bbd944a2efdc72a53ab99780495cfc1,0xb582baaf5e749d6aa98a22355a9d08b4c4d013c8
0x59c9d0d98e806c80cc890bc8f9ec2bd900b8c3c1,0xb582baaf5e749d6aa98a22355a9d08b4c4d013c8
0x47010e87b4a01cd34f4a6446a976bc33804de0a3,0xb582baaf5e749d6aa98a22355a9d08b4c4d013c8
0xf2de971f5dc4e9cef32b17791e29d4f224f84181,0xb582baaf5e749d6aa98a22355a9d08b4c4d013c8
0xf675952e4d7d6d7b1722c023269e96dda2aacb2a,0xb582baaf5e749d6aa98a22355a9d08b4c4d013c8
0x70faa28a6b8d6829a4b1e649d26ec9a2a39ba413,0xb582baaf5e749d6aa98a22355a9d08b4c4d013c8
0xa7a64fe49d0508c679620ddac92318c8851745a4,0xb582baaf5e749d6aa98a22355a9d08b4c4d013c8
0x4ac5ed4b31f4f0e16bd96bf2d9f96200d7c266af,0xb582baaf5e749d6aa98a22355a9d08b4c4d013c8
0x5cf6584dafa1e407031feb491ca573449878c1f9,0xb582baaf5e749d6aa98a22355a9d08b4c4d013c8
0xa889984af94d5fe7f5afca5b0acf1d04e6c9f58f,0xb582baaf5e749d6aa98a22355a9d08b4c4d013c8
0x471f3522eaac53133bca7c5c766e1a06a4414f26,0xb582baaf5e749d6aa98a22355a9d08b4c4d013c8
0xa7a64fe49d0508c679620ddac92318c8851745a4,0xb582baaf5e749d6aa98a22355a9d08b4c4d013c8
0x0832c3b801319b62ab1d3535615d1fe9afc3397a,0xb582baaf5e749d6aa98a22355a9d08b4c4d013c8
0xfe0052701116d9a62ceb4c523332f42f2f9762ae,0xb582baaf5e749d6aa98a22355a9d08b4c4d013c8
0x0832c3b801319b62ab1d3535615d1fe9afc3397a,0xb582baaf5e749d6aa98a22355a9d08b4c4d013c8
0xfe0052701116d9a62ceb4c523332f42f2f9762ae,0xb582baaf5e749d6aa98a22355a9d08b4c4d013c8
0xa68003394eb552e2381a3133b8932ab16ff2b2e4,0xb582baaf5e749d6aa98a22355a9d08b4c4d013c8
0x16a75fccce5f67bcbf8319cfbf0a0e4d37834b36,0xb582baaf5e749d6aa98a22355a9d08b4c4d013c8
0xbf11315df7a0a8b7a4da0be1b28ca31a44358874,0xb582baaf5e749d6aa98a22355a9d08b4c4d013c8
0xed04bd5ad28261a4d08bfdb8c53771b2a9bce1f2,0xb582baaf5e749d6aa98a22355a9d08b4c4d013c8
0xaa5f1995abc8c6e31ee555f3ba6eac257bdb8cbc,0xb582baaf5e749d6aa98a22355a9d08b4c4d013c8
0xfbb1b73c4f0bda4f67dca266ce6ef42f520fbb98,0xb582baaf5e749d6aa98a22355a9d08b4c4d013c8
0x497dbe19fe3291e6ad4b5a7e1b4810ccd1e033ca,0xb582baaf5e749d6aa98a22355a9d08b4c4d013c8
0x5c9725b0c9bc55f4733c90fa8c753a2cccd3b946,0xb582baaf5e749d6aa98a22355a9d08b4c4d013c8
0x497dbe19fe3291e6ad4b5a7e1b4810ccd1e033ca,0xb582baaf5e749d6aa98a22355a9d08b4c4d013c8
0xf9859ffc7238f1bd4afc684eec487ba40780d083,0xb582baaf5e749d6aa98a22355a9d08b4c4d013c8
0xf9859ffc7238f1bd4afc684eec487ba40780d083,0xb582baaf5e749d6aa98a22355a9d08b4c4d013c8
0xf9859ffc7238f1bd4afc684eec487ba40780d083,0xb582baaf5e749d6aa98a22355a9d08b4c4d013c8
0xf9859ffc7238f1bd4afc684eec487ba40780d083,0xb582baaf5e749d6aa98a22355a9d08b4c4d013c8
0xf9859ffc7238f1bd4afc684eec487ba40780d083,0xb582baaf5e749d6aa98a22355a9d08b4c4d013c8
0xf9859ffc7238f1bd4afc684eec487ba40780d083,0xb582baaf5e749d6aa98a22355a9d08b4c4d013c8
0x4ea888bb919df69d82f794012dc94106992b5e7d,0xb582baaf5e749d6aa98a22355a9d08b4c4d013c8
0x10711c3dda32317885f0a2fd8ae92e82069b0d0b,0xb582baaf5e749d6aa98a22355a9d08b4c4d013c8
0x07940d682e51fe3f01b2236d18aae7fae021a7e1,0xb582baaf5e749d6aa98a22355a9d08b4c4d013c8
0x7ae32a27653e7473f25eefc65c113bd7cd753bb8,0xb582baaf5e749d6aa98a22355a9d08b4c4d013c8
0x50a17cb6df1c186e1dde88c4511334252c61bc5b,0xb582baaf5e749d6aa98a22355a9d08b4c4d013c8
0x9b465a0229cd3e061e2098e01de6b47e731ad803,0xb582baaf5e749d6aa98a22355a9d08b4c4d013c8
0xd02f2c6f93b98dfb7db6c4c9f4f9486388e858c8,0xb582baaf5e749d6aa98a22355a9d08b4c4d013c8
0x6cebfb928f09afea77a627fbc716f446b0d2f667,0xb582baaf5e749d6aa98a22355a9d08b4c4d013c8
0x6cebfb928f09afea77a627fbc716f446b0d2f667,0xb582baaf5e749d6aa98a22355a9d08b4c4d013c8
0x51e97ea74b559e6ea4007bbd23473f89fe0cd6e0,0xb582baaf5e749d6aa98a22355a9d08b4c4d013c8
0xe95173abc462f2d13803140b4dea4cad61eccd47,0xb582baaf5e749d6aa98a22355a9d08b4c4d013c8
0xe95173abc462f2d13803140b4dea4cad61eccd47,0xb582baaf5e749d6aa98a22355a9d08b4c4d013c8
0xc7cff37f61e120db781d078ec3979ed4efaf80a1,0xb582baaf5e749d6aa98a22355a9d08b4c4d013c8
0xc7cff37f61e120db781d078ec3979ed4efaf80a1,0xb582baaf5e749d6aa98a22355a9d08b4c4d013c8
0x75e52736d318f2cb6fd3e76ba258884878748856,0xb582baaf5e749d6aa98a22355a9d08b4c4d013c8
0x75e52736d318f2cb6fd3e76ba258884878748856,0xb582baaf5e749d6aa98a22355a9d08b4c4d013c8
0x5fa25511bdc5e3ba14e7d76b7105c7061871175a,0xb582baaf5e749d6aa98a22355a9d08b4c4d013c8
0x2514109d650dcc0b630409c6a8e3685fecc5712e,0xb582baaf5e749d6aa98a22355a9d08b4c4d013c8
0xf040befe7cd18137849dbeb89126ef037b432405,0xb582baaf5e749d6aa98a22355a9d08b4c4d013c8
0x9880619e1f223fb111bb50db66f8f4ba26757d8e,0xb582baaf5e749d6aa98a22355a9d08b4c4d013c8
0x9880619e1f223fb111bb50db66f8f4ba26757d8e,0xb582baaf5e749d6aa98a22355a9d08b4c4d013c8
0xfe0052701116d9a62ceb4c523332f42f2f9762ae,0xb582baaf5e749d6aa98a22355a9d08b4c4d013c8
0xfe0052701116d9a62ceb4c523332f42f2f9762ae,0xb582baaf5e749d6aa98a22355a9d08b4c4d013c8
0x8f60895fbebbb5017fcbff3cdda397292bf25ba6,0xb582baaf5e749d6aa98a22355a9d08b4c4d013c8
0x8f60895fbebbb5017fcbff3cdda397292bf25ba6,0xb582baaf5e749d6aa98a22355a9d08b4c4d013c8
0x8f60895fbebbb5017fcbff3cdda397292bf25ba6,0xb582baaf5e749d6aa98a22355a9d08b4c4d013c8
0x8f60895fbebbb5017fcbff3cdda397292bf25ba6,0xb582baaf5e749d6aa98a22355a9d08b4c4d013c8
0x0357d3e0a6268db4f42b05d47892c87cc9fab9b6,0xb582baaf5e749d6aa98a22355a9d08b4c4d013c8
0x8f60895fbebbb5017fcbff3cdda397292bf25ba6,0xb582baaf5e749d6aa98a22355a9d08b4c4d013c8
0xd821415c3cf204874d2da7e86d959215bcae897f,0xb582baaf5e749d6aa98a22355a9d08b4c4d013c8
0xd821415c3cf204874d2da7e86d959215bcae897f,0xb582baaf5e749d6aa98a22355a9d08b4c4d013c8
0x33581cee233088c0860d944e0cf1ceabb8261c2e,0xb582baaf5e749d6aa98a22355a9d08b4c4d013c8
0xd821415c3cf204874d2da7e86d959215bcae897f,0xb582baaf5e749d6aa98a22355a9d08b4c4d013c8
0x8dc82d1bf8a3fb74d74a57c547d5210f2ed900a8,0xb582baaf5e749d6aa98a22355a9d08b4c4d013c8
0x8dc82d1bf8a3fb74d74a57c547d5210f2ed900a8,0xb582baaf5e749d6aa98a22355a9d08b4c4d013c8
0x8dc82d1bf8a3fb74d74a57c547d5210f2ed900a8,0xb582baaf5e749d6aa98a22355a9d08b4c4d013c8
0x33581cee233088c0860d944e0cf1ceabb8261c2e,0xb582baaf5e749d6aa98a22355a9d08b4c4d013c8
0x33581cee233088c0860d944e0cf1ceabb8261c2e,0xb582baaf5e749d6aa98a22355a9d08b4c4d013c8
0x5c9725b0c9bc55f4733c90fa8c753a2cccd3b946,0xb582baaf5e749d6aa98a22355a9d08b4c4d013c8
0x8a055f97c32fa24ccbdceda170505f97897d4088,0xb582baaf5e749d6aa98a22355a9d08b4c4d013c8
0x5c9725b0c9bc55f4733c90fa8c753a2cccd3b946,0xb582baaf5e749d6aa98a22355a9d08b4c4d013c8
0x33581cee233088c0860d944e0cf1ceabb8261c2e,0xb582baaf5e749d6aa98a22355a9d08b4c4d013c8
0xcf9298333689ede4842b8ca80cc2006a8c8a1c8c,0xb582baaf5e749d6aa98a22355a9d08b4c4d013c8
0xb2f0acc517d73f1cb7648463d98a0c18dced9ba8,0xb582baaf5e749d6aa98a22355a9d08b4c4d013c8
0x3128fc7b59d0a535bf2ecee1fca88b4aa745c41b,0xb582baaf5e749d6aa98a22355a9d08b4c4d013c8
0x77d7d091da20a31de66bed6d7c46c6f99b28fe8c,0xb582baaf5e749d6aa98a22355a9d08b4c4d013c8
0x90d563ca945af45913eb65600807df451dbed661,0xb582baaf5e749d6aa98a22355a9d08b4c4d013c8
0x4a94accca16f1da6cc31f073ec324303dfd524ec,0xb582baaf5e749d6aa98a22355a9d08b4c4d013c8
0x8f60895fbebbb5017fcbff3cdda397292bf25ba6,0xb582baaf5e749d6aa98a22355a9d08b4c4d013c8
0x0554ebe00716a615ef98b4a5b2ac6d4c90656368,0xb582baaf5e749d6aa98a22355a9d08b4c4d013c8
0x7e707f0bfd431f9f0dc4d4fb2c8b9e131a843bf7,0xb582baaf5e749d6aa98a22355a9d08b4c4d013c8
0x7e707f0bfd431f9f0dc4d4fb2c8b9e131a843bf7,0xb582baaf5e749d6aa98a22355a9d08b4c4d013c8
0x4ea888bb919df69d82f794012dc94106992b5e7d,0xb582baaf5e749d6aa98a22355a9d08b4c4d013c8
0x218ceba34780a8681f3eac76f048696cc091d3d7,0xb582baaf5e749d6aa98a22355a9d08b4c4d013c8
0x1c57b59416bde57fd614db5fa05d9fc2bb3f54ff,0xb582baaf5e749d6aa98a22355a9d08b4c4d013c8
0x9c2b891f03667ee0a4b00d430dee1cda3fb3da53,0xb582baaf5e749d6aa98a22355a9d08b4c4d013c8
0x9c2b891f03667ee0a4b00d430dee1cda3fb3da53,0xb582baaf5e749d6aa98a22355a9d08b4c4d013c8
0xc562e607fb1091c20bdbc8169e855da3850ec447,0xb582baaf5e749d6aa98a22355a9d08b4c4d013c8
0xc562e607fb1091c20bdbc8169e855da3850ec447,0xb582baaf5e749d6aa98a22355a9d08b4c4d013c8
0xc562e607fb1091c20bdbc8169e855da3850ec447,0xb582baaf5e749d6aa98a22355a9d08b4c4d013c8
0x0ace99abaf4747dc26b0d49c4accc46831cd60cd,0xb582baaf5e749d6aa98a22355a9d08b4c4d013c8
0x70faa28a6b8d6829a4b1e649d26ec9a2a39ba413,0xb582baaf5e749d6aa98a22355a9d08b4c4d013c8
0x035483926d143b394eb9fc8b974b44ebf338dfc7,0xb582baaf5e749d6aa98a22355a9d08b4c4d013c8
0x218ceba34780a8681f3eac76f048696cc091d3d7,0xb582baaf5e749d6aa98a22355a9d08b4c4d013c8
0x218ceba34780a8681f3eac76f048696cc091d3d7,0xb582baaf5e749d6aa98a22355a9d08b4c4d013c8
0x218ceba34780a8681f3eac76f048696cc091d3d7,0xb582baaf5e749d6aa98a22355a9d08b4c4d013c8
0x218ceba34780a8681f3eac76f048696cc091d3d7,0xb582baaf5e749d6aa98a22355a9d08b4c4d013c8
0x70faa28a6b8d6829a4b1e649d26ec9a2a39ba413,0xb582baaf5e749d6aa98a22355a9d08b4c4d013c8
0xad7f84324d7e4e042ac6bce6f29c2f9b4f536cc6,0xb582baaf5e749d6aa98a22355a9d08b4c4d013c8
0x1c57b59416bde57fd614db5fa05d9fc2bb3f54ff,0xb582baaf5e749d6aa98a22355a9d08b4c4d013c8
0x8dc82d1bf8a3fb74d74a57c547d5210f2ed900a8,0xb582baaf5e749d6aa98a22355a9d08b4c4d013c8
0x8dc82d1bf8a3fb74d74a57c547d5210f2ed900a8,0xb582baaf5e749d6aa98a22355a9d08b4c4d013c8
0x1f76ab06c09ac9e797fa1dcc9933f703102dd336,0xb582baaf5e749d6aa98a22355a9d08b4c4d013c8
0x1f76ab06c09ac9e797fa1dcc9933f703102dd336,0xb582baaf5e749d6aa98a22355a9d08b4c4d013c8
0x1f76ab06c09ac9e797fa1dcc9933f703102dd336,0xb582baaf5e749d6aa98a22355a9d08b4c4d013c8
0x129631915a3ca10b9a159a7dc95bde0ba71682d3,0xb582baaf5e749d6aa98a22355a9d08b4c4d013c8
0xf476e1267f86247cc908816f2e7ad5388c952db0,0xb582baaf5e749d6aa98a22355a9d08b4c4d013c8
0xf476e1267f86247cc908816f2e7ad5388c952db0,0xb582baaf5e749d6aa98a22355a9d08b4c4d013c8
0xf476e1267f86247cc908816f2e7ad5388c952db0,0xb582baaf5e749d6aa98a22355a9d08b4c4d013c8
0x218ceba34780a8681f3eac76f048696cc091d3d7,0xb582baaf5e749d6aa98a22355a9d08b4c4d013c8
0x218ceba34780a8681f3eac76f048696cc091d3d7,0xb582baaf5e749d6aa98a22355a9d08b4c4d013c8
0x218ceba34780a8681f3eac76f048696cc091d3d7,0xb582baaf5e749d6aa98a22355a9d08b4c4d013c8
0x218ceba34780a8681f3eac76f048696cc091d3d7,0xb582baaf5e749d6aa98a22355a9d08b4c4d013c8
0x218ceba34780a8681f3eac76f048696cc091d3d7,0xb582baaf5e749d6aa98a22355a9d08b4c4d013c8
0x218ceba34780a8681f3eac76f048696cc091d3d7,0xb582baaf5e749d6aa98a22355a9d08b4c4d013c8
0x218ceba34780a8681f3eac76f048696cc091d3d7,0xb582baaf5e749d6aa98a22355a9d08b4c4d013c8
0x218ceba34780a8681f3eac76f048696cc091d3d7,0xb582baaf5e749d6aa98a22355a9d08b4c4d013c8
0x218ceba34780a8681f3eac76f048696cc091d3d7,0xb582baaf5e749d6aa98a22355a9d08b4c4d013c8
0x218ceba34780a8681f3eac76f048696cc091d3d7,0xb582baaf5e749d6aa98a22355a9d08b4c4d013c8
0x1fc0e20b82ef289520335a3cab2503dc9be22f91,0xb582baaf5e749d6aa98a22355a9d08b4c4d013c8
0x3f655e9082fcd95ad3128b25c5ddc4a8c62c19ee,0xb582baaf5e749d6aa98a22355a9d08b4c4d013c8
0x1fc0e20b82ef289520335a3cab2503dc9be22f91,0xb582baaf5e749d6aa98a22355a9d08b4c4d013c8
0x1fc0e20b82ef289520335a3cab2503dc9be22f91,0xb582baaf5e749d6aa98a22355a9d08b4c4d013c8
0xa671576e26752c9ee3078b7053b315142d26f79e,0xb582baaf5e749d6aa98a22355a9d08b4c4d013c8
0xa671576e26752c9ee3078b7053b315142d26f79e,0xb582baaf5e749d6aa98a22355a9d08b4c4d013c8
0xa671576e26752c9ee3078b7053b315142d26f79e,0xb582baaf5e749d6aa98a22355a9d08b4c4d013c8
0xa671576e26752c9ee3078b7053b315142d26f79e,0xb582baaf5e749d6aa98a22355a9d08b4c4d013c8
0x129631915a3ca10b9a159a7dc95bde0ba71682d3,0xb582baaf5e749d6aa98a22355a9d08b4c4d013c8
0x0b26649ce2f67cea6b2ab84e9e05ca223f70c40c,0xb582baaf5e749d6aa98a22355a9d08b4c4d013c8
0xe51ffee50b8110b0b7778312b0e6d7883354b966,0xb582baaf5e749d6aa98a22355a9d08b4c4d013c8
0x218ceba34780a8681f3eac76f048696cc091d3d7,0xb582baaf5e749d6aa98a22355a9d08b4c4d013c8
0x218ceba34780a8681f3eac76f048696cc091d3d7,0xb582baaf5e749d6aa98a22355a9d08b4c4d013c8
0x218ceba34780a8681f3eac76f048696cc091d3d7,0xb582baaf5e749d6aa98a22355a9d08b4c4d013c8
0xbeea1366f1e9a584bfb91f792dee07626c9ab5c6,0xb582baaf5e749d6aa98a22355a9d08b4c4d013c8
0xc336f982bc8dc2e7282c780316f44233a31d8090,0xb582baaf5e749d6aa98a22355a9d08b4c4d013c8
0x7f7fb29a6a501fbc549bf22f69dc2813602b983a,0xb582baaf5e749d6aa98a22355a9d08b4c4d013c8
0xa671576e26752c9ee3078b7053b315142d26f79e,0xb582baaf5e749d6aa98a22355a9d08b4c4d013c8
0xa671576e26752c9ee3078b7053b315142d26f79e,0xb582baaf5e749d6aa98a22355a9d08b4c4d013c8
0x99e6270bba0af87b8e0da0a9808eb5dd26099110,0xb582baaf5e749d6aa98a22355a9d08b4c4d013c8
0x64ba5743b5a78ec1df4b4c00013050974247e82d,0xb582baaf5e749d6aa98a22355a9d08b4c4d013c8
0x70faa28a6b8d6829a4b1e649d26ec9a2a39ba413,0xb582baaf5e749d6aa98a22355a9d08b4c4d013c8
0x99e6270bba0af87b8e0da0a9808eb5dd26099110,0xb582baaf5e749d6aa98a22355a9d08b4c4d013c8
0x99e6270bba0af87b8e0da0a9808eb5dd26099110,0xb582baaf5e749d6aa98a22355a9d08b4c4d013c8
0x70faa28a6b8d6829a4b1e649d26ec9a2a39ba413,0xb582baaf5e749d6aa98a22355a9d08b4c4d013c8
0xd0d7c568d5bb8ef7bba5d74cb66e8208b1687e0f,0xb582baaf5e749d6aa98a22355a9d08b4c4d013c8
0xb0d0a7e44436e4eacbdf98cc014a9b98d8ee8bb0,0xb582baaf5e749d6aa98a22355a9d08b4c4d013c8
0xf2da5add7c6f8a47997efa04049ee7888542744b,0xb582baaf5e749d6aa98a22355a9d08b4c4d013c8
0xfbc39d38cf8567c2cdef859b21207adb38650203,0xb582baaf5e749d6aa98a22355a9d08b4c4d013c8
0xccf5b93ef455c8a4834e1ef29305a84897eb6838,0xb582baaf5e749d6aa98a22355a9d08b4c4d013c8
0xbf50ce2e264b9fe2b06830617aedf502b2351b45,0xb582baaf5e749d6aa98a22355a9d08b4c4d013c8
0x1a1d1e0b1ff31b3b1c04285dff337df2acd258f0,0xb582baaf5e749d6aa98a22355a9d08b4c4d013c8
0x6e6a8730b1430097da99c076a0b78ed482a49995,0xb582baaf5e749d6aa98a22355a9d08b4c4d013c8
0xc09c682c767a545132d802a11e2e88b0b534558e,0xb582baaf5e749d6aa98a22355a9d08b4c4d013c8
0x897c369155fd130340c8a956e82ed1439efa67f7,0xb582baaf5e749d6aa98a22355a9d08b4c4d013c8
0x23e7f816b0ba3b85cd8b9b38852333a4fe3673bf,0xb582baaf5e749d6aa98a22355a9d08b4c4d013c8
0x1c031000cf70130e9fe63e8a1e4e331bbc38aa7c,0xb582baaf5e749d6aa98a22355a9d08b4c4d013c8
0x8fdd88d18f41e13036ba13d46fb056c301c089a9,0xb582baaf5e749d6aa98a22355a9d08b4c4d013c8
0x78fc27ab60f64ef7c8e08eed42de835b2347df4a,0xb582baaf5e749d6aa98a22355a9d08b4c4d013c8
0x218ceba34780a8681f3eac76f048696cc091d3d7,0xb582baaf5e749d6aa98a22355a9d08b4c4d013c8
0x5a2f98ef50b6563b9831cc8b611f6c911d943b2a,0xb582baaf5e749d6aa98a22355a9d08b4c4d013c8
0x5a2f98ef50b6563b9831cc8b611f6c911d943b2a,0xb582baaf5e749d6aa98a22355a9d08b4c4d013c8
0x9c2b891f03667ee0a4b00d430dee1cda3fb3da53,0xb582baaf5e749d6aa98a22355a9d08b4c4d013c8
0xe067b0068e70bcd9bb717f98d18bb2a7add07f8e,0xb582baaf5e749d6aa98a22355a9d08b4c4d013c8
0xe067b0068e70bcd9bb717f98d18bb2a7add07f8e,0xb582baaf5e749d6aa98a22355a9d08b4c4d013c8
0x45f1e5d98b7c338cd7cdcbcecc47ddef193674b1,0xb582baaf5e749d6aa98a22355a9d08b4c4d013c8
0xf2da5add7c6f8a47997efa04049ee7888542744b,0xb582baaf5e749d6aa98a22355a9d08b4c4d013c8
0x52c29623eb9808b4e9b07052e5c986ea029978f5,0xb582baaf5e749d6aa98a22355a9d08b4c4d013c8
0x52c29623eb9808b4e9b07052e5c986ea029978f5,0xb582baaf5e749d6aa98a22355a9d08b4c4d013c8
0x52e0f6f7e74a6c859035cd04f80823a46dcc93c2,0xb582baaf5e749d6aa98a22355a9d08b4c4d013c8
0x52e0f6f7e74a6c859035cd04f80823a46dcc93c2,0xb582baaf5e749d6aa98a22355a9d08b4c4d013c8
0xc662571fd653a3bc06e09120e056b6745e58d584,0xb582baaf5e749d6aa98a22355a9d08b4c4d013c8
0x70faa28a6b8d6829a4b1e649d26ec9a2a39ba413,0xb582baaf5e749d6aa98a22355a9d08b4c4d013c8
0x52c29623eb9808b4e9b07052e5c986ea029978f5,0xb582baaf5e749d6aa98a22355a9d08b4c4d013c8
0x0023b1e48c87719f96ba855847c9c8c548c3a279,0xb582baaf5e749d6aa98a22355a9d08b4c4d013c8
0x44cd5bb33b14e2d12bb2e3cd4428d8238dd0ecf1,0xb582baaf5e749d6aa98a22355a9d08b4c4d013c8
0x010245cd06e2a04c8bb1ef3526377e95edb6e359,0xb582baaf5e749d6aa98a22355a9d08b4c4d013c8
0x07f35b7fe735c49fd5051d5a0c2e74c9177fea6d,0xb582baaf5e749d6aa98a22355a9d08b4c4d013c8
0x07f35b7fe735c49fd5051d5a0c2e74c9177fea6d,0xb582baaf5e749d6aa98a22355a9d08b4c4d013c8
0xaa098f9ebd64278d41a8b00bcb8f42d548739f1a,0xb582baaf5e749d6aa98a22355a9d08b4c4d013c8
0x3850874f1c796b32b1dc18fbd66b4398c2bd1e8d,0xb582baaf5e749d6aa98a22355a9d08b4c4d013c8
0x7e289e909cce2aa08eff9fcc24b48141af7875f7,0xb582baaf5e749d6aa98a22355a9d08b4c4d013c8
0x8abd017b7c4010259d7231e118d79958dce19a20,0xb582baaf5e749d6aa98a22355a9d08b4c4d013c8
0x52c29623eb9808b4e9b07052e5c986ea029978f5,0xb582baaf5e749d6aa98a22355a9d08b4c4d013c8
0x010245cd06e2a04c8bb1ef3526377e95edb6e359,0xb582baaf5e749d6aa98a22355a9d08b4c4d013c8
0xf9a99bc5545a7c014e3916a1f641a9b2f5f62e2a,0xb582baaf5e749d6aa98a22355a9d08b4c4d013c8
0xe101f6674a42f74ba773cc2e2b6b5e471c86bf53,0xb582baaf5e749d6aa98a22355a9d08b4c4d013c8
0x2607a2ec2e283159b9a4a9b6b8b983654bd441e4,0xb582baaf5e749d6aa98a22355a9d08b4c4d013c8
0xe101f6674a42f74ba773cc2e2b6b5e471c86bf53,0xb582baaf5e749d6aa98a22355a9d08b4c4d013c8
0xe101f6674a42f74ba773cc2e2b6b5e471c86bf53,0xb582baaf5e749d6aa98a22355a9d08b4c4d013c8
0x70faa28a6b8d6829a4b1e649d26ec9a2a39ba413,0xb582baaf5e749d6aa98a22355a9d08b4c4d013c8
0x504649c19cc3398453b4f06417b67c8e8d06739f,0xb582baaf5e749d6aa98a22355a9d08b4c4d013c8
0x795c74a013aa756356187119ae89573c59c63cb4,0xb582baaf5e749d6aa98a22355a9d08b4c4d013c8
0x018e6e11f412c3b8af507c21d0b9c323281d0576,0xb582baaf5e749d6aa98a22355a9d08b4c4d013c8
0xb8df2a2b9abd8e1b32b6817c59762ddaf33a6f27,0xb582baaf5e749d6aa98a22355a9d08b4c4d013c8
0xb8df2a2b9abd8e1b32b6817c59762ddaf33a6f27,0xb582baaf5e749d6aa98a22355a9d08b4c4d013c8
0x46f63881a89c4e717c9594cc912e0ced5b162c45,0xb582baaf5e749d6aa98a22355a9d08b4c4d013c8
0xc046b59484843b2af6ca105afd88a3ab60e9b7cd,0xb582baaf5e749d6aa98a22355a9d08b4c4d013c8
0x0a38695e5bf72b1e2771ab2391dc1119d4039b3b,0xb582baaf5e749d6aa98a22355a9d08b4c4d013c8
0x62396567241bc92ee3d082ac3c4144511ec6c773,0xb582baaf5e749d6aa98a22355a9d08b4c4d013c8
0x644bfb9a8c5422a2b792328298799d329478fc86,0xb582baaf5e749d6aa98a22355a9d08b4c4d013c8
0xc09c682c767a545132d802a11e2e88b0b534558e,0xb582baaf5e749d6aa98a22355a9d08b4c4d013c8
0xa48c24ff989223879fa3ec17c3622d1822ea505b,0xb582baaf5e749d6aa98a22355a9d08b4c4d013c8
0xd7e04ebc1a4b6b24ed5bac6709a0d3f919ae93f2,0xb582baaf5e749d6aa98a22355a9d08b4c4d013c8
0xd7e04ebc1a4b6b24ed5bac6709a0d3f919ae93f2,0xb582baaf5e749d6aa98a22355a9d08b4c4d013c8
0xd7e04ebc1a4b6b24ed5bac6709a0d3f919ae93f2,0xb582baaf5e749d6aa98a22355a9d08b4c4d013c8
0xd7e04ebc1a4b6b24ed5bac6709a0d3f919ae93f2,0xb582baaf5e749d6aa98a22355a9d08b4c4d013c8
0xd7e04ebc1a4b6b24ed5bac6709a0d3f919ae93f2,0xb582baaf5e749d6aa98a22355a9d08b4c4d013c8
0xec9234fca6b0a04faf54adc9f28f98de99f6490f,0xb582baaf5e749d6aa98a22355a9d08b4c4d013c8
0x0f7be81c91425200860741599068ae0006693f21,0xb582baaf5e749d6aa98a22355a9d08b4c4d013c8
0x17fd9b551a98cb61c2e07fbf41d3e8c9a530cba5,0xb582baaf5e749d6aa98a22355a9d08b4c4d013c8
0x0f7be81c91425200860741599068ae0006693f21,0xb582baaf5e749d6aa98a22355a9d08b4c4d013c8
0xcab87c1285639a1be6e4f99e7c654b4957c320d2,0xb582baaf5e749d6aa98a22355a9d08b4c4d013c8
0x55f3b2b348dda9369cdfc79b38a1b16fef7e1e1c,0xb582baaf5e749d6aa98a22355a9d08b4c4d013c8
0x0bd031229a6c65bff623a6c569600a2b2ff323bd,0xb582baaf5e749d6aa98a22355a9d08b4c4d013c8
0x0bd031229a6c65bff623a6c569600a2b2ff323bd,0xb582baaf5e749d6aa98a22355a9d08b4c4d013c8
0x2a9b08c15215bc777a67ae685d50e0c0016270c7,0xb582baaf5e749d6aa98a22355a9d08b4c4d013c8
0x0bd031229a6c65bff623a6c569600a2b2ff323bd,0xb582baaf5e749d6aa98a22355a9d08b4c4d013c8
0xfdbbd8c6abcd1a032e26b9706f20cf7d98ff662c,0xb582baaf5e749d6aa98a22355a9d08b4c4d013c8
0x266d7f36cfc2a4f242f3f49ccea52338f1bd01eb,0xb582baaf5e749d6aa98a22355a9d08b4c4d013c8
0x6efba8fb2ac5b6730729a972ec224426a287c3ad,0xb582baaf5e749d6aa98a22355a9d08b4c4d013c8
0x617d0864803a4f2867f7c58eb0ab084bb897c235,0xb582baaf5e749d6aa98a22355a9d08b4c4d013c8
0x617d0864803a4f2867f7c58eb0ab084bb897c235,0xb582baaf5e749d6aa98a22355a9d08b4c4d013c8
0x617d0864803a4f2867f7c58eb0ab084bb897c235,0xb582baaf5e749d6aa98a22355a9d08b4c4d013c8
0xc69e6aa8f804914502033d0b9d8608e9d7986576,0xb582baaf5e749d6aa98a22355a9d08b4c4d013c8
0x7c4401ae98f12ef6de39ae24cf9fc51f80eba16b,0xb582baaf5e749d6aa98a22355a9d08b4c4d013c8
0x7c4401ae98f12ef6de39ae24cf9fc51f80eba16b,0xb582baaf5e749d6aa98a22355a9d08b4c4d013c8
0x8f60895fbebbb5017fcbff3cdda397292bf25ba6,0xb582baaf5e749d6aa98a22355a9d08b4c4d013c8
0xa49c21078df9b291d4040f61c2ae185a1077b5ba,0xb582baaf5e749d6aa98a22355a9d08b4c4d013c8
0xc046b59484843b2af6ca105afd88a3ab60e9b7cd,0xb582baaf5e749d6aa98a22355a9d08b4c4d013c8
0xc046b59484843b2af6ca105afd88a3ab60e9b7cd,0xb582baaf5e749d6aa98a22355a9d08b4c4d013c8
0xc08f2d78c2b1be307c1a7ef379a1de69756a94cd,0xb582baaf5e749d6aa98a22355a9d08b4c4d013c8
0xad165a88933f0fb45e8c8b7464ac9d3fb26bc534,0xb582baaf5e749d6aa98a22355a9d08b4c4d013c8
0x0ace99abaf4747dc26b0d49c4accc46831cd60cd,0xb582baaf5e749d6aa98a22355a9d08b4c4d013c8
0xc8a7904b3a7e8e598f56614e57b7ddce87176de3,0xb582baaf5e749d6aa98a22355a9d08b4c4d013c8
0x8b19877ec825fcf976584a5551ddbb236a10e255,0xb582baaf5e749d6aa98a22355a9d08b4c4d013c8
0x8482cf1977ef23b8bd7f5f0b67d7a31291994c91,0xb582baaf5e749d6aa98a22355a9d08b4c4d013c8
0xd0d7c568d5bb8ef7bba5d74cb66e8208b1687e0f,0xb582baaf5e749d6aa98a22355a9d08b4c4d013c8
0x006bf8fffa0e1b3cd01aa319634c7c5d5aee2390,0xb582baaf5e749d6aa98a22355a9d08b4c4d013c8
0x006bf8fffa0e1b3cd01aa319634c7c5d5aee2390,0xb582baaf5e749d6aa98a22355a9d08b4c4d013c8
0x32be343b94f860124dc4fee278fdcbd38c102d88,0xb582baaf5e749d6aa98a22355a9d08b4c4d013c8
0x3e591802897b7931ca2dc71029228aa05c8be14c,0xb582baaf5e749d6aa98a22355a9d08b4c4d013c8
0x57f33b02f9e35eb692985e258740b1fff228e28c,0xb582baaf5e749d6aa98a22355a9d08b4c4d013c8
0x0357d3e0a6268db4f42b05d47892c87cc9fab9b6,0xb582baaf5e749d6aa98a22355a9d08b4c4d013c8
0x0357d3e0a6268db4f42b05d47892c87cc9fab9b6,0xb582baaf5e749d6aa98a22355a9d08b4c4d013c8
0x0357d3e0a6268db4f42b05d47892c87cc9fab9b6,0xb582baaf5e749d6aa98a22355a9d08b4c4d013c8
0x5a2f98ef50b6563b9831cc8b611f6c911d943b2a,0xb582baaf5e749d6aa98a22355a9d08b4c4d013c8
0x3d77486e11bf72fe149a2116d894b16842e2f028,0xb582baaf5e749d6aa98a22355a9d08b4c4d013c8
0x70faa28a6b8d6829a4b1e649d26ec9a2a39ba413,0xb582baaf5e749d6aa98a22355a9d08b4c4d013c8
0x59c9d0d98e806c80cc890bc8f9ec2bd900b8c3c1,0xb582baaf5e749d6aa98a22355a9d08b4c4d013c8
0xf954a34d0ddfe32d65e3273b28089db83e7076aa,0xb582baaf5e749d6aa98a22355a9d08b4c4d013c8
0x07a63f1668e2e62369199ba3f4b14245ca078707,0xb582baaf5e749d6aa98a22355a9d08b4c4d013c8
0x9880619e1f223fb111bb50db66f8f4ba26757d8e,0xb582baaf5e749d6aa98a22355a9d08b4c4d013c8
0x00196a6070a14e8fcb101f169c798c0fdcd8baf0,0xb582baaf5e749d6aa98a22355a9d08b4c4d013c8
0x00196a6070a14e8fcb101f169c798c0fdcd8baf0,0xb582baaf5e749d6aa98a22355a9d08b4c4d013c8
0x00196a6070a14e8fcb101f169c798c0fdcd8baf0,0xb582baaf5e749d6aa98a22355a9d08b4c4d013c8
0xf9859ffc7238f1bd4afc684eec487ba40780d083,0xb582baaf5e749d6aa98a22355a9d08b4c4d013c8
0x815ba2aeb4679db228f78331611451df1642271a,0xb582baaf5e749d6aa98a22355a9d08b4c4d013c8
0x70faa28a6b8d6829a4b1e649d26ec9a2a39ba413,0xb582baaf5e749d6aa98a22355a9d08b4c4d013c8
0x0bd031229a6c65bff623a6c569600a2b2ff323bd,0xb582baaf5e749d6aa98a22355a9d08b4c4d013c8
0x0bd031229a6c65bff623a6c569600a2b2ff323bd,0xb582baaf5e749d6aa98a22355a9d08b4c4d013c8
0x0bd031229a6c65bff623a6c569600a2b2ff323bd,0xb582baaf5e749d6aa98a22355a9d08b4c4d013c8
0x0bd031229a6c65bff623a6c569600a2b2ff323bd,0xb582baaf5e749d6aa98a22355a9d08b4c4d013c8
0xb0d0a7e44436e4eacbdf98cc014a9b98d8ee8bb0,0xb582baaf5e749d6aa98a22355a9d08b4c4d013c8
