0x1ff21eca1c3ba96ed53783ab9c92ffbf77862584,0x162ac26e2f0fe036c3a3d370c118de0b6c883083
0xd3335733f2fe9d94fe8f02483942eea628c957e4,0x162ac26e2f0fe036c3a3d370c118de0b6c883083
0x5ebdfac2eb54bad66fb778f975b03a4e7634aaa7,0x162ac26e2f0fe036c3a3d370c118de0b6c883083
0xd3335733f2fe9d94fe8f02483942eea628c957e4,0x162ac26e2f0fe036c3a3d370c118de0b6c883083
0x4c193b361fd52fd56025e9b4e2d8b5fdaa2a7735,0x162ac26e2f0fe036c3a3d370c118de0b6c883083
0xb7243b316a1ec31c2f75551d47460cc3317b9b68,0x162ac26e2f0fe036c3a3d370c118de0b6c883083
0x5ebdfac2eb54bad66fb778f975b03a4e7634aaa7,0x162ac26e2f0fe036c3a3d370c118de0b6c883083
0x4c193b361fd52fd56025e9b4e2d8b5fdaa2a7735,0x162ac26e2f0fe036c3a3d370c118de0b6c883083
0xd0b3e80c208a5a91baffe2216e62a1616c38d3bb,0x1ff21eca1c3ba96ed53783ab9c92ffbf77862584
0x1ff21eca1c3ba96ed53783ab9c92ffbf77862584,0x8476c7536bad7cb502108306e9b45b3ea9e6724e
0x1ff21eca1c3ba96ed53783ab9c92ffbf77862584,0x8476c7536bad7cb502108306e9b45b3ea9e6724e
0x1ff21eca1c3ba96ed53783ab9c92ffbf77862584,0x8476c7536bad7cb502108306e9b45b3ea9e6724e
0x1ff21eca1c3ba96ed53783ab9c92ffbf77862584,0x8476c7536bad7cb502108306e9b45b3ea9e6724e
0x1ff21eca1c3ba96ed53783ab9c92ffbf77862584,0x8476c7536bad7cb502108306e9b45b3ea9e6724e
0x1ff21eca1c3ba96ed53783ab9c92ffbf77862584,0x8476c7536bad7cb502108306e9b45b3ea9e6724e
0x1ff21eca1c3ba96ed53783ab9c92ffbf77862584,0x8476c7536bad7cb502108306e9b45b3ea9e6724e
0x1ff21eca1c3ba96ed53783ab9c92ffbf77862584,
0x1ff21eca1c3ba96ed53783ab9c92ffbf77862584,
0x1ff21eca1c3ba96ed53783ab9c92ffbf77862584,0xf79c98bf827539c4b79b3fb4866ad1495078533e
0x1ff21eca1c3ba96ed53783ab9c92ffbf77862584,0xf79c98bf827539c4b79b3fb4866ad1495078533e
0x1ff21eca1c3ba96ed53783ab9c92ffbf77862584,0x8476c7536bad7cb502108306e9b45b3ea9e6724e
0x1ff21eca1c3ba96ed53783ab9c92ffbf77862584,0x8476c7536bad7cb502108306e9b45b3ea9e6724e
0x1ff21eca1c3ba96ed53783ab9c92ffbf77862584,0x8476c7536bad7cb502108306e9b45b3ea9e6724e
0x1ff21eca1c3ba96ed53783ab9c92ffbf77862584,0x8476c7536bad7cb502108306e9b45b3ea9e6724e
0x1ff21eca1c3ba96ed53783ab9c92ffbf77862584,0x8476c7536bad7cb502108306e9b45b3ea9e6724e
0x1ff21eca1c3ba96ed53783ab9c92ffbf77862584,0x8476c7536bad7cb502108306e9b45b3ea9e6724e
0x1ff21eca1c3ba96ed53783ab9c92ffbf77862584,0x8476c7536bad7cb502108306e9b45b3ea9e6724e
0x1ff21eca1c3ba96ed53783ab9c92ffbf77862584,0x8476c7536bad7cb502108306e9b45b3ea9e6724e
0x1ff21eca1c3ba96ed53783ab9c92ffbf77862584,0x8476c7536bad7cb502108306e9b45b3ea9e6724e
0x1ff21eca1c3ba96ed53783ab9c92ffbf77862584,0x8476c7536bad7cb502108306e9b45b3ea9e6724e
0x1ff21eca1c3ba96ed53783ab9c92ffbf77862584,0x8476c7536bad7cb502108306e9b45b3ea9e6724e
0x1ff21eca1c3ba96ed53783ab9c92ffbf77862584,0x8476c7536bad7cb502108306e9b45b3ea9e6724e
0x1ff21eca1c3ba96ed53783ab9c92ffbf77862584,0x8476c7536bad7cb502108306e9b45b3ea9e6724e
0x1ff21eca1c3ba96ed53783ab9c92ffbf77862584,0x8476c7536bad7cb502108306e9b45b3ea9e6724e
0x1ff21eca1c3ba96ed53783ab9c92ffbf77862584,0x8476c7536bad7cb502108306e9b45b3ea9e6724e
0x1ff21eca1c3ba96ed53783ab9c92ffbf77862584,0x8476c7536bad7cb502108306e9b45b3ea9e6724e
0x1ff21eca1c3ba96ed53783ab9c92ffbf77862584,0x8476c7536bad7cb502108306e9b45b3ea9e6724e
0x1ff21eca1c3ba96ed53783ab9c92ffbf77862584,0x8476c7536bad7cb502108306e9b45b3ea9e6724e
0x1ff21eca1c3ba96ed53783ab9c92ffbf77862584,0xf79c98bf827539c4b79b3fb4866ad1495078533e
0x1ff21eca1c3ba96ed53783ab9c92ffbf77862584,
0x1ff21eca1c3ba96ed53783ab9c92ffbf77862584,0xf79c98bf827539c4b79b3fb4866ad1495078533e
0x1ff21eca1c3ba96ed53783ab9c92ffbf77862584,0xf79c98bf827539c4b79b3fb4866ad1495078533e
0x1ff21eca1c3ba96ed53783ab9c92ffbf77862584,0x767211accca8574d835e74cfb30af1dbe7e011d3
0x1ff21eca1c3ba96ed53783ab9c92ffbf77862584,0xf79c98bf827539c4b79b3fb4866ad1495078533e
0x1ff21eca1c3ba96ed53783ab9c92ffbf77862584,0xce361bfc8965be50e6e55faf3d56be3e43ac2c6a
0x1ff21eca1c3ba96ed53783ab9c92ffbf77862584,0xce81bc335ec2818b5926299ab65b7f2a7d882208
0x1ff21eca1c3ba96ed53783ab9c92ffbf77862584,0x4b9e0d224dabcc96191cace2d367a8d8b75c9c81
0x1ff21eca1c3ba96ed53783ab9c92ffbf77862584,0x4b9e0d224dabcc96191cace2d367a8d8b75c9c81
0x1ff21eca1c3ba96ed53783ab9c92ffbf77862584,0x4b9e0d224dabcc96191cace2d367a8d8b75c9c81
0x1ff21eca1c3ba96ed53783ab9c92ffbf77862584,0x4b9e0d224dabcc96191cace2d367a8d8b75c9c81
0x1ff21eca1c3ba96ed53783ab9c92ffbf77862584,0x4b9e0d224dabcc96191cace2d367a8d8b75c9c81
0x1ff21eca1c3ba96ed53783ab9c92ffbf77862584,0xb9bc058b1fa517362653ea14d162391d9b278fd3
0x1ff21eca1c3ba96ed53783ab9c92ffbf77862584,0xce81bc335ec2818b5926299ab65b7f2a7d882208
0x1ff21eca1c3ba96ed53783ab9c92ffbf77862584,0xa55e60b2b61a2edcb652ec7186d91ae03f3281d6
0x1ff21eca1c3ba96ed53783ab9c92ffbf77862584,0xce81bc335ec2818b5926299ab65b7f2a7d882208
0x1ff21eca1c3ba96ed53783ab9c92ffbf77862584,0x65a0a0586938e641ea4ad4b6dc5bbf57bbda5cd5
0xa55e60b2b61a2edcb652ec7186d91ae03f3281d6,0x1ff21eca1c3ba96ed53783ab9c92ffbf77862584
0x1ff21eca1c3ba96ed53783ab9c92ffbf77862584,0xa55e60b2b61a2edcb652ec7186d91ae03f3281d6
0x1ff21eca1c3ba96ed53783ab9c92ffbf77862584,0x8476c7536bad7cb502108306e9b45b3ea9e6724e
0x1ff21eca1c3ba96ed53783ab9c92ffbf77862584,0x8476c7536bad7cb502108306e9b45b3ea9e6724e
0x1ff21eca1c3ba96ed53783ab9c92ffbf77862584,0x8476c7536bad7cb502108306e9b45b3ea9e6724e
0x1ff21eca1c3ba96ed53783ab9c92ffbf77862584,0x8476c7536bad7cb502108306e9b45b3ea9e6724e
0x1ff21eca1c3ba96ed53783ab9c92ffbf77862584,0x8476c7536bad7cb502108306e9b45b3ea9e6724e
0x1ff21eca1c3ba96ed53783ab9c92ffbf77862584,0x8476c7536bad7cb502108306e9b45b3ea9e6724e
0x1ff21eca1c3ba96ed53783ab9c92ffbf77862584,0xbd0f803ceea073b5ff716a51a088642d19278b2d
0x1ff21eca1c3ba96ed53783ab9c92ffbf77862584,0x9ce63a4e69de34844e340fc541d82db9506287bc
0x1ff21eca1c3ba96ed53783ab9c92ffbf77862584,0xddbf1f90da33432d32cbbbe9f77982a3d0771169
0x1ff21eca1c3ba96ed53783ab9c92ffbf77862584,0xeb7966e8238fd7b76af4810f3885ffa50b7a11d8
0x1ff21eca1c3ba96ed53783ab9c92ffbf77862584,0xb276f12e5f0c0e60938020e5d59525801fdf4a90
0x1ff21eca1c3ba96ed53783ab9c92ffbf77862584,0x4b9e0d224dabcc96191cace2d367a8d8b75c9c81
0x1ff21eca1c3ba96ed53783ab9c92ffbf77862584,0x4b9e0d224dabcc96191cace2d367a8d8b75c9c81
0x1ff21eca1c3ba96ed53783ab9c92ffbf77862584,0x4b9e0d224dabcc96191cace2d367a8d8b75c9c81
0x1ff21eca1c3ba96ed53783ab9c92ffbf77862584,0xce81bc335ec2818b5926299ab65b7f2a7d882208
0x1ff21eca1c3ba96ed53783ab9c92ffbf77862584,0xce81bc335ec2818b5926299ab65b7f2a7d882208
0x1ff21eca1c3ba96ed53783ab9c92ffbf77862584,0x77d3dbde6ce2e14c7f320b6f23e6c106ccff51e0
0x1ff21eca1c3ba96ed53783ab9c92ffbf77862584,0x77d3dbde6ce2e14c7f320b6f23e6c106ccff51e0
0x1ff21eca1c3ba96ed53783ab9c92ffbf77862584,0xbd0f803ceea073b5ff716a51a088642d19278b2d
0x1ff21eca1c3ba96ed53783ab9c92ffbf77862584,0x7c60f73fbf669ab9df578c70c25a5c31788720ea
0x1ff21eca1c3ba96ed53783ab9c92ffbf77862584,0xa1a111bc074c9cfa781f0c38e63bd51c91b8af00
0x1ff21eca1c3ba96ed53783ab9c92ffbf77862584,0xa1a111bc074c9cfa781f0c38e63bd51c91b8af00
0x1ff21eca1c3ba96ed53783ab9c92ffbf77862584,0xce361bfc8965be50e6e55faf3d56be3e43ac2c6a
0x1ff21eca1c3ba96ed53783ab9c92ffbf77862584,0xce361bfc8965be50e6e55faf3d56be3e43ac2c6a
0x1ff21eca1c3ba96ed53783ab9c92ffbf77862584,0xce361bfc8965be50e6e55faf3d56be3e43ac2c6a
0x1ff21eca1c3ba96ed53783ab9c92ffbf77862584,0xce361bfc8965be50e6e55faf3d56be3e43ac2c6a
0x1ff21eca1c3ba96ed53783ab9c92ffbf77862584,0xce361bfc8965be50e6e55faf3d56be3e43ac2c6a
0x1ff21eca1c3ba96ed53783ab9c92ffbf77862584,0xce361bfc8965be50e6e55faf3d56be3e43ac2c6a
0x1ff21eca1c3ba96ed53783ab9c92ffbf77862584,0xb276f12e5f0c0e60938020e5d59525801fdf4a90
0x1ff21eca1c3ba96ed53783ab9c92ffbf77862584,0xb276f12e5f0c0e60938020e5d59525801fdf4a90
0x1ff21eca1c3ba96ed53783ab9c92ffbf77862584,0xb276f12e5f0c0e60938020e5d59525801fdf4a90
0x1ff21eca1c3ba96ed53783ab9c92ffbf77862584,0xb276f12e5f0c0e60938020e5d59525801fdf4a90
0x1ff21eca1c3ba96ed53783ab9c92ffbf77862584,
0x1ff21eca1c3ba96ed53783ab9c92ffbf77862584,0xf38f235aca1e5ddc3a73fd5e53a355a1e67bf6b3
0x1ff21eca1c3ba96ed53783ab9c92ffbf77862584,0xce361bfc8965be50e6e55faf3d56be3e43ac2c6a
0x1ff21eca1c3ba96ed53783ab9c92ffbf77862584,0xce361bfc8965be50e6e55faf3d56be3e43ac2c6a
0x1ff21eca1c3ba96ed53783ab9c92ffbf77862584,0xc6ade7737ea37703e49534e81c8b77060982b187
0x1ff21eca1c3ba96ed53783ab9c92ffbf77862584,0xbcc1e801963e62d0e00c51df3cac8d5e5de39431
0x1ff21eca1c3ba96ed53783ab9c92ffbf77862584,0xb085b96dd784abf011aa392a44a30aa627f4cee1
0x1ff21eca1c3ba96ed53783ab9c92ffbf77862584,
0x1ff21eca1c3ba96ed53783ab9c92ffbf77862584,0xb956beb13d9454009e4c8b4b4d8b8b69dc7ad876
0x1ff21eca1c3ba96ed53783ab9c92ffbf77862584,0x57d90b64a1a57749b0f932f1a3395792e12e7055
0x1ff21eca1c3ba96ed53783ab9c92ffbf77862584,0x57d90b64a1a57749b0f932f1a3395792e12e7055
0x1ff21eca1c3ba96ed53783ab9c92ffbf77862584,0x957eed04d6c8f17b515644211a708a154fe00533
0x1ff21eca1c3ba96ed53783ab9c92ffbf77862584,0xce81bc335ec2818b5926299ab65b7f2a7d882208
0x1ff21eca1c3ba96ed53783ab9c92ffbf77862584,
0x1ff21eca1c3ba96ed53783ab9c92ffbf77862584,0x3ce1352a2c01deb3462000156fa91b54130d3a8a
0x1ff21eca1c3ba96ed53783ab9c92ffbf77862584,0xce81bc335ec2818b5926299ab65b7f2a7d882208
0x1ff21eca1c3ba96ed53783ab9c92ffbf77862584,
0x1ff21eca1c3ba96ed53783ab9c92ffbf77862584,0xbec96ea7a6ad66ae92d8e4594a48d54a9464c453
0x1ff21eca1c3ba96ed53783ab9c92ffbf77862584,0xce81bc335ec2818b5926299ab65b7f2a7d882208
0x1ff21eca1c3ba96ed53783ab9c92ffbf77862584,
0x1ff21eca1c3ba96ed53783ab9c92ffbf77862584,0xbec96ea7a6ad66ae92d8e4594a48d54a9464c453
0x1ff21eca1c3ba96ed53783ab9c92ffbf77862584,0xbec96ea7a6ad66ae92d8e4594a48d54a9464c453
0x1ff21eca1c3ba96ed53783ab9c92ffbf77862584,0xbec96ea7a6ad66ae92d8e4594a48d54a9464c453
0x1ff21eca1c3ba96ed53783ab9c92ffbf77862584,0xbec96ea7a6ad66ae92d8e4594a48d54a9464c453
0x1ff21eca1c3ba96ed53783ab9c92ffbf77862584,0xbec96ea7a6ad66ae92d8e4594a48d54a9464c453
0x1ff21eca1c3ba96ed53783ab9c92ffbf77862584,0xbec96ea7a6ad66ae92d8e4594a48d54a9464c453
0x1ff21eca1c3ba96ed53783ab9c92ffbf77862584,0xbec96ea7a6ad66ae92d8e4594a48d54a9464c453
0x1ff21eca1c3ba96ed53783ab9c92ffbf77862584,0xbec96ea7a6ad66ae92d8e4594a48d54a9464c453
0x1ff21eca1c3ba96ed53783ab9c92ffbf77862584,
0x1ff21eca1c3ba96ed53783ab9c92ffbf77862584,0xbec96ea7a6ad66ae92d8e4594a48d54a9464c453
0x1ff21eca1c3ba96ed53783ab9c92ffbf77862584,0x863ac67144bec3126bab4d2417dc685797b1e3d0
0x1ff21eca1c3ba96ed53783ab9c92ffbf77862584,0x863ac67144bec3126bab4d2417dc685797b1e3d0
0x1ff21eca1c3ba96ed53783ab9c92ffbf77862584,0x863ac67144bec3126bab4d2417dc685797b1e3d0
0x1ff21eca1c3ba96ed53783ab9c92ffbf77862584,0x863ac67144bec3126bab4d2417dc685797b1e3d0
0x1ff21eca1c3ba96ed53783ab9c92ffbf77862584,0x863ac67144bec3126bab4d2417dc685797b1e3d0
0x1ff21eca1c3ba96ed53783ab9c92ffbf77862584,0x863ac67144bec3126bab4d2417dc685797b1e3d0
0x1ff21eca1c3ba96ed53783ab9c92ffbf77862584,0x863ac67144bec3126bab4d2417dc685797b1e3d0
0x1ff21eca1c3ba96ed53783ab9c92ffbf77862584,0x863ac67144bec3126bab4d2417dc685797b1e3d0
0x1ff21eca1c3ba96ed53783ab9c92ffbf77862584,0x863ac67144bec3126bab4d2417dc685797b1e3d0
0x1ff21eca1c3ba96ed53783ab9c92ffbf77862584,0x863ac67144bec3126bab4d2417dc685797b1e3d0
0x1ff21eca1c3ba96ed53783ab9c92ffbf77862584,0x863ac67144bec3126bab4d2417dc685797b1e3d0
0x1ff21eca1c3ba96ed53783ab9c92ffbf77862584,0x863ac67144bec3126bab4d2417dc685797b1e3d0
0x1ff21eca1c3ba96ed53783ab9c92ffbf77862584,0x863ac67144bec3126bab4d2417dc685797b1e3d0
0x1ff21eca1c3ba96ed53783ab9c92ffbf77862584,0x863ac67144bec3126bab4d2417dc685797b1e3d0
0x1ff21eca1c3ba96ed53783ab9c92ffbf77862584,0x863ac67144bec3126bab4d2417dc685797b1e3d0
0x1ff21eca1c3ba96ed53783ab9c92ffbf77862584,0x300221400d539cb5d15940c56239e6353287eba2
0x1ff21eca1c3ba96ed53783ab9c92ffbf77862584,0xce81bc335ec2818b5926299ab65b7f2a7d882208
0x1ff21eca1c3ba96ed53783ab9c92ffbf77862584,
0x1ff21eca1c3ba96ed53783ab9c92ffbf77862584,0x11baf6aa29c47d730dea5f5bfbf1cfe521d5baa2
0x1ff21eca1c3ba96ed53783ab9c92ffbf77862584,0xce81bc335ec2818b5926299ab65b7f2a7d882208
0x1ff21eca1c3ba96ed53783ab9c92ffbf77862584,0x11baf6aa29c47d730dea5f5bfbf1cfe521d5baa2
0x1ff21eca1c3ba96ed53783ab9c92ffbf77862584,0x11baf6aa29c47d730dea5f5bfbf1cfe521d5baa2
0x1ff21eca1c3ba96ed53783ab9c92ffbf77862584,0x11baf6aa29c47d730dea5f5bfbf1cfe521d5baa2
0x1ff21eca1c3ba96ed53783ab9c92ffbf77862584,0x11baf6aa29c47d730dea5f5bfbf1cfe521d5baa2
0x1ff21eca1c3ba96ed53783ab9c92ffbf77862584,0x11baf6aa29c47d730dea5f5bfbf1cfe521d5baa2
0x1ff21eca1c3ba96ed53783ab9c92ffbf77862584,0x11baf6aa29c47d730dea5f5bfbf1cfe521d5baa2
0x1ff21eca1c3ba96ed53783ab9c92ffbf77862584,0x11baf6aa29c47d730dea5f5bfbf1cfe521d5baa2
0x1ff21eca1c3ba96ed53783ab9c92ffbf77862584,0x11baf6aa29c47d730dea5f5bfbf1cfe521d5baa2
0x1ff21eca1c3ba96ed53783ab9c92ffbf77862584,
0x1ff21eca1c3ba96ed53783ab9c92ffbf77862584,
0x1ff21eca1c3ba96ed53783ab9c92ffbf77862584,0x11baf6aa29c47d730dea5f5bfbf1cfe521d5baa2
0x1ff21eca1c3ba96ed53783ab9c92ffbf77862584,0xbc942765c4d9f7762138d2cf0a75de91fd216ac1
0x1ff21eca1c3ba96ed53783ab9c92ffbf77862584,0xbc942765c4d9f7762138d2cf0a75de91fd216ac1
0x1ff21eca1c3ba96ed53783ab9c92ffbf77862584,0xbc942765c4d9f7762138d2cf0a75de91fd216ac1
0x1ff21eca1c3ba96ed53783ab9c92ffbf77862584,0xce81bc335ec2818b5926299ab65b7f2a7d882208
0x1ff21eca1c3ba96ed53783ab9c92ffbf77862584,
0x1ff21eca1c3ba96ed53783ab9c92ffbf77862584,0x9deff6ae56500c120f199958eea8a020a96ea9c2
0x1ff21eca1c3ba96ed53783ab9c92ffbf77862584,0xce81bc335ec2818b5926299ab65b7f2a7d882208
0x1ff21eca1c3ba96ed53783ab9c92ffbf77862584,0x9deff6ae56500c120f199958eea8a020a96ea9c2
0x1ff21eca1c3ba96ed53783ab9c92ffbf77862584,0x9deff6ae56500c120f199958eea8a020a96ea9c2
0x1ff21eca1c3ba96ed53783ab9c92ffbf77862584,0x9deff6ae56500c120f199958eea8a020a96ea9c2
0x1ff21eca1c3ba96ed53783ab9c92ffbf77862584,0x9deff6ae56500c120f199958eea8a020a96ea9c2
0x1ff21eca1c3ba96ed53783ab9c92ffbf77862584,0x9deff6ae56500c120f199958eea8a020a96ea9c2
0x1ff21eca1c3ba96ed53783ab9c92ffbf77862584,0x9deff6ae56500c120f199958eea8a020a96ea9c2
0x1ff21eca1c3ba96ed53783ab9c92ffbf77862584,0x9deff6ae56500c120f199958eea8a020a96ea9c2
0x1ff21eca1c3ba96ed53783ab9c92ffbf77862584,0x9deff6ae56500c120f199958eea8a020a96ea9c2
0x1ff21eca1c3ba96ed53783ab9c92ffbf77862584,
0x1ff21eca1c3ba96ed53783ab9c92ffbf77862584,0x9deff6ae56500c120f199958eea8a020a96ea9c2
0x1ff21eca1c3ba96ed53783ab9c92ffbf77862584,0x10e535beb180c8edd36f97cd18eea7123d54dfa8
0x1ff21eca1c3ba96ed53783ab9c92ffbf77862584,0x10e535beb180c8edd36f97cd18eea7123d54dfa8
0x1ff21eca1c3ba96ed53783ab9c92ffbf77862584,0x10e535beb180c8edd36f97cd18eea7123d54dfa8
0x1ff21eca1c3ba96ed53783ab9c92ffbf77862584,0xce81bc335ec2818b5926299ab65b7f2a7d882208
0x1ff21eca1c3ba96ed53783ab9c92ffbf77862584,
0x1ff21eca1c3ba96ed53783ab9c92ffbf77862584,0xaf391943463ebc5d92b5d8636553320e71aa4d67
0x1ff21eca1c3ba96ed53783ab9c92ffbf77862584,0xce81bc335ec2818b5926299ab65b7f2a7d882208
0x1ff21eca1c3ba96ed53783ab9c92ffbf77862584,0xaf391943463ebc5d92b5d8636553320e71aa4d67
0x1ff21eca1c3ba96ed53783ab9c92ffbf77862584,0xaf391943463ebc5d92b5d8636553320e71aa4d67
0x1ff21eca1c3ba96ed53783ab9c92ffbf77862584,0xaf391943463ebc5d92b5d8636553320e71aa4d67
0x1ff21eca1c3ba96ed53783ab9c92ffbf77862584,0xaf391943463ebc5d92b5d8636553320e71aa4d67
0x1ff21eca1c3ba96ed53783ab9c92ffbf77862584,0xaf391943463ebc5d92b5d8636553320e71aa4d67
0x1ff21eca1c3ba96ed53783ab9c92ffbf77862584,0xaf391943463ebc5d92b5d8636553320e71aa4d67
0x1ff21eca1c3ba96ed53783ab9c92ffbf77862584,0xaf391943463ebc5d92b5d8636553320e71aa4d67
0x1ff21eca1c3ba96ed53783ab9c92ffbf77862584,0xaf391943463ebc5d92b5d8636553320e71aa4d67
0x1ff21eca1c3ba96ed53783ab9c92ffbf77862584,
0x1ff21eca1c3ba96ed53783ab9c92ffbf77862584,0xaf391943463ebc5d92b5d8636553320e71aa4d67
0x1ff21eca1c3ba96ed53783ab9c92ffbf77862584,0x58925709657a1e26c661fafc7cee494d05de114a
0x1ff21eca1c3ba96ed53783ab9c92ffbf77862584,0x58925709657a1e26c661fafc7cee494d05de114a
0x1ff21eca1c3ba96ed53783ab9c92ffbf77862584,0x58925709657a1e26c661fafc7cee494d05de114a
0x1ff21eca1c3ba96ed53783ab9c92ffbf77862584,0x58925709657a1e26c661fafc7cee494d05de114a
0x1ff21eca1c3ba96ed53783ab9c92ffbf77862584,0x58925709657a1e26c661fafc7cee494d05de114a
0x1ff21eca1c3ba96ed53783ab9c92ffbf77862584,0x58925709657a1e26c661fafc7cee494d05de114a
0x1ff21eca1c3ba96ed53783ab9c92ffbf77862584,0x58925709657a1e26c661fafc7cee494d05de114a
0x1ff21eca1c3ba96ed53783ab9c92ffbf77862584,0x58925709657a1e26c661fafc7cee494d05de114a
0x1ff21eca1c3ba96ed53783ab9c92ffbf77862584,0x58925709657a1e26c661fafc7cee494d05de114a
0x1ff21eca1c3ba96ed53783ab9c92ffbf77862584,0x58925709657a1e26c661fafc7cee494d05de114a
0x1ff21eca1c3ba96ed53783ab9c92ffbf77862584,0x58925709657a1e26c661fafc7cee494d05de114a
0x1ff21eca1c3ba96ed53783ab9c92ffbf77862584,0x58925709657a1e26c661fafc7cee494d05de114a
0x1ff21eca1c3ba96ed53783ab9c92ffbf77862584,0x58925709657a1e26c661fafc7cee494d05de114a
0x1ff21eca1c3ba96ed53783ab9c92ffbf77862584,0x58925709657a1e26c661fafc7cee494d05de114a
0x1ff21eca1c3ba96ed53783ab9c92ffbf77862584,0x58925709657a1e26c661fafc7cee494d05de114a
0x1ff21eca1c3ba96ed53783ab9c92ffbf77862584,0xb155aed0150e2afae48da6ca91f1fd316e46ed5c
0x1ff21eca1c3ba96ed53783ab9c92ffbf77862584,0x3ce1352a2c01deb3462000156fa91b54130d3a8a
0x1ff21eca1c3ba96ed53783ab9c92ffbf77862584,0x3ce1352a2c01deb3462000156fa91b54130d3a8a
0x1ff21eca1c3ba96ed53783ab9c92ffbf77862584,0x3ce1352a2c01deb3462000156fa91b54130d3a8a
0x1ff21eca1c3ba96ed53783ab9c92ffbf77862584,0x3ce1352a2c01deb3462000156fa91b54130d3a8a
0x1ff21eca1c3ba96ed53783ab9c92ffbf77862584,
0x1ff21eca1c3ba96ed53783ab9c92ffbf77862584,0x705716323028f5d060b7935dd2c5480952920cae
0x1ff21eca1c3ba96ed53783ab9c92ffbf77862584,0xa0c446bd3d10dc375523bc56be956a6b54b2964a
0x1ff21eca1c3ba96ed53783ab9c92ffbf77862584,0xa0c446bd3d10dc375523bc56be956a6b54b2964a
0x1ff21eca1c3ba96ed53783ab9c92ffbf77862584,0x705716323028f5d060b7935dd2c5480952920cae
0x1ff21eca1c3ba96ed53783ab9c92ffbf77862584,0x705716323028f5d060b7935dd2c5480952920cae
0x1ff21eca1c3ba96ed53783ab9c92ffbf77862584,0x705716323028f5d060b7935dd2c5480952920cae
0x1ff21eca1c3ba96ed53783ab9c92ffbf77862584,0x705716323028f5d060b7935dd2c5480952920cae
0x1ff21eca1c3ba96ed53783ab9c92ffbf77862584,0x705716323028f5d060b7935dd2c5480952920cae
0x1ff21eca1c3ba96ed53783ab9c92ffbf77862584,0x705716323028f5d060b7935dd2c5480952920cae
0x1ff21eca1c3ba96ed53783ab9c92ffbf77862584,0x705716323028f5d060b7935dd2c5480952920cae
0x1ff21eca1c3ba96ed53783ab9c92ffbf77862584,0x705716323028f5d060b7935dd2c5480952920cae
0x1ff21eca1c3ba96ed53783ab9c92ffbf77862584,
0x1ff21eca1c3ba96ed53783ab9c92ffbf77862584,
0x1ff21eca1c3ba96ed53783ab9c92ffbf77862584,0x705716323028f5d060b7935dd2c5480952920cae
0x1ff21eca1c3ba96ed53783ab9c92ffbf77862584,0xe74e64f083e4499b61a1798c010e30da8b4f166c
0x1ff21eca1c3ba96ed53783ab9c92ffbf77862584,0xe74e64f083e4499b61a1798c010e30da8b4f166c
0x1ff21eca1c3ba96ed53783ab9c92ffbf77862584,0xe74e64f083e4499b61a1798c010e30da8b4f166c
0x1ff21eca1c3ba96ed53783ab9c92ffbf77862584,
0x1ff21eca1c3ba96ed53783ab9c92ffbf77862584,
0x1ff21eca1c3ba96ed53783ab9c92ffbf77862584,0x31a6b8a6551abe0e282de3f52545ec31ec5d7938
0x1ff21eca1c3ba96ed53783ab9c92ffbf77862584,0x31a6b8a6551abe0e282de3f52545ec31ec5d7938
0x1ff21eca1c3ba96ed53783ab9c92ffbf77862584,0x770c9cdcfa7e1fdad5f19efda5b86accd827717d
0x1ff21eca1c3ba96ed53783ab9c92ffbf77862584,0x31a6b8a6551abe0e282de3f52545ec31ec5d7938
0x1ff21eca1c3ba96ed53783ab9c92ffbf77862584,0x98a715181466035e10ea4b7da5635a356b1d1c4d
0x1ff21eca1c3ba96ed53783ab9c92ffbf77862584,0x98a715181466035e10ea4b7da5635a356b1d1c4d
0x1ff21eca1c3ba96ed53783ab9c92ffbf77862584,0x98a715181466035e10ea4b7da5635a356b1d1c4d
0x1ff21eca1c3ba96ed53783ab9c92ffbf77862584,0xe74e64f083e4499b61a1798c010e30da8b4f166c
0x1ff21eca1c3ba96ed53783ab9c92ffbf77862584,0xee2bfd9e29ea9f146dc94b88d8f61a7d98dbdc32
0x1ff21eca1c3ba96ed53783ab9c92ffbf77862584,
0x1ff21eca1c3ba96ed53783ab9c92ffbf77862584,0xce81bc335ec2818b5926299ab65b7f2a7d882208
0x1ff21eca1c3ba96ed53783ab9c92ffbf77862584,0xce81bc335ec2818b5926299ab65b7f2a7d882208
0x1ff21eca1c3ba96ed53783ab9c92ffbf77862584,0xa0c446bd3d10dc375523bc56be956a6b54b2964a
0x1ff21eca1c3ba96ed53783ab9c92ffbf77862584,
0x1ff21eca1c3ba96ed53783ab9c92ffbf77862584,0xc15403691bb82e3389603347cf946541e5b9255a
0x1ff21eca1c3ba96ed53783ab9c92ffbf77862584,0xce81bc335ec2818b5926299ab65b7f2a7d882208
0x1ff21eca1c3ba96ed53783ab9c92ffbf77862584,
0x1ff21eca1c3ba96ed53783ab9c92ffbf77862584,0x414fbf684a6426cf6012623f51170a5a86161d52
0x1ff21eca1c3ba96ed53783ab9c92ffbf77862584,0xa0c446bd3d10dc375523bc56be956a6b54b2964a
0x1ff21eca1c3ba96ed53783ab9c92ffbf77862584,0x414fbf684a6426cf6012623f51170a5a86161d52
0x1ff21eca1c3ba96ed53783ab9c92ffbf77862584,0x414fbf684a6426cf6012623f51170a5a86161d52
0x1ff21eca1c3ba96ed53783ab9c92ffbf77862584,0x414fbf684a6426cf6012623f51170a5a86161d52
0x1ff21eca1c3ba96ed53783ab9c92ffbf77862584,0x414fbf684a6426cf6012623f51170a5a86161d52
0x1ff21eca1c3ba96ed53783ab9c92ffbf77862584,0x414fbf684a6426cf6012623f51170a5a86161d52
0x1ff21eca1c3ba96ed53783ab9c92ffbf77862584,0x414fbf684a6426cf6012623f51170a5a86161d52
0x1ff21eca1c3ba96ed53783ab9c92ffbf77862584,0x414fbf684a6426cf6012623f51170a5a86161d52
0x1ff21eca1c3ba96ed53783ab9c92ffbf77862584,0x414fbf684a6426cf6012623f51170a5a86161d52
0x1ff21eca1c3ba96ed53783ab9c92ffbf77862584,0xc15403691bb82e3389603347cf946541e5b9255a
0x1ff21eca1c3ba96ed53783ab9c92ffbf77862584,0xc15403691bb82e3389603347cf946541e5b9255a
0x1ff21eca1c3ba96ed53783ab9c92ffbf77862584,0xc15403691bb82e3389603347cf946541e5b9255a
0x1ff21eca1c3ba96ed53783ab9c92ffbf77862584,0xc15403691bb82e3389603347cf946541e5b9255a
0x1ff21eca1c3ba96ed53783ab9c92ffbf77862584,0xc15403691bb82e3389603347cf946541e5b9255a
0x1ff21eca1c3ba96ed53783ab9c92ffbf77862584,0xc15403691bb82e3389603347cf946541e5b9255a
0x1ff21eca1c3ba96ed53783ab9c92ffbf77862584,0xc15403691bb82e3389603347cf946541e5b9255a
0x1ff21eca1c3ba96ed53783ab9c92ffbf77862584,0xc15403691bb82e3389603347cf946541e5b9255a
0x1ff21eca1c3ba96ed53783ab9c92ffbf77862584,
0x1ff21eca1c3ba96ed53783ab9c92ffbf77862584,0x414fbf684a6426cf6012623f51170a5a86161d52
0x1ff21eca1c3ba96ed53783ab9c92ffbf77862584,0x3fce483a0236ba36869e4e82151006045e7d3331
0x1ff21eca1c3ba96ed53783ab9c92ffbf77862584,0x3fce483a0236ba36869e4e82151006045e7d3331
0x1ff21eca1c3ba96ed53783ab9c92ffbf77862584,0x3fce483a0236ba36869e4e82151006045e7d3331
0x1ff21eca1c3ba96ed53783ab9c92ffbf77862584,
0x1ff21eca1c3ba96ed53783ab9c92ffbf77862584,0xc15403691bb82e3389603347cf946541e5b9255a
0x1ff21eca1c3ba96ed53783ab9c92ffbf77862584,0x33bb68f49085992d44551af43efe0f3b9044a4f4
0x1ff21eca1c3ba96ed53783ab9c92ffbf77862584,0x33bb68f49085992d44551af43efe0f3b9044a4f4
0x1ff21eca1c3ba96ed53783ab9c92ffbf77862584,0x33bb68f49085992d44551af43efe0f3b9044a4f4
0x1ff21eca1c3ba96ed53783ab9c92ffbf77862584,0x33bb68f49085992d44551af43efe0f3b9044a4f4
0x1ff21eca1c3ba96ed53783ab9c92ffbf77862584,0x33bb68f49085992d44551af43efe0f3b9044a4f4
0x1ff21eca1c3ba96ed53783ab9c92ffbf77862584,0x33bb68f49085992d44551af43efe0f3b9044a4f4
0x1ff21eca1c3ba96ed53783ab9c92ffbf77862584,0x33bb68f49085992d44551af43efe0f3b9044a4f4
0x1ff21eca1c3ba96ed53783ab9c92ffbf77862584,0x33bb68f49085992d44551af43efe0f3b9044a4f4
0x1ff21eca1c3ba96ed53783ab9c92ffbf77862584,0x33bb68f49085992d44551af43efe0f3b9044a4f4
0x1ff21eca1c3ba96ed53783ab9c92ffbf77862584,0x33bb68f49085992d44551af43efe0f3b9044a4f4
0x1ff21eca1c3ba96ed53783ab9c92ffbf77862584,0x33bb68f49085992d44551af43efe0f3b9044a4f4
0x1ff21eca1c3ba96ed53783ab9c92ffbf77862584,0x33bb68f49085992d44551af43efe0f3b9044a4f4
0x1ff21eca1c3ba96ed53783ab9c92ffbf77862584,0x33bb68f49085992d44551af43efe0f3b9044a4f4
0x1ff21eca1c3ba96ed53783ab9c92ffbf77862584,0x33bb68f49085992d44551af43efe0f3b9044a4f4
0x1ff21eca1c3ba96ed53783ab9c92ffbf77862584,0x33bb68f49085992d44551af43efe0f3b9044a4f4
0x1ff21eca1c3ba96ed53783ab9c92ffbf77862584,0x33bb68f49085992d44551af43efe0f3b9044a4f4
0x1ff21eca1c3ba96ed53783ab9c92ffbf77862584,
0x1ff21eca1c3ba96ed53783ab9c92ffbf77862584,
0x1ff21eca1c3ba96ed53783ab9c92ffbf77862584,0xccd6c90b0e92e4006ac9765df123eae57e864b4c
0x1ff21eca1c3ba96ed53783ab9c92ffbf77862584,
0x1ff21eca1c3ba96ed53783ab9c92ffbf77862584,
0x1ff21eca1c3ba96ed53783ab9c92ffbf77862584,0xa439f5f3c1c36c6a27f0f37b2145a090a3a00c94
0x1ff21eca1c3ba96ed53783ab9c92ffbf77862584,0xa439f5f3c1c36c6a27f0f37b2145a090a3a00c94
0x1ff21eca1c3ba96ed53783ab9c92ffbf77862584,0x03efee7c710ad3b2ca1301309ee0dbc134acbb26
0x1ff21eca1c3ba96ed53783ab9c92ffbf77862584,0xa439f5f3c1c36c6a27f0f37b2145a090a3a00c94
0x1ff21eca1c3ba96ed53783ab9c92ffbf77862584,0x03efee7c710ad3b2ca1301309ee0dbc134acbb26
0x1ff21eca1c3ba96ed53783ab9c92ffbf77862584,0x03efee7c710ad3b2ca1301309ee0dbc134acbb26
0x1ff21eca1c3ba96ed53783ab9c92ffbf77862584,
0x1ff21eca1c3ba96ed53783ab9c92ffbf77862584,0x89f7140eb13b3f67bf6f94da7910af14001841c6
0x1ff21eca1c3ba96ed53783ab9c92ffbf77862584,0xa0c446bd3d10dc375523bc56be956a6b54b2964a
0x1ff21eca1c3ba96ed53783ab9c92ffbf77862584,0xa0c446bd3d10dc375523bc56be956a6b54b2964a
0x1ff21eca1c3ba96ed53783ab9c92ffbf77862584,0xa0c446bd3d10dc375523bc56be956a6b54b2964a
0x1ff21eca1c3ba96ed53783ab9c92ffbf77862584,0xa0c446bd3d10dc375523bc56be956a6b54b2964a
0x1ff21eca1c3ba96ed53783ab9c92ffbf77862584,
0x1ff21eca1c3ba96ed53783ab9c92ffbf77862584,0xa0c446bd3d10dc375523bc56be956a6b54b2964a
0x1ff21eca1c3ba96ed53783ab9c92ffbf77862584,
0x1ff21eca1c3ba96ed53783ab9c92ffbf77862584,0x124908bcae337d71ecfd87829b2e6a0ae26a7d3c
0x1ff21eca1c3ba96ed53783ab9c92ffbf77862584,0xa0c446bd3d10dc375523bc56be956a6b54b2964a
0x1ff21eca1c3ba96ed53783ab9c92ffbf77862584,0x124908bcae337d71ecfd87829b2e6a0ae26a7d3c
0x1ff21eca1c3ba96ed53783ab9c92ffbf77862584,0x124908bcae337d71ecfd87829b2e6a0ae26a7d3c
0x1ff21eca1c3ba96ed53783ab9c92ffbf77862584,
0x1ff21eca1c3ba96ed53783ab9c92ffbf77862584,0x3fce483a0236ba36869e4e82151006045e7d3331
0x1ff21eca1c3ba96ed53783ab9c92ffbf77862584,0x124908bcae337d71ecfd87829b2e6a0ae26a7d3c
0x1ff21eca1c3ba96ed53783ab9c92ffbf77862584,0x7d601f70a25ca5c6082d922bca96833d84a445a8
0x1ff21eca1c3ba96ed53783ab9c92ffbf77862584,0x7d601f70a25ca5c6082d922bca96833d84a445a8
0x1ff21eca1c3ba96ed53783ab9c92ffbf77862584,0xa7191a4ccccb36ed4cf55e3ed93643462050bbeb
0x1ff21eca1c3ba96ed53783ab9c92ffbf77862584,0x7d601f70a25ca5c6082d922bca96833d84a445a8
0x1ff21eca1c3ba96ed53783ab9c92ffbf77862584,
0x1ff21eca1c3ba96ed53783ab9c92ffbf77862584,0x124908bcae337d71ecfd87829b2e6a0ae26a7d3c
0x1ff21eca1c3ba96ed53783ab9c92ffbf77862584,0xefe292535c465c1a9589dbe70adb172f2cc0f18c
0x1ff21eca1c3ba96ed53783ab9c92ffbf77862584,0xefe292535c465c1a9589dbe70adb172f2cc0f18c
0x1ff21eca1c3ba96ed53783ab9c92ffbf77862584,0xefe292535c465c1a9589dbe70adb172f2cc0f18c
0x1ff21eca1c3ba96ed53783ab9c92ffbf77862584,0xa7191a4ccccb36ed4cf55e3ed93643462050bbeb
0x1ff21eca1c3ba96ed53783ab9c92ffbf77862584,0x3fce483a0236ba36869e4e82151006045e7d3331
0x1ff21eca1c3ba96ed53783ab9c92ffbf77862584,
0x1ff21eca1c3ba96ed53783ab9c92ffbf77862584,0x19d7b73654e002e2cdfe43f2af83a27d3f1c9ae3
0x1ff21eca1c3ba96ed53783ab9c92ffbf77862584,0x19d7b73654e002e2cdfe43f2af83a27d3f1c9ae3
0x1ff21eca1c3ba96ed53783ab9c92ffbf77862584,
0x1ff21eca1c3ba96ed53783ab9c92ffbf77862584,0x43ea9d8aa1edaa7699eb795d9fe8f427e5f31af4
0x1ff21eca1c3ba96ed53783ab9c92ffbf77862584,0x43ea9d8aa1edaa7699eb795d9fe8f427e5f31af4
0x1ff21eca1c3ba96ed53783ab9c92ffbf77862584,0x43ea9d8aa1edaa7699eb795d9fe8f427e5f31af4
0x1ff21eca1c3ba96ed53783ab9c92ffbf77862584,0xa0c446bd3d10dc375523bc56be956a6b54b2964a
0x1ff21eca1c3ba96ed53783ab9c92ffbf77862584,0xce81bc335ec2818b5926299ab65b7f2a7d882208
0x1ff21eca1c3ba96ed53783ab9c92ffbf77862584,0xce81bc335ec2818b5926299ab65b7f2a7d882208
0x1ff21eca1c3ba96ed53783ab9c92ffbf77862584,0xce81bc335ec2818b5926299ab65b7f2a7d882208
0x1ff21eca1c3ba96ed53783ab9c92ffbf77862584,0xce81bc335ec2818b5926299ab65b7f2a7d882208
0x1ff21eca1c3ba96ed53783ab9c92ffbf77862584,
0x1ff21eca1c3ba96ed53783ab9c92ffbf77862584,0x60bf91ac87fee5a78c28f7b67701fbcfa79c18ec
0x1ff21eca1c3ba96ed53783ab9c92ffbf77862584,0xce81bc335ec2818b5926299ab65b7f2a7d882208
0x1ff21eca1c3ba96ed53783ab9c92ffbf77862584,0x60bf91ac87fee5a78c28f7b67701fbcfa79c18ec
0x1ff21eca1c3ba96ed53783ab9c92ffbf77862584,0x60bf91ac87fee5a78c28f7b67701fbcfa79c18ec
0x1ff21eca1c3ba96ed53783ab9c92ffbf77862584,0x60bf91ac87fee5a78c28f7b67701fbcfa79c18ec
0x1ff21eca1c3ba96ed53783ab9c92ffbf77862584,0x60bf91ac87fee5a78c28f7b67701fbcfa79c18ec
0x1ff21eca1c3ba96ed53783ab9c92ffbf77862584,0x60bf91ac87fee5a78c28f7b67701fbcfa79c18ec
0x1ff21eca1c3ba96ed53783ab9c92ffbf77862584,0x60bf91ac87fee5a78c28f7b67701fbcfa79c18ec
0x1ff21eca1c3ba96ed53783ab9c92ffbf77862584,0x60bf91ac87fee5a78c28f7b67701fbcfa79c18ec
0x1ff21eca1c3ba96ed53783ab9c92ffbf77862584,0x60bf91ac87fee5a78c28f7b67701fbcfa79c18ec
0x1ff21eca1c3ba96ed53783ab9c92ffbf77862584,
0x1ff21eca1c3ba96ed53783ab9c92ffbf77862584,0x96a51938cfb22565e0d40694fe103675c63ae218
0x1ff21eca1c3ba96ed53783ab9c92ffbf77862584,0xce81bc335ec2818b5926299ab65b7f2a7d882208
0x1ff21eca1c3ba96ed53783ab9c92ffbf77862584,
0x1ff21eca1c3ba96ed53783ab9c92ffbf77862584,0x60bf91ac87fee5a78c28f7b67701fbcfa79c18ec
0x1ff21eca1c3ba96ed53783ab9c92ffbf77862584,0x68c769478002b2e2db64fe3be55c943fe4fbd6b1
0x1ff21eca1c3ba96ed53783ab9c92ffbf77862584,0x68c769478002b2e2db64fe3be55c943fe4fbd6b1
0x1ff21eca1c3ba96ed53783ab9c92ffbf77862584,0x68c769478002b2e2db64fe3be55c943fe4fbd6b1
0x1ff21eca1c3ba96ed53783ab9c92ffbf77862584,0xce81bc335ec2818b5926299ab65b7f2a7d882208
0x1ff21eca1c3ba96ed53783ab9c92ffbf77862584,0x96a51938cfb22565e0d40694fe103675c63ae218
0x1ff21eca1c3ba96ed53783ab9c92ffbf77862584,0x96a51938cfb22565e0d40694fe103675c63ae218
0x1ff21eca1c3ba96ed53783ab9c92ffbf77862584,0x68c769478002b2e2db64fe3be55c943fe4fbd6b1
0x1ff21eca1c3ba96ed53783ab9c92ffbf77862584,0x68c769478002b2e2db64fe3be55c943fe4fbd6b1
0x1ff21eca1c3ba96ed53783ab9c92ffbf77862584,0x68c769478002b2e2db64fe3be55c943fe4fbd6b1
0x1ff21eca1c3ba96ed53783ab9c92ffbf77862584,0x68c769478002b2e2db64fe3be55c943fe4fbd6b1
0x1ff21eca1c3ba96ed53783ab9c92ffbf77862584,0x68c769478002b2e2db64fe3be55c943fe4fbd6b1
0x1ff21eca1c3ba96ed53783ab9c92ffbf77862584,0x68c769478002b2e2db64fe3be55c943fe4fbd6b1
0x1ff21eca1c3ba96ed53783ab9c92ffbf77862584,0x68c769478002b2e2db64fe3be55c943fe4fbd6b1
0x1ff21eca1c3ba96ed53783ab9c92ffbf77862584,0x68c769478002b2e2db64fe3be55c943fe4fbd6b1
0x1ff21eca1c3ba96ed53783ab9c92ffbf77862584,0x68c769478002b2e2db64fe3be55c943fe4fbd6b1
0x1ff21eca1c3ba96ed53783ab9c92ffbf77862584,0x68c769478002b2e2db64fe3be55c943fe4fbd6b1
0x1ff21eca1c3ba96ed53783ab9c92ffbf77862584,0x68c769478002b2e2db64fe3be55c943fe4fbd6b1
0x1ff21eca1c3ba96ed53783ab9c92ffbf77862584,0x68c769478002b2e2db64fe3be55c943fe4fbd6b1
0x1ff21eca1c3ba96ed53783ab9c92ffbf77862584,0x96a51938cfb22565e0d40694fe103675c63ae218
0x1ff21eca1c3ba96ed53783ab9c92ffbf77862584,0x96a51938cfb22565e0d40694fe103675c63ae218
0x1ff21eca1c3ba96ed53783ab9c92ffbf77862584,
0x1ff21eca1c3ba96ed53783ab9c92ffbf77862584,0xd5d15cb78527e0efd7c4d365efb47c31cfee3cce
0x1ff21eca1c3ba96ed53783ab9c92ffbf77862584,0xd5d15cb78527e0efd7c4d365efb47c31cfee3cce
0x1ff21eca1c3ba96ed53783ab9c92ffbf77862584,0xd5d15cb78527e0efd7c4d365efb47c31cfee3cce
0x1ff21eca1c3ba96ed53783ab9c92ffbf77862584,0x96a51938cfb22565e0d40694fe103675c63ae218
0x1ff21eca1c3ba96ed53783ab9c92ffbf77862584,
0x1ff21eca1c3ba96ed53783ab9c92ffbf77862584,0x7660727d3cb947e807acead927ef3ede24c4a18d
0x1ff21eca1c3ba96ed53783ab9c92ffbf77862584,0x7660727d3cb947e807acead927ef3ede24c4a18d
0x1ff21eca1c3ba96ed53783ab9c92ffbf77862584,0x7660727d3cb947e807acead927ef3ede24c4a18d
0x1ff21eca1c3ba96ed53783ab9c92ffbf77862584,0x7660727d3cb947e807acead927ef3ede24c4a18d
0x1ff21eca1c3ba96ed53783ab9c92ffbf77862584,0x7660727d3cb947e807acead927ef3ede24c4a18d
0x1ff21eca1c3ba96ed53783ab9c92ffbf77862584,0xa0c446bd3d10dc375523bc56be956a6b54b2964a
0x1ff21eca1c3ba96ed53783ab9c92ffbf77862584,
0x1ff21eca1c3ba96ed53783ab9c92ffbf77862584,0x59cd12519b4cb605ea55373ad093bbab7a699370
0x1ff21eca1c3ba96ed53783ab9c92ffbf77862584,0xc319ddb3bcc0c2cca0da799fdbaa22f18a60b714
0x1ff21eca1c3ba96ed53783ab9c92ffbf77862584,0xb086dc0681ddbdd75cd4cf0d63c4604331302c87
0x1ff21eca1c3ba96ed53783ab9c92ffbf77862584,0xb086dc0681ddbdd75cd4cf0d63c4604331302c87
0x1ff21eca1c3ba96ed53783ab9c92ffbf77862584,0xb086dc0681ddbdd75cd4cf0d63c4604331302c87
0x1ff21eca1c3ba96ed53783ab9c92ffbf77862584,0xb086dc0681ddbdd75cd4cf0d63c4604331302c87
0x1ff21eca1c3ba96ed53783ab9c92ffbf77862584,0xb086dc0681ddbdd75cd4cf0d63c4604331302c87
0x1ff21eca1c3ba96ed53783ab9c92ffbf77862584,0x98a715181466035e10ea4b7da5635a356b1d1c4d
0x1ff21eca1c3ba96ed53783ab9c92ffbf77862584,0x98a715181466035e10ea4b7da5635a356b1d1c4d
0x1ff21eca1c3ba96ed53783ab9c92ffbf77862584,0xb33939e4145d2838f87f7e5c61ced51a15f3d841
0x1ff21eca1c3ba96ed53783ab9c92ffbf77862584,0x98a715181466035e10ea4b7da5635a356b1d1c4d
0x1ff21eca1c3ba96ed53783ab9c92ffbf77862584,0x98a715181466035e10ea4b7da5635a356b1d1c4d
0x1ff21eca1c3ba96ed53783ab9c92ffbf77862584,0x238f99a33f6a1c78187b5b0d645cb4606aebf9e3
0x1ff21eca1c3ba96ed53783ab9c92ffbf77862584,0x238f99a33f6a1c78187b5b0d645cb4606aebf9e3
0x1ff21eca1c3ba96ed53783ab9c92ffbf77862584,0x238f99a33f6a1c78187b5b0d645cb4606aebf9e3
0x1ff21eca1c3ba96ed53783ab9c92ffbf77862584,0x238f99a33f6a1c78187b5b0d645cb4606aebf9e3
0x1ff21eca1c3ba96ed53783ab9c92ffbf77862584,0x238f99a33f6a1c78187b5b0d645cb4606aebf9e3
0x1ff21eca1c3ba96ed53783ab9c92ffbf77862584,0x238f99a33f6a1c78187b5b0d645cb4606aebf9e3
0x1ff21eca1c3ba96ed53783ab9c92ffbf77862584,0x238f99a33f6a1c78187b5b0d645cb4606aebf9e3
0x1ff21eca1c3ba96ed53783ab9c92ffbf77862584,0x238f99a33f6a1c78187b5b0d645cb4606aebf9e3
0x1ff21eca1c3ba96ed53783ab9c92ffbf77862584,0x238f99a33f6a1c78187b5b0d645cb4606aebf9e3
0x1ff21eca1c3ba96ed53783ab9c92ffbf77862584,0x238f99a33f6a1c78187b5b0d645cb4606aebf9e3
0x1ff21eca1c3ba96ed53783ab9c92ffbf77862584,0x238f99a33f6a1c78187b5b0d645cb4606aebf9e3
0x1ff21eca1c3ba96ed53783ab9c92ffbf77862584,0x238f99a33f6a1c78187b5b0d645cb4606aebf9e3
0x1ff21eca1c3ba96ed53783ab9c92ffbf77862584,0x238f99a33f6a1c78187b5b0d645cb4606aebf9e3
0x1ff21eca1c3ba96ed53783ab9c92ffbf77862584,0x238f99a33f6a1c78187b5b0d645cb4606aebf9e3
0x1ff21eca1c3ba96ed53783ab9c92ffbf77862584,0x238f99a33f6a1c78187b5b0d645cb4606aebf9e3
0x1ff21eca1c3ba96ed53783ab9c92ffbf77862584,0x238f99a33f6a1c78187b5b0d645cb4606aebf9e3
0x1ff21eca1c3ba96ed53783ab9c92ffbf77862584,0x238f99a33f6a1c78187b5b0d645cb4606aebf9e3
0x1ff21eca1c3ba96ed53783ab9c92ffbf77862584,0x238f99a33f6a1c78187b5b0d645cb4606aebf9e3
0x1ff21eca1c3ba96ed53783ab9c92ffbf77862584,0x238f99a33f6a1c78187b5b0d645cb4606aebf9e3
0x1ff21eca1c3ba96ed53783ab9c92ffbf77862584,0x238f99a33f6a1c78187b5b0d645cb4606aebf9e3
0x1ff21eca1c3ba96ed53783ab9c92ffbf77862584,0x238f99a33f6a1c78187b5b0d645cb4606aebf9e3
0x1ff21eca1c3ba96ed53783ab9c92ffbf77862584,0x238f99a33f6a1c78187b5b0d645cb4606aebf9e3
0x1ff21eca1c3ba96ed53783ab9c92ffbf77862584,0x238f99a33f6a1c78187b5b0d645cb4606aebf9e3
0x1ff21eca1c3ba96ed53783ab9c92ffbf77862584,0x03efee7c710ad3b2ca1301309ee0dbc134acbb26
0x1ff21eca1c3ba96ed53783ab9c92ffbf77862584,0x03efee7c710ad3b2ca1301309ee0dbc134acbb26
0x1ff21eca1c3ba96ed53783ab9c92ffbf77862584,0x9fabc277e99ef5b6242a9c6712ad1445cfa0c10b
0x9fabc277e99ef5b6242a9c6712ad1445cfa0c10b,0x1ff21eca1c3ba96ed53783ab9c92ffbf77862584
0x1ff21eca1c3ba96ed53783ab9c92ffbf77862584,0x238f99a33f6a1c78187b5b0d645cb4606aebf9e3
0x1ff21eca1c3ba96ed53783ab9c92ffbf77862584,
0x1ff21eca1c3ba96ed53783ab9c92ffbf77862584,0xf2d72885ff5800d6799e02b84f8abc2d3798211b
0x1ff21eca1c3ba96ed53783ab9c92ffbf77862584,
0x1ff21eca1c3ba96ed53783ab9c92ffbf77862584,0x61dc3506fcec16aec5c501d6a0d55f55eb51e867
0x1ff21eca1c3ba96ed53783ab9c92ffbf77862584,0x61dc3506fcec16aec5c501d6a0d55f55eb51e867
0x1ff21eca1c3ba96ed53783ab9c92ffbf77862584,0x61dc3506fcec16aec5c501d6a0d55f55eb51e867
0x1ff21eca1c3ba96ed53783ab9c92ffbf77862584,0x61dc3506fcec16aec5c501d6a0d55f55eb51e867
0x1ff21eca1c3ba96ed53783ab9c92ffbf77862584,0x61dc3506fcec16aec5c501d6a0d55f55eb51e867
0x1ff21eca1c3ba96ed53783ab9c92ffbf77862584,0x98a715181466035e10ea4b7da5635a356b1d1c4d
0x1ff21eca1c3ba96ed53783ab9c92ffbf77862584,0x98a715181466035e10ea4b7da5635a356b1d1c4d
0x1ff21eca1c3ba96ed53783ab9c92ffbf77862584,0x98a715181466035e10ea4b7da5635a356b1d1c4d
0x1ff21eca1c3ba96ed53783ab9c92ffbf77862584,0x61dc3506fcec16aec5c501d6a0d55f55eb51e867
0x1ff21eca1c3ba96ed53783ab9c92ffbf77862584,0x03efee7c710ad3b2ca1301309ee0dbc134acbb26
0x1ff21eca1c3ba96ed53783ab9c92ffbf77862584,0x61dc3506fcec16aec5c501d6a0d55f55eb51e867
0x1ff21eca1c3ba96ed53783ab9c92ffbf77862584,0x61dc3506fcec16aec5c501d6a0d55f55eb51e867
0x1ff21eca1c3ba96ed53783ab9c92ffbf77862584,0x61dc3506fcec16aec5c501d6a0d55f55eb51e867
0x1ff21eca1c3ba96ed53783ab9c92ffbf77862584,0x61dc3506fcec16aec5c501d6a0d55f55eb51e867
0x1ff21eca1c3ba96ed53783ab9c92ffbf77862584,0x61dc3506fcec16aec5c501d6a0d55f55eb51e867
0x1ff21eca1c3ba96ed53783ab9c92ffbf77862584,0x7660727d3cb947e807acead927ef3ede24c4a18d
0x1ff21eca1c3ba96ed53783ab9c92ffbf77862584,0x7660727d3cb947e807acead927ef3ede24c4a18d
0x1ff21eca1c3ba96ed53783ab9c92ffbf77862584,0x61dc3506fcec16aec5c501d6a0d55f55eb51e867
0x1ff21eca1c3ba96ed53783ab9c92ffbf77862584,0x61dc3506fcec16aec5c501d6a0d55f55eb51e867
0x1ff21eca1c3ba96ed53783ab9c92ffbf77862584,0x98a715181466035e10ea4b7da5635a356b1d1c4d
0x1ff21eca1c3ba96ed53783ab9c92ffbf77862584,0x300221400d539cb5d15940c56239e6353287eba2
0x1ff21eca1c3ba96ed53783ab9c92ffbf77862584,0x98a715181466035e10ea4b7da5635a356b1d1c4d
0xee2bfd9e29ea9f146dc94b88d8f61a7d98dbdc32,0x1ff21eca1c3ba96ed53783ab9c92ffbf77862584
0x1ff21eca1c3ba96ed53783ab9c92ffbf77862584,0x4b9e0d224dabcc96191cace2d367a8d8b75c9c81
0x1ff21eca1c3ba96ed53783ab9c92ffbf77862584,0x0478c6df5dd56a4f5369f48359c348b72b20f2ae
0x1ff21eca1c3ba96ed53783ab9c92ffbf77862584,0x6f97dfbe4ed1bbf33dabcc2de0b4f8152974b21b
0x1ff21eca1c3ba96ed53783ab9c92ffbf77862584,0x6f97dfbe4ed1bbf33dabcc2de0b4f8152974b21b
0x1ff21eca1c3ba96ed53783ab9c92ffbf77862584,0x6f97dfbe4ed1bbf33dabcc2de0b4f8152974b21b
0x1ff21eca1c3ba96ed53783ab9c92ffbf77862584,0x6f97dfbe4ed1bbf33dabcc2de0b4f8152974b21b
0x1ff21eca1c3ba96ed53783ab9c92ffbf77862584,0x68c769478002b2e2db64fe3be55c943fe4fbd6b1
0x1ff21eca1c3ba96ed53783ab9c92ffbf77862584,0x68c769478002b2e2db64fe3be55c943fe4fbd6b1
0x1ff21eca1c3ba96ed53783ab9c92ffbf77862584,0x68c769478002b2e2db64fe3be55c943fe4fbd6b1
0x1ff21eca1c3ba96ed53783ab9c92ffbf77862584,0x68c769478002b2e2db64fe3be55c943fe4fbd6b1
0x1ff21eca1c3ba96ed53783ab9c92ffbf77862584,0x68c769478002b2e2db64fe3be55c943fe4fbd6b1
0x1ff21eca1c3ba96ed53783ab9c92ffbf77862584,0x68c769478002b2e2db64fe3be55c943fe4fbd6b1
0x1ff21eca1c3ba96ed53783ab9c92ffbf77862584,0x68c769478002b2e2db64fe3be55c943fe4fbd6b1
0x1ff21eca1c3ba96ed53783ab9c92ffbf77862584,0x68c769478002b2e2db64fe3be55c943fe4fbd6b1
0x1ff21eca1c3ba96ed53783ab9c92ffbf77862584,0x68c769478002b2e2db64fe3be55c943fe4fbd6b1
0x1ff21eca1c3ba96ed53783ab9c92ffbf77862584,0x68c769478002b2e2db64fe3be55c943fe4fbd6b1
0x1ff21eca1c3ba96ed53783ab9c92ffbf77862584,0x68c769478002b2e2db64fe3be55c943fe4fbd6b1
0x1ff21eca1c3ba96ed53783ab9c92ffbf77862584,0x68c769478002b2e2db64fe3be55c943fe4fbd6b1
0x1ff21eca1c3ba96ed53783ab9c92ffbf77862584,0x96a51938cfb22565e0d40694fe103675c63ae218
0x1ff21eca1c3ba96ed53783ab9c92ffbf77862584,0x96a51938cfb22565e0d40694fe103675c63ae218
0x1ff21eca1c3ba96ed53783ab9c92ffbf77862584,0xa507380e25142f83a27cf46c5539bf0dc8aeb88e
0x1ff21eca1c3ba96ed53783ab9c92ffbf77862584,0xb60fe3925e87f4b89b08fa424891b5f4a9522b12
0x1ff21eca1c3ba96ed53783ab9c92ffbf77862584,0x96a51938cfb22565e0d40694fe103675c63ae218
0x1ff21eca1c3ba96ed53783ab9c92ffbf77862584,
0x1ff21eca1c3ba96ed53783ab9c92ffbf77862584,
0x1ff21eca1c3ba96ed53783ab9c92ffbf77862584,0x1ab1d1152be175aeb2e6a6cc6fd116d423ae0d4b
0x1ff21eca1c3ba96ed53783ab9c92ffbf77862584,0x1ab1d1152be175aeb2e6a6cc6fd116d423ae0d4b
0x1ff21eca1c3ba96ed53783ab9c92ffbf77862584,0x62684c7c4919d14925d527b44a1b10f3a6c476a3
0x1ff21eca1c3ba96ed53783ab9c92ffbf77862584,0x62684c7c4919d14925d527b44a1b10f3a6c476a3
0x1ff21eca1c3ba96ed53783ab9c92ffbf77862584,0x1ab1d1152be175aeb2e6a6cc6fd116d423ae0d4b
0x1ff21eca1c3ba96ed53783ab9c92ffbf77862584,0x1ab1d1152be175aeb2e6a6cc6fd116d423ae0d4b
0x1ff21eca1c3ba96ed53783ab9c92ffbf77862584,0x3e27cdd104997d22657753b779f0ae10a4f12d30
0x1ff21eca1c3ba96ed53783ab9c92ffbf77862584,0x1ab1d1152be175aeb2e6a6cc6fd116d423ae0d4b
0x1ff21eca1c3ba96ed53783ab9c92ffbf77862584,0x62684c7c4919d14925d527b44a1b10f3a6c476a3
0x1ff21eca1c3ba96ed53783ab9c92ffbf77862584,0x1ab1d1152be175aeb2e6a6cc6fd116d423ae0d4b
0x1ff21eca1c3ba96ed53783ab9c92ffbf77862584,
0x1ff21eca1c3ba96ed53783ab9c92ffbf77862584,
0x1ff21eca1c3ba96ed53783ab9c92ffbf77862584,0x7a23e9b394d42bb56a2d578606774dc0ef385897
0x1ff21eca1c3ba96ed53783ab9c92ffbf77862584,0x7a23e9b394d42bb56a2d578606774dc0ef385897
0x1ff21eca1c3ba96ed53783ab9c92ffbf77862584,0xf31fa6098e031f79179ef1569438b08c8878c4f4
0x1ff21eca1c3ba96ed53783ab9c92ffbf77862584,0xf31fa6098e031f79179ef1569438b08c8878c4f4
0x1ff21eca1c3ba96ed53783ab9c92ffbf77862584,0x7a23e9b394d42bb56a2d578606774dc0ef385897
0x1ff21eca1c3ba96ed53783ab9c92ffbf77862584,0x7a23e9b394d42bb56a2d578606774dc0ef385897
0x1ff21eca1c3ba96ed53783ab9c92ffbf77862584,0x7a23e9b394d42bb56a2d578606774dc0ef385897
0x1ff21eca1c3ba96ed53783ab9c92ffbf77862584,0x7a23e9b394d42bb56a2d578606774dc0ef385897
0x1ff21eca1c3ba96ed53783ab9c92ffbf77862584,0x68c769478002b2e2db64fe3be55c943fe4fbd6b1
0x1ff21eca1c3ba96ed53783ab9c92ffbf77862584,0x68c769478002b2e2db64fe3be55c943fe4fbd6b1
0x1ff21eca1c3ba96ed53783ab9c92ffbf77862584,0x68c769478002b2e2db64fe3be55c943fe4fbd6b1
0x1ff21eca1c3ba96ed53783ab9c92ffbf77862584,0x68c769478002b2e2db64fe3be55c943fe4fbd6b1
0x1ff21eca1c3ba96ed53783ab9c92ffbf77862584,0x68c769478002b2e2db64fe3be55c943fe4fbd6b1
0x1ff21eca1c3ba96ed53783ab9c92ffbf77862584,0x68c769478002b2e2db64fe3be55c943fe4fbd6b1
0x1ff21eca1c3ba96ed53783ab9c92ffbf77862584,0x96a51938cfb22565e0d40694fe103675c63ae218
0x1ff21eca1c3ba96ed53783ab9c92ffbf77862584,0x96a51938cfb22565e0d40694fe103675c63ae218
0x1ff21eca1c3ba96ed53783ab9c92ffbf77862584,0x4b9e0d224dabcc96191cace2d367a8d8b75c9c81
0x1ff21eca1c3ba96ed53783ab9c92ffbf77862584,0x4b9e0d224dabcc96191cace2d367a8d8b75c9c81
0x1ff21eca1c3ba96ed53783ab9c92ffbf77862584,0x4b9e0d224dabcc96191cace2d367a8d8b75c9c81
0x1ff21eca1c3ba96ed53783ab9c92ffbf77862584,0xb33939e4145d2838f87f7e5c61ced51a15f3d841
0x1ff21eca1c3ba96ed53783ab9c92ffbf77862584,
0x1ff21eca1c3ba96ed53783ab9c92ffbf77862584,
0x1ff21eca1c3ba96ed53783ab9c92ffbf77862584,0xa9a4c85bc2d5e124372a6df496cb3b02fc490f31
0x1ff21eca1c3ba96ed53783ab9c92ffbf77862584,0xa9a4c85bc2d5e124372a6df496cb3b02fc490f31
0x1ff21eca1c3ba96ed53783ab9c92ffbf77862584,0xa9a4c85bc2d5e124372a6df496cb3b02fc490f31
0x1ff21eca1c3ba96ed53783ab9c92ffbf77862584,0xdcdd9e834f64ea8f1e345affc38b8012c98ac867
0x1ff21eca1c3ba96ed53783ab9c92ffbf77862584,0xdcdd9e834f64ea8f1e345affc38b8012c98ac867
0x1ff21eca1c3ba96ed53783ab9c92ffbf77862584,0xa9a4c85bc2d5e124372a6df496cb3b02fc490f31
0x1ff21eca1c3ba96ed53783ab9c92ffbf77862584,0xa9a4c85bc2d5e124372a6df496cb3b02fc490f31
0x1ff21eca1c3ba96ed53783ab9c92ffbf77862584,0xa9a4c85bc2d5e124372a6df496cb3b02fc490f31
0x1ff21eca1c3ba96ed53783ab9c92ffbf77862584,0xa9a4c85bc2d5e124372a6df496cb3b02fc490f31
0x1ff21eca1c3ba96ed53783ab9c92ffbf77862584,0xa9a4c85bc2d5e124372a6df496cb3b02fc490f31
0x1ff21eca1c3ba96ed53783ab9c92ffbf77862584,0xa9a4c85bc2d5e124372a6df496cb3b02fc490f31
0x1ff21eca1c3ba96ed53783ab9c92ffbf77862584,0xa9a4c85bc2d5e124372a6df496cb3b02fc490f31
0x1ff21eca1c3ba96ed53783ab9c92ffbf77862584,0xa9a4c85bc2d5e124372a6df496cb3b02fc490f31
0x1ff21eca1c3ba96ed53783ab9c92ffbf77862584,0xa9a4c85bc2d5e124372a6df496cb3b02fc490f31
0x1ff21eca1c3ba96ed53783ab9c92ffbf77862584,0xa9a4c85bc2d5e124372a6df496cb3b02fc490f31
0x1ff21eca1c3ba96ed53783ab9c92ffbf77862584,0xa9a4c85bc2d5e124372a6df496cb3b02fc490f31
0x1ff21eca1c3ba96ed53783ab9c92ffbf77862584,0xa9a4c85bc2d5e124372a6df496cb3b02fc490f31
0x1ff21eca1c3ba96ed53783ab9c92ffbf77862584,0xa9a4c85bc2d5e124372a6df496cb3b02fc490f31
0x1ff21eca1c3ba96ed53783ab9c92ffbf77862584,0xa9a4c85bc2d5e124372a6df496cb3b02fc490f31
0x1ff21eca1c3ba96ed53783ab9c92ffbf77862584,0xa9a4c85bc2d5e124372a6df496cb3b02fc490f31
0x1ff21eca1c3ba96ed53783ab9c92ffbf77862584,0xa9a4c85bc2d5e124372a6df496cb3b02fc490f31
0x1ff21eca1c3ba96ed53783ab9c92ffbf77862584,0xa9a4c85bc2d5e124372a6df496cb3b02fc490f31
0x1ff21eca1c3ba96ed53783ab9c92ffbf77862584,0xa9a4c85bc2d5e124372a6df496cb3b02fc490f31
0x1ff21eca1c3ba96ed53783ab9c92ffbf77862584,0xa9a4c85bc2d5e124372a6df496cb3b02fc490f31
0x1ff21eca1c3ba96ed53783ab9c92ffbf77862584,0xa9a4c85bc2d5e124372a6df496cb3b02fc490f31
0x1ff21eca1c3ba96ed53783ab9c92ffbf77862584,0xa9a4c85bc2d5e124372a6df496cb3b02fc490f31
0x1ff21eca1c3ba96ed53783ab9c92ffbf77862584,0xa9a4c85bc2d5e124372a6df496cb3b02fc490f31
0x1ff21eca1c3ba96ed53783ab9c92ffbf77862584,0xa9a4c85bc2d5e124372a6df496cb3b02fc490f31
0x1ff21eca1c3ba96ed53783ab9c92ffbf77862584,0xa9a4c85bc2d5e124372a6df496cb3b02fc490f31
0x1ff21eca1c3ba96ed53783ab9c92ffbf77862584,0xa9a4c85bc2d5e124372a6df496cb3b02fc490f31
0x1ff21eca1c3ba96ed53783ab9c92ffbf77862584,0xa9a4c85bc2d5e124372a6df496cb3b02fc490f31
0x1ff21eca1c3ba96ed53783ab9c92ffbf77862584,0xa9a4c85bc2d5e124372a6df496cb3b02fc490f31
0x1ff21eca1c3ba96ed53783ab9c92ffbf77862584,0xa9a4c85bc2d5e124372a6df496cb3b02fc490f31
0x1ff21eca1c3ba96ed53783ab9c92ffbf77862584,0xa9a4c85bc2d5e124372a6df496cb3b02fc490f31
0x1ff21eca1c3ba96ed53783ab9c92ffbf77862584,0xa9a4c85bc2d5e124372a6df496cb3b02fc490f31
0x1ff21eca1c3ba96ed53783ab9c92ffbf77862584,0xa9a4c85bc2d5e124372a6df496cb3b02fc490f31
0x1ff21eca1c3ba96ed53783ab9c92ffbf77862584,0xa9a4c85bc2d5e124372a6df496cb3b02fc490f31
0x1ff21eca1c3ba96ed53783ab9c92ffbf77862584,0xa9a4c85bc2d5e124372a6df496cb3b02fc490f31
0x1ff21eca1c3ba96ed53783ab9c92ffbf77862584,0xa9a4c85bc2d5e124372a6df496cb3b02fc490f31
0x1ff21eca1c3ba96ed53783ab9c92ffbf77862584,0xa9a4c85bc2d5e124372a6df496cb3b02fc490f31
0x1ff21eca1c3ba96ed53783ab9c92ffbf77862584,0xa9a4c85bc2d5e124372a6df496cb3b02fc490f31
0x1ff21eca1c3ba96ed53783ab9c92ffbf77862584,0xa9a4c85bc2d5e124372a6df496cb3b02fc490f31
0x1ff21eca1c3ba96ed53783ab9c92ffbf77862584,0xa9a4c85bc2d5e124372a6df496cb3b02fc490f31
0x1ff21eca1c3ba96ed53783ab9c92ffbf77862584,0xa9a4c85bc2d5e124372a6df496cb3b02fc490f31
0x1ff21eca1c3ba96ed53783ab9c92ffbf77862584,0xa9a4c85bc2d5e124372a6df496cb3b02fc490f31
0x1ff21eca1c3ba96ed53783ab9c92ffbf77862584,0xa9a4c85bc2d5e124372a6df496cb3b02fc490f31
0x1ff21eca1c3ba96ed53783ab9c92ffbf77862584,0xa9a4c85bc2d5e124372a6df496cb3b02fc490f31
0x1ff21eca1c3ba96ed53783ab9c92ffbf77862584,0xa9a4c85bc2d5e124372a6df496cb3b02fc490f31
0x1ff21eca1c3ba96ed53783ab9c92ffbf77862584,
0x1ff21eca1c3ba96ed53783ab9c92ffbf77862584,
0x1ff21eca1c3ba96ed53783ab9c92ffbf77862584,0xf4ff29ed17fad6e4579da28c04d81a73f7892e45
0x1ff21eca1c3ba96ed53783ab9c92ffbf77862584,0xf4ff29ed17fad6e4579da28c04d81a73f7892e45
0x1ff21eca1c3ba96ed53783ab9c92ffbf77862584,0xdeca991a77e1a5e901938cbfa2dd9ef562a5e82b
0x1ff21eca1c3ba96ed53783ab9c92ffbf77862584,0x4b9e0d224dabcc96191cace2d367a8d8b75c9c81
0x1ff21eca1c3ba96ed53783ab9c92ffbf77862584,0x4b9e0d224dabcc96191cace2d367a8d8b75c9c81
0x1ff21eca1c3ba96ed53783ab9c92ffbf77862584,0x3e27cdd104997d22657753b779f0ae10a4f12d30
0x1ff21eca1c3ba96ed53783ab9c92ffbf77862584,0x3e27cdd104997d22657753b779f0ae10a4f12d30
0x1ff21eca1c3ba96ed53783ab9c92ffbf77862584,0x3e27cdd104997d22657753b779f0ae10a4f12d30
0x1ff21eca1c3ba96ed53783ab9c92ffbf77862584,0x3e27cdd104997d22657753b779f0ae10a4f12d30
0x1ff21eca1c3ba96ed53783ab9c92ffbf77862584,
0x1ff21eca1c3ba96ed53783ab9c92ffbf77862584,0x3e27cdd104997d22657753b779f0ae10a4f12d30
0x1ff21eca1c3ba96ed53783ab9c92ffbf77862584,0x3e27cdd104997d22657753b779f0ae10a4f12d30
0x1ff21eca1c3ba96ed53783ab9c92ffbf77862584,0x5a4f1f424247ce98b4c3d4129653d06f9e84fc8d
0x1ff21eca1c3ba96ed53783ab9c92ffbf77862584,0x3e27cdd104997d22657753b779f0ae10a4f12d30
0x1ff21eca1c3ba96ed53783ab9c92ffbf77862584,0x98a715181466035e10ea4b7da5635a356b1d1c4d
0x1ff21eca1c3ba96ed53783ab9c92ffbf77862584,0x98a715181466035e10ea4b7da5635a356b1d1c4d
0x1ff21eca1c3ba96ed53783ab9c92ffbf77862584,0x4b9e0d224dabcc96191cace2d367a8d8b75c9c81
0x1ff21eca1c3ba96ed53783ab9c92ffbf77862584,0x4b9e0d224dabcc96191cace2d367a8d8b75c9c81
0x1ff21eca1c3ba96ed53783ab9c92ffbf77862584,0xea1a4ef673d66f56be0371725072bb68df455c12
0x1ff21eca1c3ba96ed53783ab9c92ffbf77862584,0xea1a4ef673d66f56be0371725072bb68df455c12
0x1ff21eca1c3ba96ed53783ab9c92ffbf77862584,0x03efee7c710ad3b2ca1301309ee0dbc134acbb26
0x1ff21eca1c3ba96ed53783ab9c92ffbf77862584,0x898e6abfabb802205a2b4e4139be8e159ebd7e32
0x1ff21eca1c3ba96ed53783ab9c92ffbf77862584,0xa9e448c5128563918aa0c01d44ccb9b3df8849f0
0x1ff21eca1c3ba96ed53783ab9c92ffbf77862584,0x5a4f1f424247ce98b4c3d4129653d06f9e84fc8d
0x1ff21eca1c3ba96ed53783ab9c92ffbf77862584,0x5a4f1f424247ce98b4c3d4129653d06f9e84fc8d
0x1ff21eca1c3ba96ed53783ab9c92ffbf77862584,0xab2988de95e979e6f2ab1bc04e21da97c7db7df2
0x1ff21eca1c3ba96ed53783ab9c92ffbf77862584,0x4b9e0d224dabcc96191cace2d367a8d8b75c9c81
0x1ff21eca1c3ba96ed53783ab9c92ffbf77862584,0x4b9e0d224dabcc96191cace2d367a8d8b75c9c81
0x1ff21eca1c3ba96ed53783ab9c92ffbf77862584,0x4b9e0d224dabcc96191cace2d367a8d8b75c9c81
0x1ff21eca1c3ba96ed53783ab9c92ffbf77862584,0x4b9e0d224dabcc96191cace2d367a8d8b75c9c81
0x1ff21eca1c3ba96ed53783ab9c92ffbf77862584,0x1ff21eca1c3ba96ed53783ab9c92ffbf77862584
0x1ff21eca1c3ba96ed53783ab9c92ffbf77862584,0x4b9e0d224dabcc96191cace2d367a8d8b75c9c81
0x1ff21eca1c3ba96ed53783ab9c92ffbf77862584,
0x1ff21eca1c3ba96ed53783ab9c92ffbf77862584,
0x1ff21eca1c3ba96ed53783ab9c92ffbf77862584,0x4b9e0d224dabcc96191cace2d367a8d8b75c9c81
0x1ff21eca1c3ba96ed53783ab9c92ffbf77862584,0x4b9e0d224dabcc96191cace2d367a8d8b75c9c81
0x1ff21eca1c3ba96ed53783ab9c92ffbf77862584,
0x1ff21eca1c3ba96ed53783ab9c92ffbf77862584,
0x1ff21eca1c3ba96ed53783ab9c92ffbf77862584,0xff35b7f4d60dc956f5713b2cddd273738f4b125c
0x1ff21eca1c3ba96ed53783ab9c92ffbf77862584,0xf7e93876b608c2deaddc548c73f24d18ef89a1ac
0x1ff21eca1c3ba96ed53783ab9c92ffbf77862584,0x62e9faba3906cb39a5e1e00da6d65a4f01a458f3
0x1ff21eca1c3ba96ed53783ab9c92ffbf77862584,0x4b9e0d224dabcc96191cace2d367a8d8b75c9c81
0x1ff21eca1c3ba96ed53783ab9c92ffbf77862584,0xb945ddc91156f5fb86d993045f36f306f64ff316
0x1ff21eca1c3ba96ed53783ab9c92ffbf77862584,0x9cbfcb30e3f53acf708907a7a246d2aec943c003
0x1ff21eca1c3ba96ed53783ab9c92ffbf77862584,0x9cbfcb30e3f53acf708907a7a246d2aec943c003
0x1ff21eca1c3ba96ed53783ab9c92ffbf77862584,0x4b9e0d224dabcc96191cace2d367a8d8b75c9c81
0x1ff21eca1c3ba96ed53783ab9c92ffbf77862584,0xc3ea21d88d9c1e34a0ce73f57c47eb3fdafcdcb9
0x1ff21eca1c3ba96ed53783ab9c92ffbf77862584,0x8c3030c477856a4217ccbf08c158408edb066b81
0x1ff21eca1c3ba96ed53783ab9c92ffbf77862584,0x635553f8f5b9c8310e9720fbc589436098febc74
0x1ff21eca1c3ba96ed53783ab9c92ffbf77862584,0x1ff21eca1c3ba96ed53783ab9c92ffbf77862584
0x1ff21eca1c3ba96ed53783ab9c92ffbf77862584,0x1ff21eca1c3ba96ed53783ab9c92ffbf77862584
0x1ff21eca1c3ba96ed53783ab9c92ffbf77862584,0x1ff21eca1c3ba96ed53783ab9c92ffbf77862584
0x1ff21eca1c3ba96ed53783ab9c92ffbf77862584,0x501174391230e0a822d67d96d6d2cbb438932c5f
0x1ff21eca1c3ba96ed53783ab9c92ffbf77862584,0xfba4af7c6b380846fa0f72640fe96efd269f5718
0x1ff21eca1c3ba96ed53783ab9c92ffbf77862584,0x2f07a98e4cb97fd23b8c8ef278354d7a285e0acc
0x1ff21eca1c3ba96ed53783ab9c92ffbf77862584,0x4b9e0d224dabcc96191cace2d367a8d8b75c9c81
0x1ff21eca1c3ba96ed53783ab9c92ffbf77862584,0x4b9e0d224dabcc96191cace2d367a8d8b75c9c81
0x1ff21eca1c3ba96ed53783ab9c92ffbf77862584,
0x1ff21eca1c3ba96ed53783ab9c92ffbf77862584,0x0dac47f86bdcbccfa0c65b42bda46899a6b586d7
0x1ff21eca1c3ba96ed53783ab9c92ffbf77862584,0x0dac47f86bdcbccfa0c65b42bda46899a6b586d7
0x1ff21eca1c3ba96ed53783ab9c92ffbf77862584,0x98a715181466035e10ea4b7da5635a356b1d1c4d
0x1ff21eca1c3ba96ed53783ab9c92ffbf77862584,0x98a715181466035e10ea4b7da5635a356b1d1c4d
0x1ff21eca1c3ba96ed53783ab9c92ffbf77862584,0x0dac47f86bdcbccfa0c65b42bda46899a6b586d7
0x1ff21eca1c3ba96ed53783ab9c92ffbf77862584,0x7660727d3cb947e807acead927ef3ede24c4a18d
0x1ff21eca1c3ba96ed53783ab9c92ffbf77862584,0x898e6abfabb802205a2b4e4139be8e159ebd7e32
0x1ff21eca1c3ba96ed53783ab9c92ffbf77862584,0x898e6abfabb802205a2b4e4139be8e159ebd7e32
0x1ff21eca1c3ba96ed53783ab9c92ffbf77862584,0x65a0a0586938e641ea4ad4b6dc5bbf57bbda5cd5
0x1ff21eca1c3ba96ed53783ab9c92ffbf77862584,0x96a51938cfb22565e0d40694fe103675c63ae218
0x1ff21eca1c3ba96ed53783ab9c92ffbf77862584,0x96a51938cfb22565e0d40694fe103675c63ae218
0x1ff21eca1c3ba96ed53783ab9c92ffbf77862584,0x65a0a0586938e641ea4ad4b6dc5bbf57bbda5cd5
0x1ff21eca1c3ba96ed53783ab9c92ffbf77862584,0x4b9e0d224dabcc96191cace2d367a8d8b75c9c81
0x1ff21eca1c3ba96ed53783ab9c92ffbf77862584,0x1ff21eca1c3ba96ed53783ab9c92ffbf77862584
0x1ff21eca1c3ba96ed53783ab9c92ffbf77862584,0x1ff21eca1c3ba96ed53783ab9c92ffbf77862584
0x1ff21eca1c3ba96ed53783ab9c92ffbf77862584,0x1ff21eca1c3ba96ed53783ab9c92ffbf77862584
0x1ff21eca1c3ba96ed53783ab9c92ffbf77862584,0x4b9e0d224dabcc96191cace2d367a8d8b75c9c81
0x1ff21eca1c3ba96ed53783ab9c92ffbf77862584,0xb945ddc91156f5fb86d993045f36f306f64ff316
0x1ff21eca1c3ba96ed53783ab9c92ffbf77862584,0xa732fe528d8a673dfbfe3f6276511042d696872d
0x1ff21eca1c3ba96ed53783ab9c92ffbf77862584,
0x1ff21eca1c3ba96ed53783ab9c92ffbf77862584,0xd3335733f2fe9d94fe8f02483942eea628c957e4
0x1ff21eca1c3ba96ed53783ab9c92ffbf77862584,0xef22db849311c604bfc23b8c1d832767161f35f5
0x1ff21eca1c3ba96ed53783ab9c92ffbf77862584,0xa085e2f5b4d6e8e611853ad585a1b6c444116ce2
0x1ff21eca1c3ba96ed53783ab9c92ffbf77862584,0xa085e2f5b4d6e8e611853ad585a1b6c444116ce2
0x1ff21eca1c3ba96ed53783ab9c92ffbf77862584,
0x1ff21eca1c3ba96ed53783ab9c92ffbf77862584,
0x1ff21eca1c3ba96ed53783ab9c92ffbf77862584,0x5ebdfac2eb54bad66fb778f975b03a4e7634aaa7
0x1ff21eca1c3ba96ed53783ab9c92ffbf77862584,0x4c193b361fd52fd56025e9b4e2d8b5fdaa2a7735
0x1ff21eca1c3ba96ed53783ab9c92ffbf77862584,0x162ac26e2f0fe036c3a3d370c118de0b6c883083
0x1ff21eca1c3ba96ed53783ab9c92ffbf77862584,0x98a715181466035e10ea4b7da5635a356b1d1c4d
0x1ff21eca1c3ba96ed53783ab9c92ffbf77862584,0xef22db849311c604bfc23b8c1d832767161f35f5
0x1ff21eca1c3ba96ed53783ab9c92ffbf77862584,0x98a715181466035e10ea4b7da5635a356b1d1c4d
0x1ff21eca1c3ba96ed53783ab9c92ffbf77862584,0xe73caddee57e7ebcafa11ceeae50de47b315b971
0x1ff21eca1c3ba96ed53783ab9c92ffbf77862584,0xe73caddee57e7ebcafa11ceeae50de47b315b971
0x1ff21eca1c3ba96ed53783ab9c92ffbf77862584,0x60d419f3789f70c5283e8bfd376a7308321c0f43
0x1ff21eca1c3ba96ed53783ab9c92ffbf77862584,0x8053dbc351dc9cf04dea086b4d3072b14444df73
0x1ff21eca1c3ba96ed53783ab9c92ffbf77862584,0xe73caddee57e7ebcafa11ceeae50de47b315b971
0x1ff21eca1c3ba96ed53783ab9c92ffbf77862584,0xe73caddee57e7ebcafa11ceeae50de47b315b971
0x1ff21eca1c3ba96ed53783ab9c92ffbf77862584,0xe73caddee57e7ebcafa11ceeae50de47b315b971
0x1ff21eca1c3ba96ed53783ab9c92ffbf77862584,0xe73caddee57e7ebcafa11ceeae50de47b315b971
0x1ff21eca1c3ba96ed53783ab9c92ffbf77862584,0xe73caddee57e7ebcafa11ceeae50de47b315b971
0x1ff21eca1c3ba96ed53783ab9c92ffbf77862584,0xe73caddee57e7ebcafa11ceeae50de47b315b971
0x1ff21eca1c3ba96ed53783ab9c92ffbf77862584,0x8053dbc351dc9cf04dea086b4d3072b14444df73
0x1ff21eca1c3ba96ed53783ab9c92ffbf77862584,0x4b9e0d224dabcc96191cace2d367a8d8b75c9c81
0x1ff21eca1c3ba96ed53783ab9c92ffbf77862584,0xe73caddee57e7ebcafa11ceeae50de47b315b971
0x1ff21eca1c3ba96ed53783ab9c92ffbf77862584,0xabbb6bebfa05aa13e908eaa492bd7a8343760477
0x1ff21eca1c3ba96ed53783ab9c92ffbf77862584,0x4b9e0d224dabcc96191cace2d367a8d8b75c9c81
0x1ff21eca1c3ba96ed53783ab9c92ffbf77862584,0x4b9e0d224dabcc96191cace2d367a8d8b75c9c81
0x1ff21eca1c3ba96ed53783ab9c92ffbf77862584,0xf58ae44ece739f852d4d618109b7ccd7d93f339f
0x1ff21eca1c3ba96ed53783ab9c92ffbf77862584,0x4b9e0d224dabcc96191cace2d367a8d8b75c9c81
0x1ff21eca1c3ba96ed53783ab9c92ffbf77862584,0x4b9e0d224dabcc96191cace2d367a8d8b75c9c81
0x1ff21eca1c3ba96ed53783ab9c92ffbf77862584,0x635553f8f5b9c8310e9720fbc589436098febc74
0x1ff21eca1c3ba96ed53783ab9c92ffbf77862584,0xa085e2f5b4d6e8e611853ad585a1b6c444116ce2
0x1ff21eca1c3ba96ed53783ab9c92ffbf77862584,
0x1ff21eca1c3ba96ed53783ab9c92ffbf77862584,
0x1ff21eca1c3ba96ed53783ab9c92ffbf77862584,0x3e549e170a6b62404ac43ae2b08f6a79b7209116
0x1ff21eca1c3ba96ed53783ab9c92ffbf77862584,0x3e549e170a6b62404ac43ae2b08f6a79b7209116
0x1ff21eca1c3ba96ed53783ab9c92ffbf77862584,0x3e549e170a6b62404ac43ae2b08f6a79b7209116
0x1ff21eca1c3ba96ed53783ab9c92ffbf77862584,0xa439f5f3c1c36c6a27f0f37b2145a090a3a00c94
0x1ff21eca1c3ba96ed53783ab9c92ffbf77862584,0x03efee7c710ad3b2ca1301309ee0dbc134acbb26
0x1ff21eca1c3ba96ed53783ab9c92ffbf77862584,0xa085e2f5b4d6e8e611853ad585a1b6c444116ce2
0x1ff21eca1c3ba96ed53783ab9c92ffbf77862584,0x1ff21eca1c3ba96ed53783ab9c92ffbf77862584
0x1ff21eca1c3ba96ed53783ab9c92ffbf77862584,
0x1ff21eca1c3ba96ed53783ab9c92ffbf77862584,0xb465b9ec037a06dd52e743ed54fc5447583f7b70
0x1ff21eca1c3ba96ed53783ab9c92ffbf77862584,0xb465b9ec037a06dd52e743ed54fc5447583f7b70
0x1ff21eca1c3ba96ed53783ab9c92ffbf77862584,0xb465b9ec037a06dd52e743ed54fc5447583f7b70
0x1ff21eca1c3ba96ed53783ab9c92ffbf77862584,0xb465b9ec037a06dd52e743ed54fc5447583f7b70
0x1ff21eca1c3ba96ed53783ab9c92ffbf77862584,0xb465b9ec037a06dd52e743ed54fc5447583f7b70
0x1ff21eca1c3ba96ed53783ab9c92ffbf77862584,0xb465b9ec037a06dd52e743ed54fc5447583f7b70
0x1ff21eca1c3ba96ed53783ab9c92ffbf77862584,0xb465b9ec037a06dd52e743ed54fc5447583f7b70
0x1ff21eca1c3ba96ed53783ab9c92ffbf77862584,0xdefb3f8443e78b003e0db717870fa556f59db45d
0xdefb3f8443e78b003e0db717870fa556f59db45d,0x1ff21eca1c3ba96ed53783ab9c92ffbf77862584
0x1ff21eca1c3ba96ed53783ab9c92ffbf77862584,0xb465b9ec037a06dd52e743ed54fc5447583f7b70
0x1ff21eca1c3ba96ed53783ab9c92ffbf77862584,
0x1ff21eca1c3ba96ed53783ab9c92ffbf77862584,0x2971c4a88e16c89eceeef6386fc7dc9113322227
0x1ff21eca1c3ba96ed53783ab9c92ffbf77862584,0x898e6abfabb802205a2b4e4139be8e159ebd7e32
0x1ff21eca1c3ba96ed53783ab9c92ffbf77862584,0x68c769478002b2e2db64fe3be55c943fe4fbd6b1
0x1ff21eca1c3ba96ed53783ab9c92ffbf77862584,0x68c769478002b2e2db64fe3be55c943fe4fbd6b1
0x1ff21eca1c3ba96ed53783ab9c92ffbf77862584,0x68c769478002b2e2db64fe3be55c943fe4fbd6b1
0x1ff21eca1c3ba96ed53783ab9c92ffbf77862584,0x68c769478002b2e2db64fe3be55c943fe4fbd6b1
0x1ff21eca1c3ba96ed53783ab9c92ffbf77862584,0x68c769478002b2e2db64fe3be55c943fe4fbd6b1
0x1ff21eca1c3ba96ed53783ab9c92ffbf77862584,0x68c769478002b2e2db64fe3be55c943fe4fbd6b1
0x1ff21eca1c3ba96ed53783ab9c92ffbf77862584,0x96a51938cfb22565e0d40694fe103675c63ae218
0x1ff21eca1c3ba96ed53783ab9c92ffbf77862584,0x96a51938cfb22565e0d40694fe103675c63ae218
0x1ff21eca1c3ba96ed53783ab9c92ffbf77862584,0x4b9e0d224dabcc96191cace2d367a8d8b75c9c81
0x1ff21eca1c3ba96ed53783ab9c92ffbf77862584,0x4b9e0d224dabcc96191cace2d367a8d8b75c9c81
0x1ff21eca1c3ba96ed53783ab9c92ffbf77862584,0x4b9e0d224dabcc96191cace2d367a8d8b75c9c81
0x1ff21eca1c3ba96ed53783ab9c92ffbf77862584,0x4b9e0d224dabcc96191cace2d367a8d8b75c9c81
0x1ff21eca1c3ba96ed53783ab9c92ffbf77862584,0x4b9e0d224dabcc96191cace2d367a8d8b75c9c81
0x1ff21eca1c3ba96ed53783ab9c92ffbf77862584,
0x1ff21eca1c3ba96ed53783ab9c92ffbf77862584,0xec7f2d642955bae04db2b678416db37f35ceb6b4
0x1ff21eca1c3ba96ed53783ab9c92ffbf77862584,0xec7f2d642955bae04db2b678416db37f35ceb6b4
0x1ff21eca1c3ba96ed53783ab9c92ffbf77862584,0xec7f2d642955bae04db2b678416db37f35ceb6b4
0x1ff21eca1c3ba96ed53783ab9c92ffbf77862584,0x4b9e0d224dabcc96191cace2d367a8d8b75c9c81
0x1ff21eca1c3ba96ed53783ab9c92ffbf77862584,0xecf95650b61bafdf5ed6de8af8995597eb8a5e84
0x1ff21eca1c3ba96ed53783ab9c92ffbf77862584,0xe2bbecca05ab37b09399f7c6fbd927a40c585ad8
0x1ff21eca1c3ba96ed53783ab9c92ffbf77862584,0xecf95650b61bafdf5ed6de8af8995597eb8a5e84
0x1ff21eca1c3ba96ed53783ab9c92ffbf77862584,0xe2bbecca05ab37b09399f7c6fbd927a40c585ad8
0x1ff21eca1c3ba96ed53783ab9c92ffbf77862584,0xc3ea21d88d9c1e34a0ce73f57c47eb3fdafcdcb9
0x1ff21eca1c3ba96ed53783ab9c92ffbf77862584,0x4b9e0d224dabcc96191cace2d367a8d8b75c9c81
0x1ff21eca1c3ba96ed53783ab9c92ffbf77862584,
0x1ff21eca1c3ba96ed53783ab9c92ffbf77862584,0x925ba8b770ddb19e684094f327520a8c2e883223
0x70faa28a6b8d6829a4b1e649d26ec9a2a39ba413,0xd3335733f2fe9d94fe8f02483942eea628c957e4
0x1ff21eca1c3ba96ed53783ab9c92ffbf77862584,0xd3335733f2fe9d94fe8f02483942eea628c957e4
0x70faa28a6b8d6829a4b1e649d26ec9a2a39ba413,0xd3335733f2fe9d94fe8f02483942eea628c957e4
0xd3335733f2fe9d94fe8f02483942eea628c957e4,
0xd3335733f2fe9d94fe8f02483942eea628c957e4,0x162ac26e2f0fe036c3a3d370c118de0b6c883083
0xd3335733f2fe9d94fe8f02483942eea628c957e4,0x162ac26e2f0fe036c3a3d370c118de0b6c883083
0x1ff21eca1c3ba96ed53783ab9c92ffbf77862584,0x5ebdfac2eb54bad66fb778f975b03a4e7634aaa7
0x5ebdfac2eb54bad66fb778f975b03a4e7634aaa7,0x162ac26e2f0fe036c3a3d370c118de0b6c883083
0x5ebdfac2eb54bad66fb778f975b03a4e7634aaa7,0x162ac26e2f0fe036c3a3d370c118de0b6c883083
0x1ff21eca1c3ba96ed53783ab9c92ffbf77862584,0x4c193b361fd52fd56025e9b4e2d8b5fdaa2a7735
0x4c193b361fd52fd56025e9b4e2d8b5fdaa2a7735,0x162ac26e2f0fe036c3a3d370c118de0b6c883083
0x4c193b361fd52fd56025e9b4e2d8b5fdaa2a7735,0x162ac26e2f0fe036c3a3d370c118de0b6c883083
0xb7243b316a1ec31c2f75551d47460cc3317b9b68,0x162ac26e2f0fe036c3a3d370c118de0b6c883083
