0x9ab559933669795a195db2c6e497d1794982b29a,0x8bccc9ba2e5706e24a36dda02ca2a846e39a7bbf
0xbd86fc80fdc7cb7e5635fb7fb7129b2f557a38d9,0x8bccc9ba2e5706e24a36dda02ca2a846e39a7bbf
0xbd86fc80fdc7cb7e5635fb7fb7129b2f557a38d9,0x8bccc9ba2e5706e24a36dda02ca2a846e39a7bbf
0xc3280f4278ce4343fc50fbb7505be11bf1ef6275,0x8bccc9ba2e5706e24a36dda02ca2a846e39a7bbf
0xc3280f4278ce4343fc50fbb7505be11bf1ef6275,0x8bccc9ba2e5706e24a36dda02ca2a846e39a7bbf
0xbd86fc80fdc7cb7e5635fb7fb7129b2f557a38d9,0x8bccc9ba2e5706e24a36dda02ca2a846e39a7bbf
0xb0943c0166dd2f9376d2db40474d74871cc8f5ac,0x8bccc9ba2e5706e24a36dda02ca2a846e39a7bbf
0xbd86fc80fdc7cb7e5635fb7fb7129b2f557a38d9,0x8bccc9ba2e5706e24a36dda02ca2a846e39a7bbf
0x2615f593b783f658791e0c8e655bfe8f49b24a6b,0x8bccc9ba2e5706e24a36dda02ca2a846e39a7bbf
0xbf1715480a9c007de17b61d0e25e78e312e50515,0x8bccc9ba2e5706e24a36dda02ca2a846e39a7bbf
0xdc9d3d9cfbdafec2195ef55795fc9be14baa1737,0x8bccc9ba2e5706e24a36dda02ca2a846e39a7bbf
0xc3a561e32acab3f5a37daede7308033548fc97e1,0x8bccc9ba2e5706e24a36dda02ca2a846e39a7bbf
0x993c03547ec220a26ef8893a8594c24f42315a26,0x8bccc9ba2e5706e24a36dda02ca2a846e39a7bbf
0x636d469028a5a669cb5057ffc104ee2287913bc0,0x8bccc9ba2e5706e24a36dda02ca2a846e39a7bbf
0xc7c2cad8d50476f0519c725156bb2dbec924617a,0x8bccc9ba2e5706e24a36dda02ca2a846e39a7bbf
0xb63bba9e278a1c729bf3ea5cf5dea8f5f0fade66,0x8bccc9ba2e5706e24a36dda02ca2a846e39a7bbf
0x2b4671c1b8562956022ab1311e9a7208838fd847,0x8bccc9ba2e5706e24a36dda02ca2a846e39a7bbf
0xf69d72e24bf025735c4a51976cd01db74a15b104,0x8bccc9ba2e5706e24a36dda02ca2a846e39a7bbf
0x51c70c3545861eee2560b0478d1277249ae9389a,0x8bccc9ba2e5706e24a36dda02ca2a846e39a7bbf
0x8a34345b893faacb3d34dc2b5de3055965e8ca79,0x8bccc9ba2e5706e24a36dda02ca2a846e39a7bbf
0xd0701bb5832451fbcd1ec5e766f87a151bb74982,0x8bccc9ba2e5706e24a36dda02ca2a846e39a7bbf
0x4e06cf5913c1cc5ed9cab5ae065e6580dcb11e14,0x8bccc9ba2e5706e24a36dda02ca2a846e39a7bbf
0x4a2253e82c856a69d879af24508ef96b49d1e4e3,0x8bccc9ba2e5706e24a36dda02ca2a846e39a7bbf
0xbc7910b56244ec81e75638b48a8e758aa3a01e5f,0x8bccc9ba2e5706e24a36dda02ca2a846e39a7bbf
0xa17070c2e9c5a940a4ec0e4954c4d7d643be8f49,0x8bccc9ba2e5706e24a36dda02ca2a846e39a7bbf
0x9d85f15ad9d4bd83322cf45ce94c5cd89775458e,0x8bccc9ba2e5706e24a36dda02ca2a846e39a7bbf
0xd80cd2515b52c96a376255a4d6cd2bf155eae6a3,0x8bccc9ba2e5706e24a36dda02ca2a846e39a7bbf
0x876530255cc513ee36765d791943478e6adde398,0x8bccc9ba2e5706e24a36dda02ca2a846e39a7bbf
0x02ed8f0a62221986cc2e1fe0b5b5eb98f89fc842,0x8bccc9ba2e5706e24a36dda02ca2a846e39a7bbf
0x78d7a7bb6474229640ba18aa3c6e294d82558d2b,0x8bccc9ba2e5706e24a36dda02ca2a846e39a7bbf
0x358667e046e6f0eae6731738256ace7fc4476af9,0x8bccc9ba2e5706e24a36dda02ca2a846e39a7bbf
0x7ab689923b4de96a040215f21a02df37be5a9559,0x8bccc9ba2e5706e24a36dda02ca2a846e39a7bbf
0x43ca2ba8728b12f6c4248fc4de32441963fd0460,0x8bccc9ba2e5706e24a36dda02ca2a846e39a7bbf
0x0ad27df5489ecb781561804c728555e421925776,0x8bccc9ba2e5706e24a36dda02ca2a846e39a7bbf
0xb0c40fe5c13c336823e6907f61b14eccf5614d14,0x8bccc9ba2e5706e24a36dda02ca2a846e39a7bbf
0xf69d72e24bf025735c4a51976cd01db74a15b104,0x8bccc9ba2e5706e24a36dda02ca2a846e39a7bbf
0xf5690bc84b9fc0b030b63ef4c4b4ddbfdd35c85a,0x8bccc9ba2e5706e24a36dda02ca2a846e39a7bbf
0xde0fb7c61f002da012c61ae9d9388118318fb559,0x8bccc9ba2e5706e24a36dda02ca2a846e39a7bbf
0xff7474ff2fbabf57030903b2012c577fb048a720,0x8bccc9ba2e5706e24a36dda02ca2a846e39a7bbf
0xf7c1b443968b117b5dd9b755572fcd39ca5ec04b,0x8bccc9ba2e5706e24a36dda02ca2a846e39a7bbf
0xf040befe7cd18137849dbeb89126ef037b432405,0x8bccc9ba2e5706e24a36dda02ca2a846e39a7bbf
0xef9cc57d5d8cfd930d3c034078f27394e365c4da,0x8bccc9ba2e5706e24a36dda02ca2a846e39a7bbf
0x18ec06065afd93736470735e4f4a2855348ea7d4,0x8bccc9ba2e5706e24a36dda02ca2a846e39a7bbf
0x41babf07262b914f91f6d60fa8580fcd5643f2d5,0x8bccc9ba2e5706e24a36dda02ca2a846e39a7bbf
0xc214d5c896f95477b2cf96ee780529c3aaaf9717,0x8bccc9ba2e5706e24a36dda02ca2a846e39a7bbf
0x1e9e4068eb2239e9103a203bc8471328d0bdaea7,0x8bccc9ba2e5706e24a36dda02ca2a846e39a7bbf
0x33581cee233088c0860d944e0cf1ceabb8261c2e,0x8bccc9ba2e5706e24a36dda02ca2a846e39a7bbf
0x1dd00abf83fb08563925c2edcec1059822a0685b,0x8bccc9ba2e5706e24a36dda02ca2a846e39a7bbf
0x7f9c8b2e40574b3a2bf5e7bcba1f625062c15691,0x8bccc9ba2e5706e24a36dda02ca2a846e39a7bbf
0xe0c98896cc578e93df63adda89dfa7264156aeb9,0x8bccc9ba2e5706e24a36dda02ca2a846e39a7bbf
0x59795fccfbe2f166651c6b73d10a7a1522a0ed89,0x8bccc9ba2e5706e24a36dda02ca2a846e39a7bbf
0xcf07fe7f8977ac579d4783b86af1b89606157d12,0x8bccc9ba2e5706e24a36dda02ca2a846e39a7bbf
0x84504483ec11f8d2f27375ddd55cec57538c3fe1,0x8bccc9ba2e5706e24a36dda02ca2a846e39a7bbf
0x566564dfc31e77e7e30f7f993b130cb9f573e099,0x8bccc9ba2e5706e24a36dda02ca2a846e39a7bbf
0x0d8cf12c283838ba18b6a2255ef4ff7f60c33dca,0x8bccc9ba2e5706e24a36dda02ca2a846e39a7bbf
0x6f1f720982af6ec6e6eba43a3806806ce95c0572,0x8bccc9ba2e5706e24a36dda02ca2a846e39a7bbf
0x026f93877aae5c639361bf5ce626a48a6d1bb4e5,0x8bccc9ba2e5706e24a36dda02ca2a846e39a7bbf
0xa9c0edf42ac8017eeb34770dfa2886bd75e71644,0x8bccc9ba2e5706e24a36dda02ca2a846e39a7bbf
0x7b52d30c035d92b44357d805f7066a3742da28b2,0x8bccc9ba2e5706e24a36dda02ca2a846e39a7bbf
0x1045ad5bcf5b68adbb113c9a70cbd019d08e1f46,0x8bccc9ba2e5706e24a36dda02ca2a846e39a7bbf
0x7b2f1aa4b59eacf71fd3f3e89c6b3384e45a7325,0x8bccc9ba2e5706e24a36dda02ca2a846e39a7bbf
0xa85864d43e4cd0d362d14be7680461811ca9b321,0x8bccc9ba2e5706e24a36dda02ca2a846e39a7bbf
0x37fe7a59b22f56ca1e0c30e75c154a0a585cd3d7,0x8bccc9ba2e5706e24a36dda02ca2a846e39a7bbf
0x33d274ed12bcf422e58199bea09b7efb3abe3e77,0x8bccc9ba2e5706e24a36dda02ca2a846e39a7bbf
0x2b5e27087178ff94732e1d528009297c0097a43a,0x8bccc9ba2e5706e24a36dda02ca2a846e39a7bbf
0x4359ff2c6cc2c4e8f7c7a7b7ef6cffce59aab798,0x8bccc9ba2e5706e24a36dda02ca2a846e39a7bbf
0x07f35b7fe735c49fd5051d5a0c2e74c9177fea6d,0x8bccc9ba2e5706e24a36dda02ca2a846e39a7bbf
0x25fd8b2d0a8fb0433dc2d9d561face06ab5de7d0,0x8bccc9ba2e5706e24a36dda02ca2a846e39a7bbf
0x736eec498cb15655654eaac087688fa5a1e133ef,0x8bccc9ba2e5706e24a36dda02ca2a846e39a7bbf
0x4faa058b0f3eeaa5cf7a895c9629cadf2a45cd89,0x8bccc9ba2e5706e24a36dda02ca2a846e39a7bbf
0x9faaa684a25c11351429d44a2785c245c06a368f,0x8bccc9ba2e5706e24a36dda02ca2a846e39a7bbf
0x7c262a8ecdaeb36cd0ef4cec049ae6605a0d1464,0x8bccc9ba2e5706e24a36dda02ca2a846e39a7bbf
0x6cebfb928f09afea77a627fbc716f446b0d2f667,0x8bccc9ba2e5706e24a36dda02ca2a846e39a7bbf
0x484b598a7ea583b25b39072ee4d76923178e13d9,0x8bccc9ba2e5706e24a36dda02ca2a846e39a7bbf
0x8c54268a995cc285e34158d72c3f7d4c3a98db0c,0x8bccc9ba2e5706e24a36dda02ca2a846e39a7bbf
0x2b3cc6c51d690e6ba1a179ff1c8ef96a8255ad0a,0x8bccc9ba2e5706e24a36dda02ca2a846e39a7bbf
0xb8cfa76ec498c6f836bcd786c570841cef171b8b,0x8bccc9ba2e5706e24a36dda02ca2a846e39a7bbf
0xdc83e60f4a055cd80b5384c83f25188ac89d88e6,0x8bccc9ba2e5706e24a36dda02ca2a846e39a7bbf
0x9f1f6da2442f3822a7c70205cbd27ab70aa52fcb,0x8bccc9ba2e5706e24a36dda02ca2a846e39a7bbf
0xdcb3948c4fc559ca860ef13260222ddfd605bf7b,0x8bccc9ba2e5706e24a36dda02ca2a846e39a7bbf
0x80e44b7d6dd515796d62b2017d58be131f43a1ea,0x8bccc9ba2e5706e24a36dda02ca2a846e39a7bbf
0xa5b30add51eb64a009cc84a0f64bc0ac0ed6733d,0x8bccc9ba2e5706e24a36dda02ca2a846e39a7bbf
0x9c7deae64780f97bb98339af4892b67f58dee943,0x8bccc9ba2e5706e24a36dda02ca2a846e39a7bbf
0xcbbfd0ef2d6340d38ee728b745dbb8e1297af911,0x8bccc9ba2e5706e24a36dda02ca2a846e39a7bbf
0xd1ce67fa979093b0173c58ae3fbec9ecc9d84c79,0x8bccc9ba2e5706e24a36dda02ca2a846e39a7bbf
0xfe921e4613e8c92b6a9dbdf0c6c8f27fb651e934,0x8bccc9ba2e5706e24a36dda02ca2a846e39a7bbf
0x6967d528fd582d55627668336b906ec690ac963b,0x8bccc9ba2e5706e24a36dda02ca2a846e39a7bbf
0x4da4dbdb7eb962af6df1d9ddfdbb7e4784271d7f,0x8bccc9ba2e5706e24a36dda02ca2a846e39a7bbf
0xd0d7c568d5bb8ef7bba5d74cb66e8208b1687e0f,0x8bccc9ba2e5706e24a36dda02ca2a846e39a7bbf
0x11b186814dabc39b61b55b751974d9fb0ec5f96b,0x8bccc9ba2e5706e24a36dda02ca2a846e39a7bbf
0x4538ce08d7dfce5fe5bce404f92c4ecf226e67e8,0x8bccc9ba2e5706e24a36dda02ca2a846e39a7bbf
0xc2d408a1409b464f81672f0907a33f2e43f99e1c,0x8bccc9ba2e5706e24a36dda02ca2a846e39a7bbf
0x8b60ff3568685252614dad145d62bae76c3b632f,0x8bccc9ba2e5706e24a36dda02ca2a846e39a7bbf
0x16462b8b2f120a3ee7a5cdf04b635bb2e3b3bf13,0x8bccc9ba2e5706e24a36dda02ca2a846e39a7bbf
0xb2070e3c09ace4466ffe821278d3b83cbd3abab8,0x8bccc9ba2e5706e24a36dda02ca2a846e39a7bbf
0xfa0292cd00e208d1a0d44c67021de61e5289876a,0x8bccc9ba2e5706e24a36dda02ca2a846e39a7bbf
0xfe234c4734dff1c3743ee49d56c35e4f8633254d,0x8bccc9ba2e5706e24a36dda02ca2a846e39a7bbf
0x52c29623eb9808b4e9b07052e5c986ea029978f5,0x8bccc9ba2e5706e24a36dda02ca2a846e39a7bbf
0x9bc19d50c0af144e6ac52a2f2614fe0e991e909c,0x8bccc9ba2e5706e24a36dda02ca2a846e39a7bbf
0x6994fb3231d7e41d491a9d68d1fa4cae2cc15960,0x8bccc9ba2e5706e24a36dda02ca2a846e39a7bbf
0x7ed1e469fcb3ee19c0366d829e291451be638e59,0x8bccc9ba2e5706e24a36dda02ca2a846e39a7bbf
0xde0fb7c61f002da012c61ae9d9388118318fb559,0x8bccc9ba2e5706e24a36dda02ca2a846e39a7bbf
0x129631915a3ca10b9a159a7dc95bde0ba71682d3,0x8bccc9ba2e5706e24a36dda02ca2a846e39a7bbf
0x6745f43d6c490ea01b9155692f8836b61bbd4666,0x8bccc9ba2e5706e24a36dda02ca2a846e39a7bbf
0x77519251c58aecb15e36a35a379a65fa087ac7f7,0x8bccc9ba2e5706e24a36dda02ca2a846e39a7bbf
0x99e6270bba0af87b8e0da0a9808eb5dd26099110,0x8bccc9ba2e5706e24a36dda02ca2a846e39a7bbf
0xf86e6755e89b6d77a20bab5c06889d8c44d23fb9,0x8bccc9ba2e5706e24a36dda02ca2a846e39a7bbf
0xaf0570bf7efaa6ded6edcd2551cd3e5912afd7aa,0x8bccc9ba2e5706e24a36dda02ca2a846e39a7bbf
0xef30b9811ff92090f44c131397dcc61908b80c5e,0x8bccc9ba2e5706e24a36dda02ca2a846e39a7bbf
0x7c262a8ecdaeb36cd0ef4cec049ae6605a0d1464,0x8bccc9ba2e5706e24a36dda02ca2a846e39a7bbf
0xccbd0a848648cfd3ef4ac286d35fb855c9865c89,0x8bccc9ba2e5706e24a36dda02ca2a846e39a7bbf
0x8e8c052472a9ae89774489942d355613374d3fc8,0x8bccc9ba2e5706e24a36dda02ca2a846e39a7bbf
0x5335ed1eddb134362828faaff3d1ee96efa16d60,0x8bccc9ba2e5706e24a36dda02ca2a846e39a7bbf
0x52112c9f4c7bb09eae6f5a77f826ccf7d58b2f4b,0x8bccc9ba2e5706e24a36dda02ca2a846e39a7bbf
0x6745f43d6c490ea01b9155692f8836b61bbd4666,0x8bccc9ba2e5706e24a36dda02ca2a846e39a7bbf
0x0e3fa3d64363a208f3238a986ffabe38bb7e3d60,0x8bccc9ba2e5706e24a36dda02ca2a846e39a7bbf
0x735cd2e79a42bf89ebd477ba2fb02d6b986150b3,0x8bccc9ba2e5706e24a36dda02ca2a846e39a7bbf
0x5335ed1eddb134362828faaff3d1ee96efa16d60,0x8bccc9ba2e5706e24a36dda02ca2a846e39a7bbf
0x293b15249ab42922aadf92f1dd6ba3dac579cb2b,0x8bccc9ba2e5706e24a36dda02ca2a846e39a7bbf
0x33d274ed12bcf422e58199bea09b7efb3abe3e77,0x8bccc9ba2e5706e24a36dda02ca2a846e39a7bbf
0xd517e895219a6b76af455b9f5d9a2424bb0b5ff9,0x8bccc9ba2e5706e24a36dda02ca2a846e39a7bbf
0xf5690bc84b9fc0b030b63ef4c4b4ddbfdd35c85a,0x8bccc9ba2e5706e24a36dda02ca2a846e39a7bbf
0x0011437162e6dc1ec052409484e11ed9042c33c5,0x8bccc9ba2e5706e24a36dda02ca2a846e39a7bbf
0xeafbd0496447667a64c55b00584891c0f92650f3,0x8bccc9ba2e5706e24a36dda02ca2a846e39a7bbf
0x51c70c3545861eee2560b0478d1277249ae9389a,0x8bccc9ba2e5706e24a36dda02ca2a846e39a7bbf
0x0c67e82398fb93f13e2bff07dbbd3eec8c5015b0,0x8bccc9ba2e5706e24a36dda02ca2a846e39a7bbf
0xa9c0edf42ac8017eeb34770dfa2886bd75e71644,0x8bccc9ba2e5706e24a36dda02ca2a846e39a7bbf
0x5a74e9de6d5f43e52ce8f6bae97b42d46f64c55a,0x8bccc9ba2e5706e24a36dda02ca2a846e39a7bbf
0x1e9e4068eb2239e9103a203bc8471328d0bdaea7,0x8bccc9ba2e5706e24a36dda02ca2a846e39a7bbf
0xc29a667c2cb3c1de51a2b6c2936438db27975404,0x8bccc9ba2e5706e24a36dda02ca2a846e39a7bbf
0x4da4dbdb7eb962af6df1d9ddfdbb7e4784271d7f,0x8bccc9ba2e5706e24a36dda02ca2a846e39a7bbf
0xffa71130f64bbfdd612a5f2f920df38004582b2a,0x8bccc9ba2e5706e24a36dda02ca2a846e39a7bbf
0x78fe5bcd624b54a334672767e23aec8c92764d0a,0x8bccc9ba2e5706e24a36dda02ca2a846e39a7bbf
0x8805acb153a64fb6d42a9526e968af473965ef1c,0x8bccc9ba2e5706e24a36dda02ca2a846e39a7bbf
0x736eec498cb15655654eaac087688fa5a1e133ef,0x8bccc9ba2e5706e24a36dda02ca2a846e39a7bbf
0x5b34a5163352ff75f7404dd5659e8cddb675f398,0x8bccc9ba2e5706e24a36dda02ca2a846e39a7bbf
0x045ccd427227bea5234971da717d670bee649cfd,0x8bccc9ba2e5706e24a36dda02ca2a846e39a7bbf
0x4e70dc209a59ba207eb8310e5ef3c570cf880229,0x8bccc9ba2e5706e24a36dda02ca2a846e39a7bbf
0x1e9e4068eb2239e9103a203bc8471328d0bdaea7,0x8bccc9ba2e5706e24a36dda02ca2a846e39a7bbf
0xdadde7becd9d5bfdbb79c4b4d0b031d2c4beee62,0x8bccc9ba2e5706e24a36dda02ca2a846e39a7bbf
0xdd8e570cfab8a2370e7f1eaefc4cd96b8c87015c,0x8bccc9ba2e5706e24a36dda02ca2a846e39a7bbf
0x7c262a8ecdaeb36cd0ef4cec049ae6605a0d1464,0x8bccc9ba2e5706e24a36dda02ca2a846e39a7bbf
0x32be343b94f860124dc4fee278fdcbd38c102d88,0x8bccc9ba2e5706e24a36dda02ca2a846e39a7bbf
0xebbeeb259184a6e01cccfc2207bbd883785ac90a,0x8bccc9ba2e5706e24a36dda02ca2a846e39a7bbf
0x52c29623eb9808b4e9b07052e5c986ea029978f5,0x8bccc9ba2e5706e24a36dda02ca2a846e39a7bbf
0x4da4dbdb7eb962af6df1d9ddfdbb7e4784271d7f,0x8bccc9ba2e5706e24a36dda02ca2a846e39a7bbf
0x149584a041594e9cb5e73154baae1e4546d27f32,0x8bccc9ba2e5706e24a36dda02ca2a846e39a7bbf
0x76895a6bbac9908b2d5ca1e1dfcc47cda9908ab5,0x8bccc9ba2e5706e24a36dda02ca2a846e39a7bbf
0x7ed1e469fcb3ee19c0366d829e291451be638e59,0x8bccc9ba2e5706e24a36dda02ca2a846e39a7bbf
0x4d536f041cdcab2538fc6274128d3eaae76e6938,0x8bccc9ba2e5706e24a36dda02ca2a846e39a7bbf
0xde0fb7c61f002da012c61ae9d9388118318fb559,0x8bccc9ba2e5706e24a36dda02ca2a846e39a7bbf
0xc3a561e32acab3f5a37daede7308033548fc97e1,0x8bccc9ba2e5706e24a36dda02ca2a846e39a7bbf
0x2e2f2b688ec2fcb48742df66f436c5ec5aa425b3,0x8bccc9ba2e5706e24a36dda02ca2a846e39a7bbf
0x41babf07262b914f91f6d60fa8580fcd5643f2d5,0x8bccc9ba2e5706e24a36dda02ca2a846e39a7bbf
0x1e9e4068eb2239e9103a203bc8471328d0bdaea7,0x8bccc9ba2e5706e24a36dda02ca2a846e39a7bbf
0x3828104cb3d7a22c08f0439fac16b82931630425,0x8bccc9ba2e5706e24a36dda02ca2a846e39a7bbf
0x7ec53805717b353b573e4d110cc7c5102605eee2,0x8bccc9ba2e5706e24a36dda02ca2a846e39a7bbf
0xfa0292cd00e208d1a0d44c67021de61e5289876a,0x8bccc9ba2e5706e24a36dda02ca2a846e39a7bbf
0x5d4c3433f086b5539dd2621a35a914e801a03e94,0x8bccc9ba2e5706e24a36dda02ca2a846e39a7bbf
0x4ecb2ad57322ae37160ef62cf0d57294d8437a8a,0x8bccc9ba2e5706e24a36dda02ca2a846e39a7bbf
0x7ed1e469fcb3ee19c0366d829e291451be638e59,0x8bccc9ba2e5706e24a36dda02ca2a846e39a7bbf
0xf7d87993914bdefaa204b5d813d80af24a1c5b09,0x8bccc9ba2e5706e24a36dda02ca2a846e39a7bbf
0xcd68762eb52324f4d83040e2c85d8aea51ec0d31,0x8bccc9ba2e5706e24a36dda02ca2a846e39a7bbf
0xaf3091294cfdbc0549ce28b7858691121ec5cfae,0x8bccc9ba2e5706e24a36dda02ca2a846e39a7bbf
0xb89c45149f6a976b6124503ab573f95ac31cab24,0x8bccc9ba2e5706e24a36dda02ca2a846e39a7bbf
0x51b7c915795b28542240d0ff405fc640fd0378ab,0x8bccc9ba2e5706e24a36dda02ca2a846e39a7bbf
0x7d62966f0e65ffec1749ff348dbe900567733aed,0x8bccc9ba2e5706e24a36dda02ca2a846e39a7bbf
0x8805acb153a64fb6d42a9526e968af473965ef1c,0x8bccc9ba2e5706e24a36dda02ca2a846e39a7bbf
0xec0f2eef9dbc45e56cdf106b06e81db7b96c7aa5,0x8bccc9ba2e5706e24a36dda02ca2a846e39a7bbf
0x0357d3e0a6268db4f42b05d47892c87cc9fab9b6,0x8bccc9ba2e5706e24a36dda02ca2a846e39a7bbf
0xd10c7abc7dd0e2cc30a6eda9a2fc868cb244c8b9,0x8bccc9ba2e5706e24a36dda02ca2a846e39a7bbf
0x1dd00abf83fb08563925c2edcec1059822a0685b,0x8bccc9ba2e5706e24a36dda02ca2a846e39a7bbf
0x1e9e4068eb2239e9103a203bc8471328d0bdaea7,0x8bccc9ba2e5706e24a36dda02ca2a846e39a7bbf
0x273e8d3411fbba5be32b20b1fa975607888f5dcb,0x8bccc9ba2e5706e24a36dda02ca2a846e39a7bbf
0x16d1d7cfcc38f419584d573e3e7b3a04b2840e1e,0x8bccc9ba2e5706e24a36dda02ca2a846e39a7bbf
0xcd8ab9e16c1c4722668bb064660993bf678bb45d,0x8bccc9ba2e5706e24a36dda02ca2a846e39a7bbf
0x4faa058b0f3eeaa5cf7a895c9629cadf2a45cd89,0x8bccc9ba2e5706e24a36dda02ca2a846e39a7bbf
0x883839128edd0a855598f08575c4b98404e0d559,0x8bccc9ba2e5706e24a36dda02ca2a846e39a7bbf
0xb718023f1b26dce77a82c6db948764be3d47b154,0x8bccc9ba2e5706e24a36dda02ca2a846e39a7bbf
0xfa0292cd00e208d1a0d44c67021de61e5289876a,0x8bccc9ba2e5706e24a36dda02ca2a846e39a7bbf
0x1e9e4068eb2239e9103a203bc8471328d0bdaea7,0x8bccc9ba2e5706e24a36dda02ca2a846e39a7bbf
0xc76bff71f98eb513cc832372a1dfd17ccd0d0d19,0x8bccc9ba2e5706e24a36dda02ca2a846e39a7bbf
0x883839128edd0a855598f08575c4b98404e0d559,0x8bccc9ba2e5706e24a36dda02ca2a846e39a7bbf
0xb71d05cf5cdf7a9b15b20b9aab5e91332c271c96,0x8bccc9ba2e5706e24a36dda02ca2a846e39a7bbf
0xebbeeb259184a6e01cccfc2207bbd883785ac90a,0x8bccc9ba2e5706e24a36dda02ca2a846e39a7bbf
0x7543a0b6d278618e9ec3cf4a376905a224c51291,0x8bccc9ba2e5706e24a36dda02ca2a846e39a7bbf
0xa5735b1d96b14c0a9428735b8eed65179bc73c6c,0x8bccc9ba2e5706e24a36dda02ca2a846e39a7bbf
0xfb6410ddca5e5d699c5073622f9f9da65ffa462e,0x8bccc9ba2e5706e24a36dda02ca2a846e39a7bbf
0x6934d7f82b6d57b630bae786c10a8651c639f7d7,0x8bccc9ba2e5706e24a36dda02ca2a846e39a7bbf
0x484b598a7ea583b25b39072ee4d76923178e13d9,0x8bccc9ba2e5706e24a36dda02ca2a846e39a7bbf
0x149584a041594e9cb5e73154baae1e4546d27f32,0x8bccc9ba2e5706e24a36dda02ca2a846e39a7bbf
0x4538ce08d7dfce5fe5bce404f92c4ecf226e67e8,0x8bccc9ba2e5706e24a36dda02ca2a846e39a7bbf
0xc2d408a1409b464f81672f0907a33f2e43f99e1c,0x8bccc9ba2e5706e24a36dda02ca2a846e39a7bbf
0x314b5c6eaa3372eb34a85c45a311f43d4f5c6fbd,0x8bccc9ba2e5706e24a36dda02ca2a846e39a7bbf
0xc76bff71f98eb513cc832372a1dfd17ccd0d0d19,0x8bccc9ba2e5706e24a36dda02ca2a846e39a7bbf
0xc76bff71f98eb513cc832372a1dfd17ccd0d0d19,0x8bccc9ba2e5706e24a36dda02ca2a846e39a7bbf
0xa425f585f263d7fe2891bf08b9faf9886108120a,0x8bccc9ba2e5706e24a36dda02ca2a846e39a7bbf
0xf215e09f3f08c00111c0184fbad0fb9ddcc5975b,0x8bccc9ba2e5706e24a36dda02ca2a846e39a7bbf
0x6994fb3231d7e41d491a9d68d1fa4cae2cc15960,0x8bccc9ba2e5706e24a36dda02ca2a846e39a7bbf
0x7ec53805717b353b573e4d110cc7c5102605eee2,0x8bccc9ba2e5706e24a36dda02ca2a846e39a7bbf
0x48654226c94881e159d0cb35f29edfd16bc1247c,0x8bccc9ba2e5706e24a36dda02ca2a846e39a7bbf
0xc113cc02adab346e184228b9ab7c3f72d8195e2d,0x8bccc9ba2e5706e24a36dda02ca2a846e39a7bbf
0x40202da161217325c5d38fd9e44f172faf4c234c,0x8bccc9ba2e5706e24a36dda02ca2a846e39a7bbf
0x0073ebaa408f7483817b99f482796b5633d5e4f8,0x8bccc9ba2e5706e24a36dda02ca2a846e39a7bbf
0x5f257d2d8d12db64574a5548e16f9f10dc0aa5a7,0x8bccc9ba2e5706e24a36dda02ca2a846e39a7bbf
0x484b598a7ea583b25b39072ee4d76923178e13d9,0x8bccc9ba2e5706e24a36dda02ca2a846e39a7bbf
0x4ca914dbd46d5c77ed4049922524d8ca8d0547c3,0x8bccc9ba2e5706e24a36dda02ca2a846e39a7bbf
0xc6453f0d032af740477372a66443739223b486e3,0x8bccc9ba2e5706e24a36dda02ca2a846e39a7bbf
0xeafbd0496447667a64c55b00584891c0f92650f3,0x8bccc9ba2e5706e24a36dda02ca2a846e39a7bbf
0x4d536f041cdcab2538fc6274128d3eaae76e6938,0x8bccc9ba2e5706e24a36dda02ca2a846e39a7bbf
0xd87c80704d6b871868bd6c3eb9390d0d133cc0c5,0x8bccc9ba2e5706e24a36dda02ca2a846e39a7bbf
0x6994fb3231d7e41d491a9d68d1fa4cae2cc15960,0x8bccc9ba2e5706e24a36dda02ca2a846e39a7bbf
0xf7c1b443968b117b5dd9b755572fcd39ca5ec04b,0x8bccc9ba2e5706e24a36dda02ca2a846e39a7bbf
0xfe234c4734dff1c3743ee49d56c35e4f8633254d,0x8bccc9ba2e5706e24a36dda02ca2a846e39a7bbf
0x883839128edd0a855598f08575c4b98404e0d559,0x8bccc9ba2e5706e24a36dda02ca2a846e39a7bbf
0xac1636074cb63ac97abc6c773ca66f7a98b7b4b4,0x8bccc9ba2e5706e24a36dda02ca2a846e39a7bbf
0x3a7978a20c74aa5d0dac54eb0bb693754c2f0835,0x8bccc9ba2e5706e24a36dda02ca2a846e39a7bbf
0x2b4671c1b8562956022ab1311e9a7208838fd847,0x8bccc9ba2e5706e24a36dda02ca2a846e39a7bbf
0xc2d408a1409b464f81672f0907a33f2e43f99e1c,0x8bccc9ba2e5706e24a36dda02ca2a846e39a7bbf
0x0548a709629d36424631bf841b43111833c6d013,0x8bccc9ba2e5706e24a36dda02ca2a846e39a7bbf
0x2afa222963e2c286fd59e7e251a3aea0537b4ded,0x8bccc9ba2e5706e24a36dda02ca2a846e39a7bbf
0xf89c564e058a4be828b0f4e86f7926c6f2e2f3ea,0x8bccc9ba2e5706e24a36dda02ca2a846e39a7bbf
0x66e369a3a9c3678e3e4d05ef6a9886181c9a2c5b,0x8bccc9ba2e5706e24a36dda02ca2a846e39a7bbf
0xcfa4ed7814abd279d3b31a1a28822fa50c3c3875,0x8bccc9ba2e5706e24a36dda02ca2a846e39a7bbf
0x4174056fb5d6e09c5410e744b2865ddbc86b9d76,0x8bccc9ba2e5706e24a36dda02ca2a846e39a7bbf
0xb8fa22a3bef307d776594c10bd421b15a87074e3,0x8bccc9ba2e5706e24a36dda02ca2a846e39a7bbf
0xac1636074cb63ac97abc6c773ca66f7a98b7b4b4,0x8bccc9ba2e5706e24a36dda02ca2a846e39a7bbf
0x9fe1d32e40874e6ab17ce8341c72b6c0d8bf6329,0x8bccc9ba2e5706e24a36dda02ca2a846e39a7bbf
0x949f84f0b1d7c4a7cf49ee7f8b2c4a134de32878,0x8bccc9ba2e5706e24a36dda02ca2a846e39a7bbf
0x0548a709629d36424631bf841b43111833c6d013,0x8bccc9ba2e5706e24a36dda02ca2a846e39a7bbf
0x3828104cb3d7a22c08f0439fac16b82931630425,0x8bccc9ba2e5706e24a36dda02ca2a846e39a7bbf
0x4d536f041cdcab2538fc6274128d3eaae76e6938,0x8bccc9ba2e5706e24a36dda02ca2a846e39a7bbf
0xd87c80704d6b871868bd6c3eb9390d0d133cc0c5,0x8bccc9ba2e5706e24a36dda02ca2a846e39a7bbf
0xaf3091294cfdbc0549ce28b7858691121ec5cfae,0x8bccc9ba2e5706e24a36dda02ca2a846e39a7bbf
0x7195e827ba37adc2f07cab25cefe275a664979b7,0x8bccc9ba2e5706e24a36dda02ca2a846e39a7bbf
0xe933b93898c9688ecb77949907c9437190be650a,0x8bccc9ba2e5706e24a36dda02ca2a846e39a7bbf
0x3828104cb3d7a22c08f0439fac16b82931630425,0x8bccc9ba2e5706e24a36dda02ca2a846e39a7bbf
0x331d91d83ea4da4770d2f13daf58e8ce93db5a0f,0x8bccc9ba2e5706e24a36dda02ca2a846e39a7bbf
0xfefa45a545fad6cd043506e4e528761cd92a1a85,0x8bccc9ba2e5706e24a36dda02ca2a846e39a7bbf
0x0ef76ebef3595be5e487594dfbf314edbd2a732a,0x8bccc9ba2e5706e24a36dda02ca2a846e39a7bbf
0xed3b0dc83646dc3359eb85e09afcf0569e91ebfc,0x8bccc9ba2e5706e24a36dda02ca2a846e39a7bbf
0x0ef76ebef3595be5e487594dfbf314edbd2a732a,0x8bccc9ba2e5706e24a36dda02ca2a846e39a7bbf
0x8805acb153a64fb6d42a9526e968af473965ef1c,0x8bccc9ba2e5706e24a36dda02ca2a846e39a7bbf
0xc113cc02adab346e184228b9ab7c3f72d8195e2d,0x8bccc9ba2e5706e24a36dda02ca2a846e39a7bbf
0xcd68762eb52324f4d83040e2c85d8aea51ec0d31,0x8bccc9ba2e5706e24a36dda02ca2a846e39a7bbf
0x4ea888bb919df69d82f794012dc94106992b5e7d,0x8bccc9ba2e5706e24a36dda02ca2a846e39a7bbf
0xb8df2a2b9abd8e1b32b6817c59762ddaf33a6f27,0x8bccc9ba2e5706e24a36dda02ca2a846e39a7bbf
0xb8df2a2b9abd8e1b32b6817c59762ddaf33a6f27,0x8bccc9ba2e5706e24a36dda02ca2a846e39a7bbf
0xb8df2a2b9abd8e1b32b6817c59762ddaf33a6f27,0x8bccc9ba2e5706e24a36dda02ca2a846e39a7bbf
0xb8df2a2b9abd8e1b32b6817c59762ddaf33a6f27,0x8bccc9ba2e5706e24a36dda02ca2a846e39a7bbf
0xfb6410ddca5e5d699c5073622f9f9da65ffa462e,0x8bccc9ba2e5706e24a36dda02ca2a846e39a7bbf
0x41e6ecf717d63e6e07f9eb7f43d860cdf44702df,0x8bccc9ba2e5706e24a36dda02ca2a846e39a7bbf
0x20698160d331588b62a89d4e3584ce2f7147af60,0x8bccc9ba2e5706e24a36dda02ca2a846e39a7bbf
0xcd68762eb52324f4d83040e2c85d8aea51ec0d31,0x8bccc9ba2e5706e24a36dda02ca2a846e39a7bbf
0x788fe173241a48428a9134e742d96837741849c3,0x8bccc9ba2e5706e24a36dda02ca2a846e39a7bbf
0xc8e99360d5b672d66610b0db0807611fe954ccf9,0x8bccc9ba2e5706e24a36dda02ca2a846e39a7bbf
0x2878322677f024aa82c6d2334f17c99de8c0af59,0x8bccc9ba2e5706e24a36dda02ca2a846e39a7bbf
0xf07c25f4d81ab1fd0b0badf47ab2e5057bb146ba,0x8bccc9ba2e5706e24a36dda02ca2a846e39a7bbf
0xac9a5acc85ddcebc4e67eb66f9cfd0debd09dd7f,0x8bccc9ba2e5706e24a36dda02ca2a846e39a7bbf
0x4b3427d1de9188e3ba9f426894f037f4eab989d8,0x8bccc9ba2e5706e24a36dda02ca2a846e39a7bbf
0x8ad8ccbbb343aeceb1c1fcb537b453356050c028,0x8bccc9ba2e5706e24a36dda02ca2a846e39a7bbf
0x0cd5f8efc718d756e42eae44b92bd4c834eeb5cc,0x8bccc9ba2e5706e24a36dda02ca2a846e39a7bbf
0x5b345628c40a42bb7baeec062508cc43144f2377,0x8bccc9ba2e5706e24a36dda02ca2a846e39a7bbf
0x1fd6267f0d86f62d88172b998390afee2a1f54b6,0x8bccc9ba2e5706e24a36dda02ca2a846e39a7bbf
0xfefa45a545fad6cd043506e4e528761cd92a1a85,0x8bccc9ba2e5706e24a36dda02ca2a846e39a7bbf
0x00317cd2da2044840b1ebe775c676530a7c65ba3,0x8bccc9ba2e5706e24a36dda02ca2a846e39a7bbf
0x31b167f23f31c0cff575b8c06327db87933e9ecc,0x8bccc9ba2e5706e24a36dda02ca2a846e39a7bbf
0x47ca58f50bef0fedeb347279a309d0bbaea8df3d,0x8bccc9ba2e5706e24a36dda02ca2a846e39a7bbf
0x86e7e3316b034a30fa60af142bf45c7cc6f2bfef,0x8bccc9ba2e5706e24a36dda02ca2a846e39a7bbf
0xfefa45a545fad6cd043506e4e528761cd92a1a85,0x8bccc9ba2e5706e24a36dda02ca2a846e39a7bbf
0x4174056fb5d6e09c5410e744b2865ddbc86b9d76,0x8bccc9ba2e5706e24a36dda02ca2a846e39a7bbf
0x58edf6e6b1765d094219e6b535595bb6f5a200b9,0x8bccc9ba2e5706e24a36dda02ca2a846e39a7bbf
0xfefa45a545fad6cd043506e4e528761cd92a1a85,0x8bccc9ba2e5706e24a36dda02ca2a846e39a7bbf
0xfefa45a545fad6cd043506e4e528761cd92a1a85,0x8bccc9ba2e5706e24a36dda02ca2a846e39a7bbf
0x525584caaaf605289779b9d5076a47091fff4ff5,0x8bccc9ba2e5706e24a36dda02ca2a846e39a7bbf
0x2c2bb98dde239c868a36b874cdba1afbb9bb920e,0x8bccc9ba2e5706e24a36dda02ca2a846e39a7bbf
0xa08949ccaa0d8dcaf951611b95d58e74edf2ec1e,0x8bccc9ba2e5706e24a36dda02ca2a846e39a7bbf
0x314b5c6eaa3372eb34a85c45a311f43d4f5c6fbd,0x8bccc9ba2e5706e24a36dda02ca2a846e39a7bbf
0x31b167f23f31c0cff575b8c06327db87933e9ecc,0x8bccc9ba2e5706e24a36dda02ca2a846e39a7bbf
0x24438b0577904542c71a5eb703deba1a88cae04d,0x8bccc9ba2e5706e24a36dda02ca2a846e39a7bbf
0x122027019c23559a150d89465e97f89d9ccb1d97,0x8bccc9ba2e5706e24a36dda02ca2a846e39a7bbf
0x3aa7de8b782c56e9d8c500614e03dab484d74547,0x8bccc9ba2e5706e24a36dda02ca2a846e39a7bbf
0x24f16695724cde9a472ab20b187f12cc802e8e48,0x8bccc9ba2e5706e24a36dda02ca2a846e39a7bbf
0xe933b93898c9688ecb77949907c9437190be650a,0x8bccc9ba2e5706e24a36dda02ca2a846e39a7bbf
0x8b60ff3568685252614dad145d62bae76c3b632f,0x8bccc9ba2e5706e24a36dda02ca2a846e39a7bbf
0x7c262a8ecdaeb36cd0ef4cec049ae6605a0d1464,0x8bccc9ba2e5706e24a36dda02ca2a846e39a7bbf
0xfdd8565ab38d492e23fd179972c09fa70a747626,0x8bccc9ba2e5706e24a36dda02ca2a846e39a7bbf
0x7d62966f0e65ffec1749ff348dbe900567733aed,0x8bccc9ba2e5706e24a36dda02ca2a846e39a7bbf
0x6934d7f82b6d57b630bae786c10a8651c639f7d7,0x8bccc9ba2e5706e24a36dda02ca2a846e39a7bbf
0xfdd8565ab38d492e23fd179972c09fa70a747626,0x8bccc9ba2e5706e24a36dda02ca2a846e39a7bbf
0x76dbc025eae1ee7e2e261bbfda5bce327eabde45,0x8bccc9ba2e5706e24a36dda02ca2a846e39a7bbf
0xc6015157c6d74d6dc292a84f6eb16e3e9c54ddf3,0x8bccc9ba2e5706e24a36dda02ca2a846e39a7bbf
0xd208aff7472557d1aef8b1a76486c55598905656,0x8bccc9ba2e5706e24a36dda02ca2a846e39a7bbf
0xb628928f46890b7e6dac0dfef7df9efbfe8f497c,0x8bccc9ba2e5706e24a36dda02ca2a846e39a7bbf
0x7c262a8ecdaeb36cd0ef4cec049ae6605a0d1464,0x8bccc9ba2e5706e24a36dda02ca2a846e39a7bbf
0xb628928f46890b7e6dac0dfef7df9efbfe8f497c,0x8bccc9ba2e5706e24a36dda02ca2a846e39a7bbf
0x00317cd2da2044840b1ebe775c676530a7c65ba3,0x8bccc9ba2e5706e24a36dda02ca2a846e39a7bbf
0xc6015157c6d74d6dc292a84f6eb16e3e9c54ddf3,0x8bccc9ba2e5706e24a36dda02ca2a846e39a7bbf
0xdd8e570cfab8a2370e7f1eaefc4cd96b8c87015c,0x8bccc9ba2e5706e24a36dda02ca2a846e39a7bbf
0x006bf8fffa0e1b3cd01aa319634c7c5d5aee2390,0x8bccc9ba2e5706e24a36dda02ca2a846e39a7bbf
0xe933b93898c9688ecb77949907c9437190be650a,0x8bccc9ba2e5706e24a36dda02ca2a846e39a7bbf
0x44a1785e273c7c0342bd6ef2caa47fb0a8299cbb,0x8bccc9ba2e5706e24a36dda02ca2a846e39a7bbf
0xb628928f46890b7e6dac0dfef7df9efbfe8f497c,0x8bccc9ba2e5706e24a36dda02ca2a846e39a7bbf
0x1a6d6a64733a0aaddbbf2b63e8cb0f6f71397a66,0x8bccc9ba2e5706e24a36dda02ca2a846e39a7bbf
0xfadfa8f0ee859939d7fe68474687510590cbd97a,0x8bccc9ba2e5706e24a36dda02ca2a846e39a7bbf
0x591bca9e9fe2af5ed5eea92e737e35b4999193eb,0x8bccc9ba2e5706e24a36dda02ca2a846e39a7bbf
0xbcee238d154c6352f6e7978d33470618f69b81ff,0x8bccc9ba2e5706e24a36dda02ca2a846e39a7bbf
0xf8c41fce8460a392d22f441835e653d2f9fa8caa,0x8bccc9ba2e5706e24a36dda02ca2a846e39a7bbf
0xf68b1948b3637903cb43cf9807d4ca11b48d1845,0x8bccc9ba2e5706e24a36dda02ca2a846e39a7bbf
0xc2d408a1409b464f81672f0907a33f2e43f99e1c,0x8bccc9ba2e5706e24a36dda02ca2a846e39a7bbf
0xe045a076a77ab28157e88d1cffd12053f799ec44,0x8bccc9ba2e5706e24a36dda02ca2a846e39a7bbf
0x460d35a3eb7be555059ac3c3b2e19c9a789c3534,0x8bccc9ba2e5706e24a36dda02ca2a846e39a7bbf
0xe045a076a77ab28157e88d1cffd12053f799ec44,0x8bccc9ba2e5706e24a36dda02ca2a846e39a7bbf
0x7d588bf3940a8f8bf316c69ac1477145f85e42b8,0x8bccc9ba2e5706e24a36dda02ca2a846e39a7bbf
0x52a85d54fbca7e5528b805bd57fe4d702bc28035,0x8bccc9ba2e5706e24a36dda02ca2a846e39a7bbf
0x449428ec162cff562ffc18d006b3c84c35a16643,0x8bccc9ba2e5706e24a36dda02ca2a846e39a7bbf
0x7d588bf3940a8f8bf316c69ac1477145f85e42b8,0x8bccc9ba2e5706e24a36dda02ca2a846e39a7bbf
0xb009c42ed4c5f778da8fe11d967a25c39dbcbd74,0x8bccc9ba2e5706e24a36dda02ca2a846e39a7bbf
0xc2d408a1409b464f81672f0907a33f2e43f99e1c,0x8bccc9ba2e5706e24a36dda02ca2a846e39a7bbf
0x6fca53f9afdd2ed0cae4a6181e97d61637a3ed5c,0x8bccc9ba2e5706e24a36dda02ca2a846e39a7bbf
0xfb7541b40912c704fc1b4b12a969990691a5d87b,0x8bccc9ba2e5706e24a36dda02ca2a846e39a7bbf
0xa665cc4dc31ae3f812dcd3756dbb65a15aaff1fa,0x8bccc9ba2e5706e24a36dda02ca2a846e39a7bbf
0x94e3f7017a0b9a5bdd5a8979e3c409d1f8629960,0x8bccc9ba2e5706e24a36dda02ca2a846e39a7bbf
0xb009c42ed4c5f778da8fe11d967a25c39dbcbd74,0x8bccc9ba2e5706e24a36dda02ca2a846e39a7bbf
0x5fa3f64d3d18c5a070bc8ac58ba2a52ae43e7442,0x8bccc9ba2e5706e24a36dda02ca2a846e39a7bbf
0xc7549fb8e011661828f708223de979e083f2a4f0,0x8bccc9ba2e5706e24a36dda02ca2a846e39a7bbf
0x4ebc706ab4f066f241b7026f7a8645389f18df0c,0x8bccc9ba2e5706e24a36dda02ca2a846e39a7bbf
0x8c54268a995cc285e34158d72c3f7d4c3a98db0c,0x8bccc9ba2e5706e24a36dda02ca2a846e39a7bbf
0xd57a4a20e73c86653340caccb7322b282ddb4968,0x8bccc9ba2e5706e24a36dda02ca2a846e39a7bbf
0xcf357b8acef41eb01029beba69091398f3df4df4,0x8bccc9ba2e5706e24a36dda02ca2a846e39a7bbf
0x848d4791016ba03801a7938647e919c8b5d6dcbd,0x8bccc9ba2e5706e24a36dda02ca2a846e39a7bbf
0xf4a2583d2afe974679f11064004c656637b50917,0x8bccc9ba2e5706e24a36dda02ca2a846e39a7bbf
0x42b7dec83f4dfdaa70416d7a7e1951ad8e6e7847,0x8bccc9ba2e5706e24a36dda02ca2a846e39a7bbf
0x6fca53f9afdd2ed0cae4a6181e97d61637a3ed5c,0x8bccc9ba2e5706e24a36dda02ca2a846e39a7bbf
0xb74b20351ca2732f0f72a4708e3e88732bf95380,0x8bccc9ba2e5706e24a36dda02ca2a846e39a7bbf
0x57f33b02f9e35eb692985e258740b1fff228e28c,0x8bccc9ba2e5706e24a36dda02ca2a846e39a7bbf
0x97b91efe7350c2d57e7e406bab18f3617bcde14a,0x8bccc9ba2e5706e24a36dda02ca2a846e39a7bbf
0x88fccd2564750e38e15a243868b2631031c2b8e3,0x8bccc9ba2e5706e24a36dda02ca2a846e39a7bbf
0xcf357b8acef41eb01029beba69091398f3df4df4,0x8bccc9ba2e5706e24a36dda02ca2a846e39a7bbf
0xf9890a3f31afe160d7174aaadb51197b47b3e96a,0x8bccc9ba2e5706e24a36dda02ca2a846e39a7bbf
0xfefe078ace0cfde21043be8f08e30284bf665152,0x8bccc9ba2e5706e24a36dda02ca2a846e39a7bbf
0x045ccd427227bea5234971da717d670bee649cfd,0x8bccc9ba2e5706e24a36dda02ca2a846e39a7bbf
0x2c2bb98dde239c868a36b874cdba1afbb9bb920e,0x8bccc9ba2e5706e24a36dda02ca2a846e39a7bbf
0xdff0989a7aa5e5ce9beb83830b2b3e44d399a2e3,0x8bccc9ba2e5706e24a36dda02ca2a846e39a7bbf
0x6fca53f9afdd2ed0cae4a6181e97d61637a3ed5c,0x8bccc9ba2e5706e24a36dda02ca2a846e39a7bbf
0xcbbd48e59eaca6bb21ae42d8b2a864cb24565526,0x8bccc9ba2e5706e24a36dda02ca2a846e39a7bbf
0xcdb9359a9c94512e218c25584921a542dccfdab8,0x8bccc9ba2e5706e24a36dda02ca2a846e39a7bbf
0xf9890a3f31afe160d7174aaadb51197b47b3e96a,0x8bccc9ba2e5706e24a36dda02ca2a846e39a7bbf
0xd50c695f6f75481d7a81c0e8c114b6ec9336b5ec,0x8bccc9ba2e5706e24a36dda02ca2a846e39a7bbf
0x7c07453e52dc9397f69cc13cb607238923c4d966,0x8bccc9ba2e5706e24a36dda02ca2a846e39a7bbf
0x8a5ab552faa34c0de36a156c025cedaf78021252,0x8bccc9ba2e5706e24a36dda02ca2a846e39a7bbf
0x1a36d11b5054ec15f7026b2b44121a3a936ff19f,0x8bccc9ba2e5706e24a36dda02ca2a846e39a7bbf
0xdff0989a7aa5e5ce9beb83830b2b3e44d399a2e3,0x8bccc9ba2e5706e24a36dda02ca2a846e39a7bbf
0x8138a9d696b3032c288c7ce171e21a19c5f4237a,0x8bccc9ba2e5706e24a36dda02ca2a846e39a7bbf
0x71b0620c5a50ebce440a5be6dd163329cd5445cb,0x8bccc9ba2e5706e24a36dda02ca2a846e39a7bbf
0x806ede2810cd0f00c83566dbf149f900fe502fc4,0x8bccc9ba2e5706e24a36dda02ca2a846e39a7bbf
0xe777000c1e482fd9c2c4a41bb870025f62b30592,0x8bccc9ba2e5706e24a36dda02ca2a846e39a7bbf
0xd50c695f6f75481d7a81c0e8c114b6ec9336b5ec,0x8bccc9ba2e5706e24a36dda02ca2a846e39a7bbf
0xcc035f783bcbf614137aab20dc0d41b510ed679d,0x8bccc9ba2e5706e24a36dda02ca2a846e39a7bbf
0x71b0620c5a50ebce440a5be6dd163329cd5445cb,0x8bccc9ba2e5706e24a36dda02ca2a846e39a7bbf
0xd66f70221877b2b4ca138dc0854113188ba5c112,0x8bccc9ba2e5706e24a36dda02ca2a846e39a7bbf
0x8680d0f89d2cb513569bc05a48c3bd0044c38540,0x8bccc9ba2e5706e24a36dda02ca2a846e39a7bbf
0xb3e24ee61b204e4614cfedd7808c8aee59fa6d63,0x8bccc9ba2e5706e24a36dda02ca2a846e39a7bbf
0xffe0d5fe36087896ae8442e47dbd3fc20f52c5ee,0x8bccc9ba2e5706e24a36dda02ca2a846e39a7bbf
0xd66f70221877b2b4ca138dc0854113188ba5c112,0x8bccc9ba2e5706e24a36dda02ca2a846e39a7bbf
0xa82284cf55b66bb41d4606b08496acf0115c37e7,0x8bccc9ba2e5706e24a36dda02ca2a846e39a7bbf
0xdff0989a7aa5e5ce9beb83830b2b3e44d399a2e3,0x8bccc9ba2e5706e24a36dda02ca2a846e39a7bbf
0x12f214cecf16427630140548d7952860c46eb296,0x8bccc9ba2e5706e24a36dda02ca2a846e39a7bbf
0xcade10f58566dc1f18a4b6ba1c39a40e6015450a,0x8bccc9ba2e5706e24a36dda02ca2a846e39a7bbf
0x59183ca25ecf166a6283f963b17ee2bc877d1b12,0x8bccc9ba2e5706e24a36dda02ca2a846e39a7bbf
0xcade10f58566dc1f18a4b6ba1c39a40e6015450a,0x8bccc9ba2e5706e24a36dda02ca2a846e39a7bbf
0x1bbdbc6ce09dabcb63b180a6fda124d4e1029f14,0x8bccc9ba2e5706e24a36dda02ca2a846e39a7bbf
0x7a89a685d4f5a205850f63e80291972de0a4d8f1,0x8bccc9ba2e5706e24a36dda02ca2a846e39a7bbf
0xb425c25a09400a2ea9d7a91098a40dd1ee358e70,0x8bccc9ba2e5706e24a36dda02ca2a846e39a7bbf
0xe1101520417e80e2011bb357d95b428445ab356c,0x8bccc9ba2e5706e24a36dda02ca2a846e39a7bbf
0xfe24a915c6c79afef066140bbf1c5527b6a9ddaf,0x8bccc9ba2e5706e24a36dda02ca2a846e39a7bbf
0x422c42eb5a4f6fb272fa481342ef437be5b07d42,0x8bccc9ba2e5706e24a36dda02ca2a846e39a7bbf
0x883a15a7fdf813f868149c81eb2f69c632cdf3b7,0x8bccc9ba2e5706e24a36dda02ca2a846e39a7bbf
0x1fd6267f0d86f62d88172b998390afee2a1f54b6,0x8bccc9ba2e5706e24a36dda02ca2a846e39a7bbf
0xb71d05cf5cdf7a9b15b20b9aab5e91332c271c96,0x8bccc9ba2e5706e24a36dda02ca2a846e39a7bbf
0xb425c25a09400a2ea9d7a91098a40dd1ee358e70,0x8bccc9ba2e5706e24a36dda02ca2a846e39a7bbf
0x36d81f643f4d962c68bdd14f7488397029e17d69,0x8bccc9ba2e5706e24a36dda02ca2a846e39a7bbf
0xf9890a3f31afe160d7174aaadb51197b47b3e96a,0x8bccc9ba2e5706e24a36dda02ca2a846e39a7bbf
0x2dc117ac34fb90a9e341c6c8b40c56b724cc95b0,0x8bccc9ba2e5706e24a36dda02ca2a846e39a7bbf
0x3b015942a9f81a04111b8828e1335e3a78ede5a7,0x8bccc9ba2e5706e24a36dda02ca2a846e39a7bbf
0x1061b225d1e37e8952dc044657c25dc1c91ac7c9,0x8bccc9ba2e5706e24a36dda02ca2a846e39a7bbf
0x10e6c0177cb476f72d38590db2ff2ca048c3ce64,0x8bccc9ba2e5706e24a36dda02ca2a846e39a7bbf
0x1a36d11b5054ec15f7026b2b44121a3a936ff19f,0x8bccc9ba2e5706e24a36dda02ca2a846e39a7bbf
0x28c8c8d6f50f46b15f38ac76e84d047aa87bca6c,0x8bccc9ba2e5706e24a36dda02ca2a846e39a7bbf
0xdd9fb5e51e5a52b9400d1352c4181a76069bce46,0x8bccc9ba2e5706e24a36dda02ca2a846e39a7bbf
0xa82284cf55b66bb41d4606b08496acf0115c37e7,0x8bccc9ba2e5706e24a36dda02ca2a846e39a7bbf
0x5d5cdbe25b2a044b7b9be383bcaa5807b06d3c6b,0x8bccc9ba2e5706e24a36dda02ca2a846e39a7bbf
0xf07c25f4d81ab1fd0b0badf47ab2e5057bb146ba,0x8bccc9ba2e5706e24a36dda02ca2a846e39a7bbf
0x0ef76ebef3595be5e487594dfbf314edbd2a732a,0x8bccc9ba2e5706e24a36dda02ca2a846e39a7bbf
0x0e3fa3d64363a208f3238a986ffabe38bb7e3d60,0x8bccc9ba2e5706e24a36dda02ca2a846e39a7bbf
0x4670e01b4c0d6f31143f1dcbd4f7cf76850ceb0b,0x8bccc9ba2e5706e24a36dda02ca2a846e39a7bbf
0x46a32dd733a32e9f7c0e103c53b2b7f7e2b73725,0x8bccc9ba2e5706e24a36dda02ca2a846e39a7bbf
0x7ac18b3ab3b511c8a0de30fa3985e067a654c8f8,0x8bccc9ba2e5706e24a36dda02ca2a846e39a7bbf
0xee67364b9119ba6aeb75b2886386fa5b7803a94a,0x8bccc9ba2e5706e24a36dda02ca2a846e39a7bbf
0x54e517a98bba3770fb0fcdc4bba2d558f62f3887,0x8bccc9ba2e5706e24a36dda02ca2a846e39a7bbf
0x63a8f420aa16c90b3eca6b5587e0fcf499551f7d,0x8bccc9ba2e5706e24a36dda02ca2a846e39a7bbf
0xf2565df7c31479fb2a04e7ca80530eff9d5d0b28,0x8bccc9ba2e5706e24a36dda02ca2a846e39a7bbf
0x4670e01b4c0d6f31143f1dcbd4f7cf76850ceb0b,0x8bccc9ba2e5706e24a36dda02ca2a846e39a7bbf
0xcb76758688baf49155fb7241a09868d8a5dde6ed,0x8bccc9ba2e5706e24a36dda02ca2a846e39a7bbf
0x435d8c0830c6ed101f487bcfc0d50a960e0957ef,0x8bccc9ba2e5706e24a36dda02ca2a846e39a7bbf
0xaa1f0a849d4f8cff9e4e362828321acc545e3bdb,0x8bccc9ba2e5706e24a36dda02ca2a846e39a7bbf
0x9a36e49d6093a09de1351dfa3b7b6a4ff663cc6c,0x8bccc9ba2e5706e24a36dda02ca2a846e39a7bbf
0x95fb5afb14c1ef9ab7d179c5c300503fd66a5ee2,0x8bccc9ba2e5706e24a36dda02ca2a846e39a7bbf
0xb4e257484a6219851221fa22dadedd376ba2124d,0x8bccc9ba2e5706e24a36dda02ca2a846e39a7bbf
0x52c29623eb9808b4e9b07052e5c986ea029978f5,0x8bccc9ba2e5706e24a36dda02ca2a846e39a7bbf
0xd0701bb5832451fbcd1ec5e766f87a151bb74982,0x8bccc9ba2e5706e24a36dda02ca2a846e39a7bbf
0x3030c9f63af9df47c0a90a2aa6cb0b9c9adaa00c,0x8bccc9ba2e5706e24a36dda02ca2a846e39a7bbf
0x9a36e49d6093a09de1351dfa3b7b6a4ff663cc6c,0x8bccc9ba2e5706e24a36dda02ca2a846e39a7bbf
0x9cd697f6363ff65ab11aeb1b2cc399de07f12f43,0x8bccc9ba2e5706e24a36dda02ca2a846e39a7bbf
0x4dd0930d2bcb6632c9208934713e45ba15f45eae,0x8bccc9ba2e5706e24a36dda02ca2a846e39a7bbf
0x11b186814dabc39b61b55b751974d9fb0ec5f96b,0x8bccc9ba2e5706e24a36dda02ca2a846e39a7bbf
0x251e150d38ebbd1d0f624c19547fa8f75308d59c,0x8bccc9ba2e5706e24a36dda02ca2a846e39a7bbf
0x4a86d0dac2b7af0aa30d8f9dcc9f41e58c259167,0x8bccc9ba2e5706e24a36dda02ca2a846e39a7bbf
0x1b9c8a22aa34e45f77116d1c63dfd26a7be660d3,0x8bccc9ba2e5706e24a36dda02ca2a846e39a7bbf
0x932fa7f07fdf6224184fd5fd9f9cec1710e03449,0x8bccc9ba2e5706e24a36dda02ca2a846e39a7bbf
0xc7549fb8e011661828f708223de979e083f2a4f0,0x8bccc9ba2e5706e24a36dda02ca2a846e39a7bbf
0x9e912ba1ce059ceca9499ec9ec703b12d32cb50c,0x8bccc9ba2e5706e24a36dda02ca2a846e39a7bbf
0x004775aad620435ae57ffb0aee0cc30241e9b9bf,0x8bccc9ba2e5706e24a36dda02ca2a846e39a7bbf
0x8ba63f80848405189eade974dda2a52ef9245f92,0x8bccc9ba2e5706e24a36dda02ca2a846e39a7bbf
0x56fadc7ec17ecddad7659f0852826ad4dd1cc933,0x8bccc9ba2e5706e24a36dda02ca2a846e39a7bbf
0xfeaccdeac7e83bc247704ec2cfb3910a4ac33233,0x8bccc9ba2e5706e24a36dda02ca2a846e39a7bbf
0x4dd0930d2bcb6632c9208934713e45ba15f45eae,0x8bccc9ba2e5706e24a36dda02ca2a846e39a7bbf
0xf2565df7c31479fb2a04e7ca80530eff9d5d0b28,0x8bccc9ba2e5706e24a36dda02ca2a846e39a7bbf
0xaea61a07ee0283952be14aac6d8855d771412658,0x8bccc9ba2e5706e24a36dda02ca2a846e39a7bbf
0x9e912ba1ce059ceca9499ec9ec703b12d32cb50c,0x8bccc9ba2e5706e24a36dda02ca2a846e39a7bbf
0x32be343b94f860124dc4fee278fdcbd38c102d88,0x8bccc9ba2e5706e24a36dda02ca2a846e39a7bbf
0xc7549fb8e011661828f708223de979e083f2a4f0,0x8bccc9ba2e5706e24a36dda02ca2a846e39a7bbf
0x9e912ba1ce059ceca9499ec9ec703b12d32cb50c,0x8bccc9ba2e5706e24a36dda02ca2a846e39a7bbf
0x29af7ff50eb4e47d4fdc8c4fadc73893b16ff6f0,0x8bccc9ba2e5706e24a36dda02ca2a846e39a7bbf
0x4a2c014bc9f0367e3240d407e04d02ba97450b0a,0x8bccc9ba2e5706e24a36dda02ca2a846e39a7bbf
0xe1101520417e80e2011bb357d95b428445ab356c,0x8bccc9ba2e5706e24a36dda02ca2a846e39a7bbf
0xe424ebbecc3a948d17900b5e7b8797afe35de70a,0x8bccc9ba2e5706e24a36dda02ca2a846e39a7bbf
0x4dd0930d2bcb6632c9208934713e45ba15f45eae,0x8bccc9ba2e5706e24a36dda02ca2a846e39a7bbf
0x7ad57d9f903d53e65e35084d23ce4a82000e1bfd,0x8bccc9ba2e5706e24a36dda02ca2a846e39a7bbf
0x2ab0d95077a5597189f3b4fdc73b319a0090c846,0x8bccc9ba2e5706e24a36dda02ca2a846e39a7bbf
0x7feab4dfb6823fb52c4b5434233fe413eab4a5df,0x8bccc9ba2e5706e24a36dda02ca2a846e39a7bbf
0x4dd0930d2bcb6632c9208934713e45ba15f45eae,0x8bccc9ba2e5706e24a36dda02ca2a846e39a7bbf
0x311949a1230dbc30eaaac3dc315ec8c4236429ba,0x8bccc9ba2e5706e24a36dda02ca2a846e39a7bbf
0x311949a1230dbc30eaaac3dc315ec8c4236429ba,0x8bccc9ba2e5706e24a36dda02ca2a846e39a7bbf
0xf35fe5d9175757f8b654d5c3d053ad977ec635ae,0x8bccc9ba2e5706e24a36dda02ca2a846e39a7bbf
0x7feab4dfb6823fb52c4b5434233fe413eab4a5df,0x8bccc9ba2e5706e24a36dda02ca2a846e39a7bbf
0x2b204d9df2a530e18bb18529cddc7ab11a287ace,0x8bccc9ba2e5706e24a36dda02ca2a846e39a7bbf
0xfd86e333cdd468727f5e3bcda70eebc1ebd53c9c,0x8bccc9ba2e5706e24a36dda02ca2a846e39a7bbf
0x7feab4dfb6823fb52c4b5434233fe413eab4a5df,0x8bccc9ba2e5706e24a36dda02ca2a846e39a7bbf
0xd9991c72c652f04704298fa227378644e4d8b3d9,0x8bccc9ba2e5706e24a36dda02ca2a846e39a7bbf
0x7feab4dfb6823fb52c4b5434233fe413eab4a5df,0x8bccc9ba2e5706e24a36dda02ca2a846e39a7bbf
0x8b19877ec825fcf976584a5551ddbb236a10e255,0x8bccc9ba2e5706e24a36dda02ca2a846e39a7bbf
0xe6f55c55bc062bbff1aefc8ada44457de92985e5,0x8bccc9ba2e5706e24a36dda02ca2a846e39a7bbf
0xf7d46f68c00990d05624a80ac5b6dcc117357f02,0x8bccc9ba2e5706e24a36dda02ca2a846e39a7bbf
0xd9991c72c652f04704298fa227378644e4d8b3d9,0x8bccc9ba2e5706e24a36dda02ca2a846e39a7bbf
0x790d1a2983084e7e3f12162192c31711345a42ef,0x8bccc9ba2e5706e24a36dda02ca2a846e39a7bbf
0x9e912ba1ce059ceca9499ec9ec703b12d32cb50c,0x8bccc9ba2e5706e24a36dda02ca2a846e39a7bbf
0x9e912ba1ce059ceca9499ec9ec703b12d32cb50c,0x8bccc9ba2e5706e24a36dda02ca2a846e39a7bbf
0x9e206dbbd35c0cf7e27e166ef79103c03ea73aeb,0x8bccc9ba2e5706e24a36dda02ca2a846e39a7bbf
0x8ba63f80848405189eade974dda2a52ef9245f92,0x8bccc9ba2e5706e24a36dda02ca2a846e39a7bbf
0xf7d46f68c00990d05624a80ac5b6dcc117357f02,0x8bccc9ba2e5706e24a36dda02ca2a846e39a7bbf
0x790d1a2983084e7e3f12162192c31711345a42ef,0x8bccc9ba2e5706e24a36dda02ca2a846e39a7bbf
0x5122ef9fca260362bc63a0875a4bec9962051945,0x8bccc9ba2e5706e24a36dda02ca2a846e39a7bbf
0xc480334141e5abb335b8e931d8601b326d20da88,0x8bccc9ba2e5706e24a36dda02ca2a846e39a7bbf
0xeaff2fbf60a19eb0853d061483d08ccf329946e4,0x8bccc9ba2e5706e24a36dda02ca2a846e39a7bbf
0x4bbe725c02eb4a2c7b2f083973c8371c6ef6f2f9,0x8bccc9ba2e5706e24a36dda02ca2a846e39a7bbf
0xb009c42ed4c5f778da8fe11d967a25c39dbcbd74,0x8bccc9ba2e5706e24a36dda02ca2a846e39a7bbf
0xe6c4e9a613c9ce22cfe23e60dcd07d7709568c6f,0x8bccc9ba2e5706e24a36dda02ca2a846e39a7bbf
0xed06337cac5839fadba4d01436dfdbd9754aefa5,0x8bccc9ba2e5706e24a36dda02ca2a846e39a7bbf
0xebaa2a6d85804ac64b3226c863aa9ac09b2da076,0x8bccc9ba2e5706e24a36dda02ca2a846e39a7bbf
0xe6c4e9a613c9ce22cfe23e60dcd07d7709568c6f,0x8bccc9ba2e5706e24a36dda02ca2a846e39a7bbf
0xe6c4e9a613c9ce22cfe23e60dcd07d7709568c6f,0x8bccc9ba2e5706e24a36dda02ca2a846e39a7bbf
0xe6c4e9a613c9ce22cfe23e60dcd07d7709568c6f,0x8bccc9ba2e5706e24a36dda02ca2a846e39a7bbf
0x52c29623eb9808b4e9b07052e5c986ea029978f5,0x8bccc9ba2e5706e24a36dda02ca2a846e39a7bbf
0xe6f55c55bc062bbff1aefc8ada44457de92985e5,0x8bccc9ba2e5706e24a36dda02ca2a846e39a7bbf
0xbfcc6afa9fbef668b5dd07dfcf672fa79543663e,0x8bccc9ba2e5706e24a36dda02ca2a846e39a7bbf
0x635dd94fe3b23315652c32a2085272801f488d7d,0x8bccc9ba2e5706e24a36dda02ca2a846e39a7bbf
0x77060b7d80ad946a2c935d28182050445e72f8bd,0x8bccc9ba2e5706e24a36dda02ca2a846e39a7bbf
0x00787367dfb33a7fd178a6d1d62d95612d0433ac,0x8bccc9ba2e5706e24a36dda02ca2a846e39a7bbf
0x069f41c8d1e5d38ec0eae113f4a0ad152f5e705e,0x8bccc9ba2e5706e24a36dda02ca2a846e39a7bbf
0xed988e945a04cedcbd4960d2a7f56fb61d8f4385,0x8bccc9ba2e5706e24a36dda02ca2a846e39a7bbf
0x52c29623eb9808b4e9b07052e5c986ea029978f5,0x8bccc9ba2e5706e24a36dda02ca2a846e39a7bbf
0xec6bc1bc13a3bf935f32281a146d92df66a3db23,0x8bccc9ba2e5706e24a36dda02ca2a846e39a7bbf
0x7ed1e469fcb3ee19c0366d829e291451be638e59,0x8bccc9ba2e5706e24a36dda02ca2a846e39a7bbf
0xec6bc1bc13a3bf935f32281a146d92df66a3db23,0x8bccc9ba2e5706e24a36dda02ca2a846e39a7bbf
0xa7e59440c878423eec8f08f4b0c1463603cee465,0x8bccc9ba2e5706e24a36dda02ca2a846e39a7bbf
0xdd87723cf107afb4b169f6714636da9f963fd348,0x8bccc9ba2e5706e24a36dda02ca2a846e39a7bbf
0x6934d7f82b6d57b630bae786c10a8651c639f7d7,0x8bccc9ba2e5706e24a36dda02ca2a846e39a7bbf
0x52c29623eb9808b4e9b07052e5c986ea029978f5,0x8bccc9ba2e5706e24a36dda02ca2a846e39a7bbf
0x59183ca25ecf166a6283f963b17ee2bc877d1b12,0x8bccc9ba2e5706e24a36dda02ca2a846e39a7bbf
0xa923aa7e59d345aa09f4eb34223803e782a6f4ef,0x8bccc9ba2e5706e24a36dda02ca2a846e39a7bbf
0xe424ebbecc3a948d17900b5e7b8797afe35de70a,0x8bccc9ba2e5706e24a36dda02ca2a846e39a7bbf
0x8644cc281be332ccced36da483fb2a0746d9ba2e,0x8bccc9ba2e5706e24a36dda02ca2a846e39a7bbf
0x710b62f6204b3680c8459e73955da99f2ab8043c,0x8bccc9ba2e5706e24a36dda02ca2a846e39a7bbf
0x24d7a7064f2142c6412ef9304af9753ec6c383c7,0x8bccc9ba2e5706e24a36dda02ca2a846e39a7bbf
0x6f8b25274a6efb4abb618e48047d94a022842318,0x8bccc9ba2e5706e24a36dda02ca2a846e39a7bbf
0x53a5784d5fbbf7a9513535020dc7c7c045246e3e,0x8bccc9ba2e5706e24a36dda02ca2a846e39a7bbf
0x676691bd07b9653a897b7dece4a28f02281338df,0x8bccc9ba2e5706e24a36dda02ca2a846e39a7bbf
0xa923aa7e59d345aa09f4eb34223803e782a6f4ef,0x8bccc9ba2e5706e24a36dda02ca2a846e39a7bbf
0x46555de1a903a5a3fea5491d3f8dc17b146b7c99,0x8bccc9ba2e5706e24a36dda02ca2a846e39a7bbf
0x46555de1a903a5a3fea5491d3f8dc17b146b7c99,0x8bccc9ba2e5706e24a36dda02ca2a846e39a7bbf
0xac1636074cb63ac97abc6c773ca66f7a98b7b4b4,0x8bccc9ba2e5706e24a36dda02ca2a846e39a7bbf
0x57808b8f581adccfcc5c02b6fe29aa9a4f5f99b9,0x8bccc9ba2e5706e24a36dda02ca2a846e39a7bbf
0x8640b34aef4fc1833d563e317c94b69f21ce193c,0x8bccc9ba2e5706e24a36dda02ca2a846e39a7bbf
0xc3978fe17a3273b2759c7754308cad62e619d38c,0x8bccc9ba2e5706e24a36dda02ca2a846e39a7bbf
0xac1636074cb63ac97abc6c773ca66f7a98b7b4b4,0x8bccc9ba2e5706e24a36dda02ca2a846e39a7bbf
0x8644cc281be332ccced36da483fb2a0746d9ba2e,0x8bccc9ba2e5706e24a36dda02ca2a846e39a7bbf
0x8644cc281be332ccced36da483fb2a0746d9ba2e,0x8bccc9ba2e5706e24a36dda02ca2a846e39a7bbf
0xbb728c93b202e5db89ebe405f3049d75f8518cac,0x8bccc9ba2e5706e24a36dda02ca2a846e39a7bbf
0x8644cc281be332ccced36da483fb2a0746d9ba2e,0x8bccc9ba2e5706e24a36dda02ca2a846e39a7bbf
0x1a606f8a031f455ceed4ee5243bab61bc025b720,0x8bccc9ba2e5706e24a36dda02ca2a846e39a7bbf
0x1258c6f9df0d5133695c3c47ae251d7dd4f7094c,0x8bccc9ba2e5706e24a36dda02ca2a846e39a7bbf
0x1351580ebebd194c7fed6468d05babd7c938de91,0x8bccc9ba2e5706e24a36dda02ca2a846e39a7bbf
0x1cf7826c49f39ae8a19c73d4d8130a34062435ad,0x8bccc9ba2e5706e24a36dda02ca2a846e39a7bbf
0x5f03eb12291fb6c5b6013c76e0e76f23895e30ec,0x8bccc9ba2e5706e24a36dda02ca2a846e39a7bbf
0x5f03eb12291fb6c5b6013c76e0e76f23895e30ec,0x8bccc9ba2e5706e24a36dda02ca2a846e39a7bbf
0x36c510bf8d6e569bf2f37d47265dbcb502ff2bce,0x8bccc9ba2e5706e24a36dda02ca2a846e39a7bbf
0x5f03eb12291fb6c5b6013c76e0e76f23895e30ec,0x8bccc9ba2e5706e24a36dda02ca2a846e39a7bbf
0x901fdbcf8d3fee591b0512b16999e3da5b5f2e98,0x8bccc9ba2e5706e24a36dda02ca2a846e39a7bbf
0x736eec498cb15655654eaac087688fa5a1e133ef,0x8bccc9ba2e5706e24a36dda02ca2a846e39a7bbf
0x2c2bb98dde239c868a36b874cdba1afbb9bb920e,0x8bccc9ba2e5706e24a36dda02ca2a846e39a7bbf
0x3833f8dbdbd6bdcb6a883ff209b869148965b364,0x8bccc9ba2e5706e24a36dda02ca2a846e39a7bbf
0xfb439485316f820adfbb44cf9e96fbd94e6cc9f2,0x8bccc9ba2e5706e24a36dda02ca2a846e39a7bbf
0xdd27b6006e07d8732f15ff48f685336058be9efd,0x8bccc9ba2e5706e24a36dda02ca2a846e39a7bbf
0xb5cbb1b8a20a086857a95b7f157d3349a1304909,0x8bccc9ba2e5706e24a36dda02ca2a846e39a7bbf
0x7f32bc523608c3e7a0ab52c10a43f3cf428fd60b,0x8bccc9ba2e5706e24a36dda02ca2a846e39a7bbf
0x20af0764daea382f4d95912d32c1009bbc5203bf,0x8bccc9ba2e5706e24a36dda02ca2a846e39a7bbf
0xec6bc1bc13a3bf935f32281a146d92df66a3db23,0x8bccc9ba2e5706e24a36dda02ca2a846e39a7bbf
0xec6bc1bc13a3bf935f32281a146d92df66a3db23,0x8bccc9ba2e5706e24a36dda02ca2a846e39a7bbf
0xec6bc1bc13a3bf935f32281a146d92df66a3db23,0x8bccc9ba2e5706e24a36dda02ca2a846e39a7bbf
0xe334c2f2a6749efd1747bb28544751df51917e3c,0x8bccc9ba2e5706e24a36dda02ca2a846e39a7bbf
0x17513b435d7762b408a6dc7285c755c348a89a5b,0x8bccc9ba2e5706e24a36dda02ca2a846e39a7bbf
0xe334c2f2a6749efd1747bb28544751df51917e3c,0x8bccc9ba2e5706e24a36dda02ca2a846e39a7bbf
0xe334c2f2a6749efd1747bb28544751df51917e3c,0x8bccc9ba2e5706e24a36dda02ca2a846e39a7bbf
0x3c35c2a5653e7b31b4156e6ec90d505fd021b94b,0x8bccc9ba2e5706e24a36dda02ca2a846e39a7bbf
0xf1c45e2f97f68863075083905f5ee8390ca202aa,0x8bccc9ba2e5706e24a36dda02ca2a846e39a7bbf
0x5c9725b0c9bc55f4733c90fa8c753a2cccd3b946,0x8bccc9ba2e5706e24a36dda02ca2a846e39a7bbf
0xc531631d276176152716d70f044c452cc3edab82,0x8bccc9ba2e5706e24a36dda02ca2a846e39a7bbf
0x86b891e1a998537d7abbf4ef98bf05854a2da00b,0x8bccc9ba2e5706e24a36dda02ca2a846e39a7bbf
0xe334c2f2a6749efd1747bb28544751df51917e3c,0x8bccc9ba2e5706e24a36dda02ca2a846e39a7bbf
0xe334c2f2a6749efd1747bb28544751df51917e3c,0x8bccc9ba2e5706e24a36dda02ca2a846e39a7bbf
0xc66e76de2452c616d9146251d96b4c33bfd7ad3e,0x8bccc9ba2e5706e24a36dda02ca2a846e39a7bbf
0xc83fa28ce43f4570cc09b8fab37c3b084011d229,0x8bccc9ba2e5706e24a36dda02ca2a846e39a7bbf
0x7426dbe809428d7a773994cfb4a4d199c3e3c454,0x8bccc9ba2e5706e24a36dda02ca2a846e39a7bbf
0x2e86f278d87c610c563e55a25c929ebe31b6473b,0x8bccc9ba2e5706e24a36dda02ca2a846e39a7bbf
0x2a73eb347ec2f13eac6c6fdb41cdbfc80aa14f97,0x8bccc9ba2e5706e24a36dda02ca2a846e39a7bbf
0x4a26df8f380c35d72bb6be6038bd2eb5fac8b11a,0x8bccc9ba2e5706e24a36dda02ca2a846e39a7bbf
0x69a1763cbd4a6b83f0b0989ec4972e759edeb18e,0x8bccc9ba2e5706e24a36dda02ca2a846e39a7bbf
0xe125671c5bd5b6b97ca8b6d3fce9d99ef14dd9b7,0x8bccc9ba2e5706e24a36dda02ca2a846e39a7bbf
0x40fca9690fe82834786ba22fccee7435ea7bf905,0x8bccc9ba2e5706e24a36dda02ca2a846e39a7bbf
0xe6be59697c03b2964284839374cd010c69f82f4b,0x8bccc9ba2e5706e24a36dda02ca2a846e39a7bbf
0x40652360d6716dc55cf9aab21f3482f816cc2cbd,0x8bccc9ba2e5706e24a36dda02ca2a846e39a7bbf
0x2632ed942c716534e41351b9c34e6f1f85675159,0x8bccc9ba2e5706e24a36dda02ca2a846e39a7bbf
0xcb42374fb9c422fe4d476b97b7b2fdec9d2552c1,0x8bccc9ba2e5706e24a36dda02ca2a846e39a7bbf
0x624b42916b818f504b94e511519d23b11838fe7f,0x8bccc9ba2e5706e24a36dda02ca2a846e39a7bbf
0x93acacd6ed54f615b5001cc31129f000ad68833c,0x8bccc9ba2e5706e24a36dda02ca2a846e39a7bbf
0x901fdbcf8d3fee591b0512b16999e3da5b5f2e98,0x8bccc9ba2e5706e24a36dda02ca2a846e39a7bbf
0x4a2253e82c856a69d879af24508ef96b49d1e4e3,0x8bccc9ba2e5706e24a36dda02ca2a846e39a7bbf
0xc80aa9320c861afc996fbad115ffa42a2e7d81dc,0x8bccc9ba2e5706e24a36dda02ca2a846e39a7bbf
0xf02470b15a0f49fea21e74963553e6794745e7d3,0x8bccc9ba2e5706e24a36dda02ca2a846e39a7bbf
0x7ed1e469fcb3ee19c0366d829e291451be638e59,0x8bccc9ba2e5706e24a36dda02ca2a846e39a7bbf
0xb4e270556839e59632067b8369ef06f4440e051b,0x8bccc9ba2e5706e24a36dda02ca2a846e39a7bbf
0x583a361676ca69702a56a6e803bf26e81ef5804a,0x8bccc9ba2e5706e24a36dda02ca2a846e39a7bbf
0x1ec0184db28c52c1057c462cb17a76ba3f547ecb,0x8bccc9ba2e5706e24a36dda02ca2a846e39a7bbf
0x42e3fb94b6180421cf40310dd221958e4487679c,0x8bccc9ba2e5706e24a36dda02ca2a846e39a7bbf
0x3828104cb3d7a22c08f0439fac16b82931630425,0x8bccc9ba2e5706e24a36dda02ca2a846e39a7bbf
0x40652360d6716dc55cf9aab21f3482f816cc2cbd,0x8bccc9ba2e5706e24a36dda02ca2a846e39a7bbf
0x40652360d6716dc55cf9aab21f3482f816cc2cbd,0x8bccc9ba2e5706e24a36dda02ca2a846e39a7bbf
0xc3978fe17a3273b2759c7754308cad62e619d38c,0x8bccc9ba2e5706e24a36dda02ca2a846e39a7bbf
0x9d85f15ad9d4bd83322cf45ce94c5cd89775458e,0x8bccc9ba2e5706e24a36dda02ca2a846e39a7bbf
0x979e26883bec3cf9cf9653c11bdb834e51fd0f3a,0x8bccc9ba2e5706e24a36dda02ca2a846e39a7bbf
0x1a606f8a031f455ceed4ee5243bab61bc025b720,0x8bccc9ba2e5706e24a36dda02ca2a846e39a7bbf
0x59c9d0d98e806c80cc890bc8f9ec2bd900b8c3c1,0x8bccc9ba2e5706e24a36dda02ca2a846e39a7bbf
0xfc8ee47cff91642e1e91207e71b9c801da530f0a,0x8bccc9ba2e5706e24a36dda02ca2a846e39a7bbf
0xfc8ee47cff91642e1e91207e71b9c801da530f0a,0x8bccc9ba2e5706e24a36dda02ca2a846e39a7bbf
0x39ee4fe00fbced647068d4f57c01cb22a80bccd1,0x8bccc9ba2e5706e24a36dda02ca2a846e39a7bbf
0xc2a452d08574af3f56d29cfe100deeb831afd0d0,0x8bccc9ba2e5706e24a36dda02ca2a846e39a7bbf
0xf6c4c6b8458798263113f2e255d8afdb147b12d5,0x8bccc9ba2e5706e24a36dda02ca2a846e39a7bbf
0x8891544a492807c375377ec00ffa2312f87c57a4,0x8bccc9ba2e5706e24a36dda02ca2a846e39a7bbf
0x0bc17711706f31093b09ca4daefad5403a52ab66,0x8bccc9ba2e5706e24a36dda02ca2a846e39a7bbf
0xcb04ade3bdce908ebfede7fa5b9178b7bd096d41,0x8bccc9ba2e5706e24a36dda02ca2a846e39a7bbf
0xcb04ade3bdce908ebfede7fa5b9178b7bd096d41,0x8bccc9ba2e5706e24a36dda02ca2a846e39a7bbf
0xe57466b6704855cb7d57d99af9f95dce8414b0e7,0x8bccc9ba2e5706e24a36dda02ca2a846e39a7bbf
0xfab89ee77415e1b783c946a74e90ec9ec58cb3af,0x8bccc9ba2e5706e24a36dda02ca2a846e39a7bbf
0xe57466b6704855cb7d57d99af9f95dce8414b0e7,0x8bccc9ba2e5706e24a36dda02ca2a846e39a7bbf
0x16462b8b2f120a3ee7a5cdf04b635bb2e3b3bf13,0x8bccc9ba2e5706e24a36dda02ca2a846e39a7bbf
0x259fe80d14d4ef9b75c43d21e74b0d38e003a5b0,0x8bccc9ba2e5706e24a36dda02ca2a846e39a7bbf
0x7b74e47eb169e7f1d6377210c7b762db77d6fdc4,0x8bccc9ba2e5706e24a36dda02ca2a846e39a7bbf
0xe125671c5bd5b6b97ca8b6d3fce9d99ef14dd9b7,0x8bccc9ba2e5706e24a36dda02ca2a846e39a7bbf
0x460d35a3eb7be555059ac3c3b2e19c9a789c3534,0x8bccc9ba2e5706e24a36dda02ca2a846e39a7bbf
0x4315706f57b388b3a0f6489f6f678bc181bfe9f3,0x8bccc9ba2e5706e24a36dda02ca2a846e39a7bbf
0xcf357b8acef41eb01029beba69091398f3df4df4,0x8bccc9ba2e5706e24a36dda02ca2a846e39a7bbf
0xcf357b8acef41eb01029beba69091398f3df4df4,0x8bccc9ba2e5706e24a36dda02ca2a846e39a7bbf
0xa0cd46e38f944a62f7beee1d0caeec612cfaed2b,0x8bccc9ba2e5706e24a36dda02ca2a846e39a7bbf
0x901fdbcf8d3fee591b0512b16999e3da5b5f2e98,0x8bccc9ba2e5706e24a36dda02ca2a846e39a7bbf
0xaaa25fe10ec4f8cbff7f403cd20782fa0ee78f75,0x8bccc9ba2e5706e24a36dda02ca2a846e39a7bbf
0x94c80fa250ae7ff14dc10bc8d8f0b5536c6311de,0x8bccc9ba2e5706e24a36dda02ca2a846e39a7bbf
0x8063379a7bf2cb923a84c5093e68dac7f75481c5,0x8bccc9ba2e5706e24a36dda02ca2a846e39a7bbf
0x8063379a7bf2cb923a84c5093e68dac7f75481c5,0x8bccc9ba2e5706e24a36dda02ca2a846e39a7bbf
0xaaa25fe10ec4f8cbff7f403cd20782fa0ee78f75,0x8bccc9ba2e5706e24a36dda02ca2a846e39a7bbf
0xcab87c1285639a1be6e4f99e7c654b4957c320d2,0x8bccc9ba2e5706e24a36dda02ca2a846e39a7bbf
0x8168720cbefab74304d593e967a6f037db9fd92d,0x8bccc9ba2e5706e24a36dda02ca2a846e39a7bbf
0xcb04ade3bdce908ebfede7fa5b9178b7bd096d41,0x8bccc9ba2e5706e24a36dda02ca2a846e39a7bbf
0xebc95bc7925d5b6995e12c77a50d3f12fa2c73f5,0x8bccc9ba2e5706e24a36dda02ca2a846e39a7bbf
0xebaa2a6d85804ac64b3226c863aa9ac09b2da076,0x8bccc9ba2e5706e24a36dda02ca2a846e39a7bbf
0xcab87c1285639a1be6e4f99e7c654b4957c320d2,0x8bccc9ba2e5706e24a36dda02ca2a846e39a7bbf
0xcab87c1285639a1be6e4f99e7c654b4957c320d2,0x8bccc9ba2e5706e24a36dda02ca2a846e39a7bbf
0xf88ce4997dbc2d74f6c3909ac9c8bb6044bf1b50,0x8bccc9ba2e5706e24a36dda02ca2a846e39a7bbf
0xf88ce4997dbc2d74f6c3909ac9c8bb6044bf1b50,0x8bccc9ba2e5706e24a36dda02ca2a846e39a7bbf
0xf88ce4997dbc2d74f6c3909ac9c8bb6044bf1b50,0x8bccc9ba2e5706e24a36dda02ca2a846e39a7bbf
0x6c6098e3dc1d4c79e4b010dbe86f15aa8abef51e,0x8bccc9ba2e5706e24a36dda02ca2a846e39a7bbf
0xf88ce4997dbc2d74f6c3909ac9c8bb6044bf1b50,0x8bccc9ba2e5706e24a36dda02ca2a846e39a7bbf
0x7aa534c9b18d6f4117301971962986467e74eed1,0x8bccc9ba2e5706e24a36dda02ca2a846e39a7bbf
0x90a64ed7b118631520ac1d71f348ff213ca51817,0x8bccc9ba2e5706e24a36dda02ca2a846e39a7bbf
0x45dd191acbb29fe07b8821284529762444115b73,0x8bccc9ba2e5706e24a36dda02ca2a846e39a7bbf
0x07940d682e51fe3f01b2236d18aae7fae021a7e1,0x8bccc9ba2e5706e24a36dda02ca2a846e39a7bbf
0x2979741174a8c1ea0b7f9edf658177859417f512,0x8bccc9ba2e5706e24a36dda02ca2a846e39a7bbf
0x7ad57d9f903d53e65e35084d23ce4a82000e1bfd,0x8bccc9ba2e5706e24a36dda02ca2a846e39a7bbf
0x879c9f79f0158a23ea8feaef07f05618ee6b02c3,0x8bccc9ba2e5706e24a36dda02ca2a846e39a7bbf
0xf8c41fce8460a392d22f441835e653d2f9fa8caa,0x8bccc9ba2e5706e24a36dda02ca2a846e39a7bbf
0x64fe1f1dffed1bd36e304eab2688dc31ec941f14,0x8bccc9ba2e5706e24a36dda02ca2a846e39a7bbf
0x34f31e0b07d175371933705e04af074e6b06b4e6,0x8bccc9ba2e5706e24a36dda02ca2a846e39a7bbf
0xda3969d1f4c51d015b21b858a6af5ca6f49b6613,0x8bccc9ba2e5706e24a36dda02ca2a846e39a7bbf
0x3a7978a20c74aa5d0dac54eb0bb693754c2f0835,0x8bccc9ba2e5706e24a36dda02ca2a846e39a7bbf
0xda3969d1f4c51d015b21b858a6af5ca6f49b6613,0x8bccc9ba2e5706e24a36dda02ca2a846e39a7bbf
0xda3969d1f4c51d015b21b858a6af5ca6f49b6613,0x8bccc9ba2e5706e24a36dda02ca2a846e39a7bbf
0x51c2e404a67cfb1a5f4227d49597a496c2ac97dd,0x8bccc9ba2e5706e24a36dda02ca2a846e39a7bbf
0xa29ca7aef1dc9865d1fb552f3cb1b14b715d13ce,0x8bccc9ba2e5706e24a36dda02ca2a846e39a7bbf
0xafd0d75fc502943754214ab5a327fff5dd684681,0x8bccc9ba2e5706e24a36dda02ca2a846e39a7bbf
0x4106cf2ab83c71663adf109f88ad8c229a92efe2,0x8bccc9ba2e5706e24a36dda02ca2a846e39a7bbf
0x266d7f36cfc2a4f242f3f49ccea52338f1bd01eb,0x8bccc9ba2e5706e24a36dda02ca2a846e39a7bbf
0x09f346c47dd0a28671121d5e323ff59c90dd0345,0x8bccc9ba2e5706e24a36dda02ca2a846e39a7bbf
0x3ec1e0d0244af7af58ffc796d274ad3d36fcc85e,0x8bccc9ba2e5706e24a36dda02ca2a846e39a7bbf
0x18826fac851813b2e49e51ede3654b45778eebb3,0x8bccc9ba2e5706e24a36dda02ca2a846e39a7bbf
0x60b920cc25003ec955441e05242952bdd778c850,0x8bccc9ba2e5706e24a36dda02ca2a846e39a7bbf
0x370902e027a4fc275549f0b8f7533318177a1274,0x8bccc9ba2e5706e24a36dda02ca2a846e39a7bbf
0x09f346c47dd0a28671121d5e323ff59c90dd0345,0x8bccc9ba2e5706e24a36dda02ca2a846e39a7bbf
0xd6412dde3078ecffb9776a10a393c780643e0c26,0x8bccc9ba2e5706e24a36dda02ca2a846e39a7bbf
0xd6412dde3078ecffb9776a10a393c780643e0c26,0x8bccc9ba2e5706e24a36dda02ca2a846e39a7bbf
0xec6bc1bc13a3bf935f32281a146d92df66a3db23,0x8bccc9ba2e5706e24a36dda02ca2a846e39a7bbf
0xec6bc1bc13a3bf935f32281a146d92df66a3db23,0x8bccc9ba2e5706e24a36dda02ca2a846e39a7bbf
0x09f346c47dd0a28671121d5e323ff59c90dd0345,0x8bccc9ba2e5706e24a36dda02ca2a846e39a7bbf
0xb1a7a09a01c9d43e08d60846c91167da3cf22643,0x8bccc9ba2e5706e24a36dda02ca2a846e39a7bbf
0x60b920cc25003ec955441e05242952bdd778c850,0x8bccc9ba2e5706e24a36dda02ca2a846e39a7bbf
0xffb8f2b6f5a547d7eb954d951522a8d0157e678e,0x8bccc9ba2e5706e24a36dda02ca2a846e39a7bbf
0xac1636074cb63ac97abc6c773ca66f7a98b7b4b4,0x8bccc9ba2e5706e24a36dda02ca2a846e39a7bbf
0x19619d6c2e9409108727332b3fac037e73c83035,0x8bccc9ba2e5706e24a36dda02ca2a846e39a7bbf
0x19619d6c2e9409108727332b3fac037e73c83035,0x8bccc9ba2e5706e24a36dda02ca2a846e39a7bbf
0x19619d6c2e9409108727332b3fac037e73c83035,0x8bccc9ba2e5706e24a36dda02ca2a846e39a7bbf
0xf0b4d8df212dd55c3158476d066a63c764dad47f,0x8bccc9ba2e5706e24a36dda02ca2a846e39a7bbf
0x19619d6c2e9409108727332b3fac037e73c83035,0x8bccc9ba2e5706e24a36dda02ca2a846e39a7bbf
0xb1a7a09a01c9d43e08d60846c91167da3cf22643,0x8bccc9ba2e5706e24a36dda02ca2a846e39a7bbf
0xda7f3e05f7a967991fbc1f004a63fca5f1087685,0x8bccc9ba2e5706e24a36dda02ca2a846e39a7bbf
0x63f0f31f0d23b29688fe0e15040516564ec3f38f,0x8bccc9ba2e5706e24a36dda02ca2a846e39a7bbf
0x19619d6c2e9409108727332b3fac037e73c83035,0x8bccc9ba2e5706e24a36dda02ca2a846e39a7bbf
0xf88ce4997dbc2d74f6c3909ac9c8bb6044bf1b50,0x8bccc9ba2e5706e24a36dda02ca2a846e39a7bbf
0xf88ce4997dbc2d74f6c3909ac9c8bb6044bf1b50,0x8bccc9ba2e5706e24a36dda02ca2a846e39a7bbf
0x19619d6c2e9409108727332b3fac037e73c83035,0x8bccc9ba2e5706e24a36dda02ca2a846e39a7bbf
0xeafc41dd1f55ff9fc36f8a0a532e5fb7da41681f,0x8bccc9ba2e5706e24a36dda02ca2a846e39a7bbf
0xa25f05e1ac13dfc31b0ba86b14b0f5bc349002a0,0x8bccc9ba2e5706e24a36dda02ca2a846e39a7bbf
0x19619d6c2e9409108727332b3fac037e73c83035,0x8bccc9ba2e5706e24a36dda02ca2a846e39a7bbf
0x2632ed942c716534e41351b9c34e6f1f85675159,0x8bccc9ba2e5706e24a36dda02ca2a846e39a7bbf
0x2632ed942c716534e41351b9c34e6f1f85675159,0x8bccc9ba2e5706e24a36dda02ca2a846e39a7bbf
0xe717b06d4f5213a684ffaa91d281cd63d1a3be05,0x8bccc9ba2e5706e24a36dda02ca2a846e39a7bbf
0xe717b06d4f5213a684ffaa91d281cd63d1a3be05,0x8bccc9ba2e5706e24a36dda02ca2a846e39a7bbf
0xa25f05e1ac13dfc31b0ba86b14b0f5bc349002a0,0x8bccc9ba2e5706e24a36dda02ca2a846e39a7bbf
0x066a8a05e59870fbd1e75837ae8c2849cb526599,0x8bccc9ba2e5706e24a36dda02ca2a846e39a7bbf
0xa0cd46e38f944a62f7beee1d0caeec612cfaed2b,0x8bccc9ba2e5706e24a36dda02ca2a846e39a7bbf
0xcab87c1285639a1be6e4f99e7c654b4957c320d2,0x8bccc9ba2e5706e24a36dda02ca2a846e39a7bbf
0x650ee2312db1e8184f2614b427690b47f0976944,0x8bccc9ba2e5706e24a36dda02ca2a846e39a7bbf
0x650ee2312db1e8184f2614b427690b47f0976944,0x8bccc9ba2e5706e24a36dda02ca2a846e39a7bbf
0x4045b1eb884bc28075af231b0f850fb9ae76253b,0x8bccc9ba2e5706e24a36dda02ca2a846e39a7bbf
0xe717b06d4f5213a684ffaa91d281cd63d1a3be05,0x8bccc9ba2e5706e24a36dda02ca2a846e39a7bbf
0xe717b06d4f5213a684ffaa91d281cd63d1a3be05,0x8bccc9ba2e5706e24a36dda02ca2a846e39a7bbf
0xb87b4944a9decdc72d7acd941fa024607f8953c8,0x8bccc9ba2e5706e24a36dda02ca2a846e39a7bbf
0xe07cc3a02db37f1f7482ec904865621bc71a1116,0x8bccc9ba2e5706e24a36dda02ca2a846e39a7bbf
0x560c6f2811efab5a55a37ac71496773a22cad0b4,0x8bccc9ba2e5706e24a36dda02ca2a846e39a7bbf
0x27d0bb2e1e7b9c9156f2327393115f999f70e417,0x8bccc9ba2e5706e24a36dda02ca2a846e39a7bbf
0xdff0989a7aa5e5ce9beb83830b2b3e44d399a2e3,0x8bccc9ba2e5706e24a36dda02ca2a846e39a7bbf
0x27d0bb2e1e7b9c9156f2327393115f999f70e417,0x8bccc9ba2e5706e24a36dda02ca2a846e39a7bbf
0x2a58d1d4eecbafdf0ecdfb1290e1b15df48980fd,0x8bccc9ba2e5706e24a36dda02ca2a846e39a7bbf
0x0c6f53c6291360fc301449600727f1e8c43a2f18,0x8bccc9ba2e5706e24a36dda02ca2a846e39a7bbf
0xd5a466197d73aac0e247277273aa23bdb5036fc7,0x8bccc9ba2e5706e24a36dda02ca2a846e39a7bbf
0x3030c9f63af9df47c0a90a2aa6cb0b9c9adaa00c,0x8bccc9ba2e5706e24a36dda02ca2a846e39a7bbf
0xd6598b1386e93c5ccb9602ff4bbbecdbd3701dc4,0x8bccc9ba2e5706e24a36dda02ca2a846e39a7bbf
0xb71d05cf5cdf7a9b15b20b9aab5e91332c271c96,0x8bccc9ba2e5706e24a36dda02ca2a846e39a7bbf
0x140f1070748c61ec6e79335d08efbc72007dc643,0x8bccc9ba2e5706e24a36dda02ca2a846e39a7bbf
0x140f1070748c61ec6e79335d08efbc72007dc643,0x8bccc9ba2e5706e24a36dda02ca2a846e39a7bbf
0x2cb4c81a19c46e428b0de1fdfd3f71b13e6c4afa,0x8bccc9ba2e5706e24a36dda02ca2a846e39a7bbf
0x7a3a5126402d674082679c9eddc064c5da38cf35,0x8bccc9ba2e5706e24a36dda02ca2a846e39a7bbf
0x2cb4c81a19c46e428b0de1fdfd3f71b13e6c4afa,0x8bccc9ba2e5706e24a36dda02ca2a846e39a7bbf
0x40be8030ffa6c8d212e286feb274b4d3cea59de0,0x8bccc9ba2e5706e24a36dda02ca2a846e39a7bbf
0x040036dd4099f5ab1799d72e6aefa06bcf250563,0x8bccc9ba2e5706e24a36dda02ca2a846e39a7bbf
0xe07cc3a02db37f1f7482ec904865621bc71a1116,0x8bccc9ba2e5706e24a36dda02ca2a846e39a7bbf
0x48bfdfc28f24d255960cb27528a50a5e4b253acb,0x8bccc9ba2e5706e24a36dda02ca2a846e39a7bbf
0xcd9ef310c34168e4a6a36ff3ace35d687f48d9dd,0x8bccc9ba2e5706e24a36dda02ca2a846e39a7bbf
0xfab89ee77415e1b783c946a74e90ec9ec58cb3af,0x8bccc9ba2e5706e24a36dda02ca2a846e39a7bbf
0xd6988f0bbe339dd24f168d7ed4554751cfc0f8a9,0x8bccc9ba2e5706e24a36dda02ca2a846e39a7bbf
0xff6c2d47070c223463ec99fad14c1f1fc54a9509,0x8bccc9ba2e5706e24a36dda02ca2a846e39a7bbf
0x4376c337c60771979c85cfae9208b803aaad174b,0x8bccc9ba2e5706e24a36dda02ca2a846e39a7bbf
0x9f43cd2aa5de07508766b18f5f70f67371b48109,0x8bccc9ba2e5706e24a36dda02ca2a846e39a7bbf
0xe0f3e7cf6e34db4a9a5476c7d542bcc80c4249a6,0x8bccc9ba2e5706e24a36dda02ca2a846e39a7bbf
0x27fe27fb221402fabbc9c0186f5021e5ea52ce59,0x8bccc9ba2e5706e24a36dda02ca2a846e39a7bbf
0x5107ede4737a3833850e542c9d8947c8b586bb7c,0x8bccc9ba2e5706e24a36dda02ca2a846e39a7bbf
0xbf7cb2952c7f4e1a4c956a1d232720c97bb182c4,0x8bccc9ba2e5706e24a36dda02ca2a846e39a7bbf
0x01e93895e239285a1a88bc011aa0150e9ffd47a6,0x8bccc9ba2e5706e24a36dda02ca2a846e39a7bbf
0xb425c25a09400a2ea9d7a91098a40dd1ee358e70,0x8bccc9ba2e5706e24a36dda02ca2a846e39a7bbf
0x40d435d0a2c365ca4f1e262a6c525d8ffb324479,0x8bccc9ba2e5706e24a36dda02ca2a846e39a7bbf
0xac69ad989c20428b08d1220c3a5e1f0ab0a02384,0x8bccc9ba2e5706e24a36dda02ca2a846e39a7bbf
0xaca5761f610e9fd7fb086f6dcd1706c7b76b96a2,0x8bccc9ba2e5706e24a36dda02ca2a846e39a7bbf
0xac69ad989c20428b08d1220c3a5e1f0ab0a02384,0x8bccc9ba2e5706e24a36dda02ca2a846e39a7bbf
0xd0db43a6af6360a9f5f47a4dbc660c8a3971a492,0x8bccc9ba2e5706e24a36dda02ca2a846e39a7bbf
0x004775aad620435ae57ffb0aee0cc30241e9b9bf,0x8bccc9ba2e5706e24a36dda02ca2a846e39a7bbf
0xac69ad989c20428b08d1220c3a5e1f0ab0a02384,0x8bccc9ba2e5706e24a36dda02ca2a846e39a7bbf
0x7318ba5cd1de13fd4f293bb383acabd18498a729,0x8bccc9ba2e5706e24a36dda02ca2a846e39a7bbf
0x19619d6c2e9409108727332b3fac037e73c83035,0x8bccc9ba2e5706e24a36dda02ca2a846e39a7bbf
0x19619d6c2e9409108727332b3fac037e73c83035,0x8bccc9ba2e5706e24a36dda02ca2a846e39a7bbf
0x3ec1e0d0244af7af58ffc796d274ad3d36fcc85e,0x8bccc9ba2e5706e24a36dda02ca2a846e39a7bbf
0x612e9cd74668cf5eb3629238f025d3107ed01662,0x8bccc9ba2e5706e24a36dda02ca2a846e39a7bbf
0x02424edf0f7527e1839cb55690730bd8b12e89da,0x8bccc9ba2e5706e24a36dda02ca2a846e39a7bbf
0xb205d1f7ee10282dc77cc44712a108eb0a31b3c3,0x8bccc9ba2e5706e24a36dda02ca2a846e39a7bbf
0x56f8c2af30d81ea7722b9d9e2297cf6e6a40c80e,0x8bccc9ba2e5706e24a36dda02ca2a846e39a7bbf
0x484b598a7ea583b25b39072ee4d76923178e13d9,0x8bccc9ba2e5706e24a36dda02ca2a846e39a7bbf
0xdc9d3d9cfbdafec2195ef55795fc9be14baa1737,0x8bccc9ba2e5706e24a36dda02ca2a846e39a7bbf
0x0df6be747699a085812bf7a838fd3c112d06eb65,0x8bccc9ba2e5706e24a36dda02ca2a846e39a7bbf
0x59b9e072699f773104218f87b5a64f7c49cac5ff,0x8bccc9ba2e5706e24a36dda02ca2a846e39a7bbf
0x59b9e072699f773104218f87b5a64f7c49cac5ff,0x8bccc9ba2e5706e24a36dda02ca2a846e39a7bbf
0x3a7264547db6dd930af669f99f9f5dc1e3196fd1,0x8bccc9ba2e5706e24a36dda02ca2a846e39a7bbf
0x27d0bb2e1e7b9c9156f2327393115f999f70e417,0x8bccc9ba2e5706e24a36dda02ca2a846e39a7bbf
0xe8d2b1692a34be66eca9c2261ee91fe3972446bd,0x8bccc9ba2e5706e24a36dda02ca2a846e39a7bbf
0xaca5761f610e9fd7fb086f6dcd1706c7b76b96a2,0x8bccc9ba2e5706e24a36dda02ca2a846e39a7bbf
0xb5735aa45cc756430151bf460a647a33ec2c057d,0x8bccc9ba2e5706e24a36dda02ca2a846e39a7bbf
0xd92f9abc99e547a003139f03869b854453fe45c3,0x8bccc9ba2e5706e24a36dda02ca2a846e39a7bbf
0xd92f9abc99e547a003139f03869b854453fe45c3,0x8bccc9ba2e5706e24a36dda02ca2a846e39a7bbf
0xe60dc64c21fee29931d27e656026275f5352bf4f,0x8bccc9ba2e5706e24a36dda02ca2a846e39a7bbf
0xe60dc64c21fee29931d27e656026275f5352bf4f,0x8bccc9ba2e5706e24a36dda02ca2a846e39a7bbf
0xe60dc64c21fee29931d27e656026275f5352bf4f,0x8bccc9ba2e5706e24a36dda02ca2a846e39a7bbf
0x94c5997de57a6c7e8ba94c88e4bfbf9c5af7ff33,0x8bccc9ba2e5706e24a36dda02ca2a846e39a7bbf
0xfe367f318b68f2caef12c50bbe5336b7d87481d4,0x8bccc9ba2e5706e24a36dda02ca2a846e39a7bbf
0x94c5997de57a6c7e8ba94c88e4bfbf9c5af7ff33,0x8bccc9ba2e5706e24a36dda02ca2a846e39a7bbf
0x8594394f30c866f5d41b28e3199af68e8511ddff,0x8bccc9ba2e5706e24a36dda02ca2a846e39a7bbf
0x2153f2da9773f67641b6def183d287dc1a100171,0x8bccc9ba2e5706e24a36dda02ca2a846e39a7bbf
0x8594394f30c866f5d41b28e3199af68e8511ddff,0x8bccc9ba2e5706e24a36dda02ca2a846e39a7bbf
0x4974ca9d3e1347671069106d255ebc1d71748e73,0x8bccc9ba2e5706e24a36dda02ca2a846e39a7bbf
0xa04cd7cfbb581c0be0522b88036b467a56479741,0x8bccc9ba2e5706e24a36dda02ca2a846e39a7bbf
0x9f30918b1d6eaef7bb67418d0b201d1899fca191,0x8bccc9ba2e5706e24a36dda02ca2a846e39a7bbf
0x8594394f30c866f5d41b28e3199af68e8511ddff,0x8bccc9ba2e5706e24a36dda02ca2a846e39a7bbf
0x8594394f30c866f5d41b28e3199af68e8511ddff,0x8bccc9ba2e5706e24a36dda02ca2a846e39a7bbf
0x2fe93785c62bdb4436e9fcc4c40b80e613ad9790,0x8bccc9ba2e5706e24a36dda02ca2a846e39a7bbf
0xf88ce4997dbc2d74f6c3909ac9c8bb6044bf1b50,0x8bccc9ba2e5706e24a36dda02ca2a846e39a7bbf
0x39e9f9627d8ceb0e8be07a76577184d338662b1f,0x8bccc9ba2e5706e24a36dda02ca2a846e39a7bbf
0xe9e53e9a59b6837b7ebf5c5c4b051e0009cb7af6,0x8bccc9ba2e5706e24a36dda02ca2a846e39a7bbf
0x312c13ed1e0247a90a146b785b64e293cc865a03,0x8bccc9ba2e5706e24a36dda02ca2a846e39a7bbf
0x39e9f9627d8ceb0e8be07a76577184d338662b1f,0x8bccc9ba2e5706e24a36dda02ca2a846e39a7bbf
0x5cc048c62d0870a819c7197e8b3787e7e05438a8,0x8bccc9ba2e5706e24a36dda02ca2a846e39a7bbf
0xae9a24f73684c84e1809b259096b260f267de7b6,0x8bccc9ba2e5706e24a36dda02ca2a846e39a7bbf
0xa1a57bb47c45ef28f937724e44ac51180f557111,0x8bccc9ba2e5706e24a36dda02ca2a846e39a7bbf
0x168875ef625aaceff6eab65a77d5daa2ca4eaaa0,0x8bccc9ba2e5706e24a36dda02ca2a846e39a7bbf
0x44f8f862529421d0e10cb2a4ce6ff24b5373b95c,0x8bccc9ba2e5706e24a36dda02ca2a846e39a7bbf
0xa00206b50820f0cc52511eb9f99f4269e9df35f7,0x8bccc9ba2e5706e24a36dda02ca2a846e39a7bbf
0xf89c564e058a4be828b0f4e86f7926c6f2e2f3ea,0x8bccc9ba2e5706e24a36dda02ca2a846e39a7bbf
0x484b598a7ea583b25b39072ee4d76923178e13d9,0x8bccc9ba2e5706e24a36dda02ca2a846e39a7bbf
0x39e9f9627d8ceb0e8be07a76577184d338662b1f,0x8bccc9ba2e5706e24a36dda02ca2a846e39a7bbf
0x39e9f9627d8ceb0e8be07a76577184d338662b1f,0x8bccc9ba2e5706e24a36dda02ca2a846e39a7bbf
0xee8a413218dfbefc44f1b93882681cd5db72ba49,0x8bccc9ba2e5706e24a36dda02ca2a846e39a7bbf
0x242429457d37f1182f682d161b42d8270073a9b1,0x8bccc9ba2e5706e24a36dda02ca2a846e39a7bbf
0xda4b1ef1d16a5956cfe9cd6d22b3edff5abe1150,0x8bccc9ba2e5706e24a36dda02ca2a846e39a7bbf
0xb1edca2cd5177c3a9bad4039117c54ef90160fd6,0x8bccc9ba2e5706e24a36dda02ca2a846e39a7bbf
0xdbe67145ffce485fb8e17ca5cedc2ee5d8e26083,0x8bccc9ba2e5706e24a36dda02ca2a846e39a7bbf
0xf35aee48b5328d600d96daa55a430498516250c5,0x8bccc9ba2e5706e24a36dda02ca2a846e39a7bbf
0x7ec53805717b353b573e4d110cc7c5102605eee2,0x8bccc9ba2e5706e24a36dda02ca2a846e39a7bbf
0xf35aee48b5328d600d96daa55a430498516250c5,0x8bccc9ba2e5706e24a36dda02ca2a846e39a7bbf
0xb5fecb3493b7b4662b190987a8c102108de1248b,0x8bccc9ba2e5706e24a36dda02ca2a846e39a7bbf
0x42b7dec83f4dfdaa70416d7a7e1951ad8e6e7847,0x8bccc9ba2e5706e24a36dda02ca2a846e39a7bbf
0x47ca58f50bef0fedeb347279a309d0bbaea8df3d,0x8bccc9ba2e5706e24a36dda02ca2a846e39a7bbf
0x33799407bb2344a4ca7ed6d7a56de59006258518,0x8bccc9ba2e5706e24a36dda02ca2a846e39a7bbf
0x0009808ecf4eef910e40c78782cee7321cfa6a66,0x8bccc9ba2e5706e24a36dda02ca2a846e39a7bbf
0x71c8304980735be1e902a0b6a33ab45a84ab154a,0x8bccc9ba2e5706e24a36dda02ca2a846e39a7bbf
0xe7a2a7bb4ef3f3fd9704325384107447e29150cf,0x8bccc9ba2e5706e24a36dda02ca2a846e39a7bbf
0xb2d1ecd686d17d831e0bde1813ad0d18c9f1c3e6,0x8bccc9ba2e5706e24a36dda02ca2a846e39a7bbf
0x2878322677f024aa82c6d2334f17c99de8c0af59,0x8bccc9ba2e5706e24a36dda02ca2a846e39a7bbf
0xed87da571d7258f68dfd63322ff3107d8b3a8c34,0x8bccc9ba2e5706e24a36dda02ca2a846e39a7bbf
0x0df6be747699a085812bf7a838fd3c112d06eb65,0x8bccc9ba2e5706e24a36dda02ca2a846e39a7bbf
0x8bfd8233eba8f175f2278d582aa01b3608259eff,0x8bccc9ba2e5706e24a36dda02ca2a846e39a7bbf
0x8ff15090ef936be3526f82a1fb1b0bacf1363aa3,0x8bccc9ba2e5706e24a36dda02ca2a846e39a7bbf
0xea347103346794ecb93c6860297f3c266b464bd3,0x8bccc9ba2e5706e24a36dda02ca2a846e39a7bbf
0xe4b5d1af69c1595baa2f1855b6401fc3473e3472,0x8bccc9ba2e5706e24a36dda02ca2a846e39a7bbf
0x609e9aa16cdf6dfb09ec53b1def5d41981c16cfa,0x8bccc9ba2e5706e24a36dda02ca2a846e39a7bbf
0xb1edca2cd5177c3a9bad4039117c54ef90160fd6,0x8bccc9ba2e5706e24a36dda02ca2a846e39a7bbf
0xb6248f4a8f14ac797b336754416b821bacef36a9,0x8bccc9ba2e5706e24a36dda02ca2a846e39a7bbf
0x41e6ecf717d63e6e07f9eb7f43d860cdf44702df,0x8bccc9ba2e5706e24a36dda02ca2a846e39a7bbf
0x52c29623eb9808b4e9b07052e5c986ea029978f5,0x8bccc9ba2e5706e24a36dda02ca2a846e39a7bbf
0xaf498662be78057f7cf02ede2fa1ae161f5bc857,0x8bccc9ba2e5706e24a36dda02ca2a846e39a7bbf
0xe125671c5bd5b6b97ca8b6d3fce9d99ef14dd9b7,0x8bccc9ba2e5706e24a36dda02ca2a846e39a7bbf
0x028399345b6aa86ccb958bb33a7ae942357ec90c,0x8bccc9ba2e5706e24a36dda02ca2a846e39a7bbf
0x88fdb2cf604cfd865d04f0f6861c193cc41c5a50,0x8bccc9ba2e5706e24a36dda02ca2a846e39a7bbf
0x2c7f7148fa3dcbe401b9299cb14e804c1458cd0c,0x8bccc9ba2e5706e24a36dda02ca2a846e39a7bbf
0x49f8e5c4992b80df5907c77af3b51575a778d2d3,0x8bccc9ba2e5706e24a36dda02ca2a846e39a7bbf
0x49f8e5c4992b80df5907c77af3b51575a778d2d3,0x8bccc9ba2e5706e24a36dda02ca2a846e39a7bbf
0x194d3be6fd6e64d8b1df1fca8a53a590b226c89f,0x8bccc9ba2e5706e24a36dda02ca2a846e39a7bbf
0x7480937df7ce73a0d48d3b9401834d58452733fa,0x8bccc9ba2e5706e24a36dda02ca2a846e39a7bbf
0x95fb5afb14c1ef9ab7d179c5c300503fd66a5ee2,0x8bccc9ba2e5706e24a36dda02ca2a846e39a7bbf
0xfe367f318b68f2caef12c50bbe5336b7d87481d4,0x8bccc9ba2e5706e24a36dda02ca2a846e39a7bbf
0xca24e669f6d50f6ae85fe4e1b53c036afc6fabf7,0x8bccc9ba2e5706e24a36dda02ca2a846e39a7bbf
0x1b9d2a3fcd844d9564d0b9ee36d75d2e3faad72e,0x8bccc9ba2e5706e24a36dda02ca2a846e39a7bbf
0x7c4401ae98f12ef6de39ae24cf9fc51f80eba16b,0x8bccc9ba2e5706e24a36dda02ca2a846e39a7bbf
0x7c4401ae98f12ef6de39ae24cf9fc51f80eba16b,0x8bccc9ba2e5706e24a36dda02ca2a846e39a7bbf
0x7c4401ae98f12ef6de39ae24cf9fc51f80eba16b,0x8bccc9ba2e5706e24a36dda02ca2a846e39a7bbf
0x8235d321f8e8d66cdfd6af7c5ae4e87df84afd70,0x8bccc9ba2e5706e24a36dda02ca2a846e39a7bbf
0xd92f9abc99e547a003139f03869b854453fe45c3,0x8bccc9ba2e5706e24a36dda02ca2a846e39a7bbf
0x96ac8dd5860e632fb3e4ba6d25b246179e75e850,0x8bccc9ba2e5706e24a36dda02ca2a846e39a7bbf
0xdf3f9ea1a3c2c711fc3b99328f8dc3dfd30f5944,0x8bccc9ba2e5706e24a36dda02ca2a846e39a7bbf
0xdf3f9ea1a3c2c711fc3b99328f8dc3dfd30f5944,0x8bccc9ba2e5706e24a36dda02ca2a846e39a7bbf
0xaa9b2e1a75fd5d231118e7f2127c6affad4c304a,0x8bccc9ba2e5706e24a36dda02ca2a846e39a7bbf
0xb841cf971a4978dcab8aaef5e38e92d9a7fb9299,0x8bccc9ba2e5706e24a36dda02ca2a846e39a7bbf
0x522da99fae8ffc16fb05b5d3546f5d96dce62157,0x8bccc9ba2e5706e24a36dda02ca2a846e39a7bbf
0x18826fac851813b2e49e51ede3654b45778eebb3,0x8bccc9ba2e5706e24a36dda02ca2a846e39a7bbf
0x972a8c777d14f38d840e350ac3c920c38fc6ea5d,0x8bccc9ba2e5706e24a36dda02ca2a846e39a7bbf
0x18826fac851813b2e49e51ede3654b45778eebb3,0x8bccc9ba2e5706e24a36dda02ca2a846e39a7bbf
0x885e4ca98d20a9826b59506d01e4c5637eee8ea1,0x8bccc9ba2e5706e24a36dda02ca2a846e39a7bbf
0x885e4ca98d20a9826b59506d01e4c5637eee8ea1,0x8bccc9ba2e5706e24a36dda02ca2a846e39a7bbf
0xb1dafbcdbdba9242b096ced17e180568e8d1551e,0x8bccc9ba2e5706e24a36dda02ca2a846e39a7bbf
0x9fdd51b3ab2cc2ba62ca4ec5238a6a14cf381c71,0x8bccc9ba2e5706e24a36dda02ca2a846e39a7bbf
0x9cd3b9f288b173f766256e64a2f2b05e90a43266,0x8bccc9ba2e5706e24a36dda02ca2a846e39a7bbf
0x1b9d2a3fcd844d9564d0b9ee36d75d2e3faad72e,0x8bccc9ba2e5706e24a36dda02ca2a846e39a7bbf
0x8eba367a717bbfe2c7737e4e8b7e5c5860e1dc7e,0x8bccc9ba2e5706e24a36dda02ca2a846e39a7bbf
0x1b9d2a3fcd844d9564d0b9ee36d75d2e3faad72e,0x8bccc9ba2e5706e24a36dda02ca2a846e39a7bbf
0x00317cd2da2044840b1ebe775c676530a7c65ba3,0x8bccc9ba2e5706e24a36dda02ca2a846e39a7bbf
0x1fd6267f0d86f62d88172b998390afee2a1f54b6,0x8bccc9ba2e5706e24a36dda02ca2a846e39a7bbf
0x57f33b02f9e35eb692985e258740b1fff228e28c,0x8bccc9ba2e5706e24a36dda02ca2a846e39a7bbf
0xc72842ce5879a02a9f9cccd01c6970f84cba7af3,0x8bccc9ba2e5706e24a36dda02ca2a846e39a7bbf
0xc72842ce5879a02a9f9cccd01c6970f84cba7af3,0x8bccc9ba2e5706e24a36dda02ca2a846e39a7bbf
0x8dee1950866a283b5339f6e7c87e66f74c68696e,0x8bccc9ba2e5706e24a36dda02ca2a846e39a7bbf
0x8afe07db8a46704894bb91ad9e9a4cd1454ce8fe,0x8bccc9ba2e5706e24a36dda02ca2a846e39a7bbf
0x03c2db1c5596c9016b7f15559c997f9e192a25d8,0x8bccc9ba2e5706e24a36dda02ca2a846e39a7bbf
0xdf3f9ea1a3c2c711fc3b99328f8dc3dfd30f5944,0x8bccc9ba2e5706e24a36dda02ca2a846e39a7bbf
0x8afe07db8a46704894bb91ad9e9a4cd1454ce8fe,0x8bccc9ba2e5706e24a36dda02ca2a846e39a7bbf
0x57347d3fcb71deee70a3e25f801e1c6bb6eca135,0x8bccc9ba2e5706e24a36dda02ca2a846e39a7bbf
0xc6318573a1eb70b7b3d53f007d46fceb3cfceeac,0x8bccc9ba2e5706e24a36dda02ca2a846e39a7bbf
0x50ee2daa0ed313914308fddd83f70dd1559f7b17,0x8bccc9ba2e5706e24a36dda02ca2a846e39a7bbf
0x970739e4ee955a72446da0c405af7803ce499d22,0x8bccc9ba2e5706e24a36dda02ca2a846e39a7bbf
0x970739e4ee955a72446da0c405af7803ce499d22,0x8bccc9ba2e5706e24a36dda02ca2a846e39a7bbf
0xfe367f318b68f2caef12c50bbe5336b7d87481d4,0x8bccc9ba2e5706e24a36dda02ca2a846e39a7bbf
0x970739e4ee955a72446da0c405af7803ce499d22,0x8bccc9ba2e5706e24a36dda02ca2a846e39a7bbf
0x3acab711046a06912694d925f4a9355f5962caeb,0x8bccc9ba2e5706e24a36dda02ca2a846e39a7bbf
0x3acab711046a06912694d925f4a9355f5962caeb,0x8bccc9ba2e5706e24a36dda02ca2a846e39a7bbf
0x3acab711046a06912694d925f4a9355f5962caeb,0x8bccc9ba2e5706e24a36dda02ca2a846e39a7bbf
0xbed4c8f006a27c1e5f7ce205de75f516bfb9f764,0x8bccc9ba2e5706e24a36dda02ca2a846e39a7bbf
0xbed4c8f006a27c1e5f7ce205de75f516bfb9f764,0x8bccc9ba2e5706e24a36dda02ca2a846e39a7bbf
0xbed4c8f006a27c1e5f7ce205de75f516bfb9f764,0x8bccc9ba2e5706e24a36dda02ca2a846e39a7bbf
0x52c29623eb9808b4e9b07052e5c986ea029978f5,0x8bccc9ba2e5706e24a36dda02ca2a846e39a7bbf
0x4f9c3e6ec01e81c7835f33f3d4ea86ac7ddd83ab,0x8bccc9ba2e5706e24a36dda02ca2a846e39a7bbf
0x56279bf712c62b95f700fd14bbd9a6dce12ca05d,0x8bccc9ba2e5706e24a36dda02ca2a846e39a7bbf
0x52c29623eb9808b4e9b07052e5c986ea029978f5,0x8bccc9ba2e5706e24a36dda02ca2a846e39a7bbf
0xc1b8997966867efbf303c1f2fc75edf585d6b9a0,0x8bccc9ba2e5706e24a36dda02ca2a846e39a7bbf
0xa64b788507e11321880431803805e60f9ee9288f,0x8bccc9ba2e5706e24a36dda02ca2a846e39a7bbf
0x5fce7f4f7db4575411776ed951b5db1144126947,0x8bccc9ba2e5706e24a36dda02ca2a846e39a7bbf
0x3fe985f8baf4fba8fe1343e3ce1f116663dbd394,0x8bccc9ba2e5706e24a36dda02ca2a846e39a7bbf
0x8afe07db8a46704894bb91ad9e9a4cd1454ce8fe,0x8bccc9ba2e5706e24a36dda02ca2a846e39a7bbf
0x052e70b27dca2f9ca194a9c315020f5bd85212f7,0x8bccc9ba2e5706e24a36dda02ca2a846e39a7bbf
0x052e70b27dca2f9ca194a9c315020f5bd85212f7,0x8bccc9ba2e5706e24a36dda02ca2a846e39a7bbf
0x8afe07db8a46704894bb91ad9e9a4cd1454ce8fe,0x8bccc9ba2e5706e24a36dda02ca2a846e39a7bbf
0x8afe07db8a46704894bb91ad9e9a4cd1454ce8fe,0x8bccc9ba2e5706e24a36dda02ca2a846e39a7bbf
0xb8639f0856f6466e8c5a60ceaadd07a5a7d8611e,0x8bccc9ba2e5706e24a36dda02ca2a846e39a7bbf
0x9f30918b1d6eaef7bb67418d0b201d1899fca191,0x8bccc9ba2e5706e24a36dda02ca2a846e39a7bbf
0xc83fa28ce43f4570cc09b8fab37c3b084011d229,0x8bccc9ba2e5706e24a36dda02ca2a846e39a7bbf
0xc83fa28ce43f4570cc09b8fab37c3b084011d229,0x8bccc9ba2e5706e24a36dda02ca2a846e39a7bbf
0xda3969d1f4c51d015b21b858a6af5ca6f49b6613,0x8bccc9ba2e5706e24a36dda02ca2a846e39a7bbf
0xb425c25a09400a2ea9d7a91098a40dd1ee358e70,0x8bccc9ba2e5706e24a36dda02ca2a846e39a7bbf
0xca33280ec503fb1eb723caf19128a7dfc45510af,0x8bccc9ba2e5706e24a36dda02ca2a846e39a7bbf
0xeff9acafd1d7b2e3dc93ed77333c25ec6154dff6,0x8bccc9ba2e5706e24a36dda02ca2a846e39a7bbf
0x587b5e9478ffa8b6608ae06cdefa63bb62d03e23,0x8bccc9ba2e5706e24a36dda02ca2a846e39a7bbf
0xc6179d22f9a1b8798f3cd10cd67aa4ac12c9230c,0x8bccc9ba2e5706e24a36dda02ca2a846e39a7bbf
0x261e0fa64c51137465eecf5b90f197f7937fdb05,0x8bccc9ba2e5706e24a36dda02ca2a846e39a7bbf
0x261e0fa64c51137465eecf5b90f197f7937fdb05,0x8bccc9ba2e5706e24a36dda02ca2a846e39a7bbf
0x261e0fa64c51137465eecf5b90f197f7937fdb05,0x8bccc9ba2e5706e24a36dda02ca2a846e39a7bbf
0xe1d8ce0b9a06d041369b32f938503084dfc64e45,0x8bccc9ba2e5706e24a36dda02ca2a846e39a7bbf
0x7ed1e469fcb3ee19c0366d829e291451be638e59,0x8bccc9ba2e5706e24a36dda02ca2a846e39a7bbf
0x0bdf2cca1a86fa5eb57915b322437cbeadcdbd90,0x8bccc9ba2e5706e24a36dda02ca2a846e39a7bbf
0x9cd3b9f288b173f766256e64a2f2b05e90a43266,0x8bccc9ba2e5706e24a36dda02ca2a846e39a7bbf
0x8e582ef3001d05257e60e0c19ef4a351f32f160c,0x8bccc9ba2e5706e24a36dda02ca2a846e39a7bbf
0x8235d321f8e8d66cdfd6af7c5ae4e87df84afd70,0x8bccc9ba2e5706e24a36dda02ca2a846e39a7bbf
0x59795fccfbe2f166651c6b73d10a7a1522a0ed89,0x8bccc9ba2e5706e24a36dda02ca2a846e39a7bbf
0xeb772f9b86bbbe88136ebc190170fc09b220b31a,0x8bccc9ba2e5706e24a36dda02ca2a846e39a7bbf
0xc64f5fc43c6d0788a726b1b36721a6dd735ebf1e,0x8bccc9ba2e5706e24a36dda02ca2a846e39a7bbf
0x70faa28a6b8d6829a4b1e649d26ec9a2a39ba413,0x8bccc9ba2e5706e24a36dda02ca2a846e39a7bbf
0x8b1fa7fae0b9b05578b1dac91ccbaa14ba2e63fb,0x8bccc9ba2e5706e24a36dda02ca2a846e39a7bbf
0xe6f55c55bc062bbff1aefc8ada44457de92985e5,0x8bccc9ba2e5706e24a36dda02ca2a846e39a7bbf
0x8b7b4707d01c35756b2b2cb3af6e610aaf508deb,0x8bccc9ba2e5706e24a36dda02ca2a846e39a7bbf
0x1e1c6351776ac31091397ecf16002d979a1b2d51,0x8bccc9ba2e5706e24a36dda02ca2a846e39a7bbf
0x8b1fa7fae0b9b05578b1dac91ccbaa14ba2e63fb,0x8bccc9ba2e5706e24a36dda02ca2a846e39a7bbf
0x1e1c6351776ac31091397ecf16002d979a1b2d51,0x8bccc9ba2e5706e24a36dda02ca2a846e39a7bbf
0x1e1c6351776ac31091397ecf16002d979a1b2d51,0x8bccc9ba2e5706e24a36dda02ca2a846e39a7bbf
0x13d9a65870d2e94a0921aa39dbe3eb5845bfd326,0x8bccc9ba2e5706e24a36dda02ca2a846e39a7bbf
0xd02ef538efdca32064b0eec79af62a2f265697df,0x8bccc9ba2e5706e24a36dda02ca2a846e39a7bbf
0x2056adc29f36e1ebc7a3002563f281597d4adf6e,0x8bccc9ba2e5706e24a36dda02ca2a846e39a7bbf
0xd02ef538efdca32064b0eec79af62a2f265697df,0x8bccc9ba2e5706e24a36dda02ca2a846e39a7bbf
0xc824c4f17bde7b5a89e912bf1c3ef2327a83d294,0x8bccc9ba2e5706e24a36dda02ca2a846e39a7bbf
0x59795fccfbe2f166651c6b73d10a7a1522a0ed89,0x8bccc9ba2e5706e24a36dda02ca2a846e39a7bbf
0x00063d66720bac662848a40d88be507971b43c47,0x8bccc9ba2e5706e24a36dda02ca2a846e39a7bbf
0x261e0fa64c51137465eecf5b90f197f7937fdb05,0x8bccc9ba2e5706e24a36dda02ca2a846e39a7bbf
0xf88ce4997dbc2d74f6c3909ac9c8bb6044bf1b50,0x8bccc9ba2e5706e24a36dda02ca2a846e39a7bbf
0x03c2db1c5596c9016b7f15559c997f9e192a25d8,0x8bccc9ba2e5706e24a36dda02ca2a846e39a7bbf
0x3f51a782cb6e313a6b805ac7e7923f3d80f0a9ba,0x8bccc9ba2e5706e24a36dda02ca2a846e39a7bbf
0x30c961fe95991147f350861dda5f81d576ab1141,0x8bccc9ba2e5706e24a36dda02ca2a846e39a7bbf
0x9f30918b1d6eaef7bb67418d0b201d1899fca191,0x8bccc9ba2e5706e24a36dda02ca2a846e39a7bbf
0x052e70b27dca2f9ca194a9c315020f5bd85212f7,0x8bccc9ba2e5706e24a36dda02ca2a846e39a7bbf
0x261e0fa64c51137465eecf5b90f197f7937fdb05,0x8bccc9ba2e5706e24a36dda02ca2a846e39a7bbf
0x9f30918b1d6eaef7bb67418d0b201d1899fca191,0x8bccc9ba2e5706e24a36dda02ca2a846e39a7bbf
0x8e3829d669c038324359fdc780c49681263ed959,0x8bccc9ba2e5706e24a36dda02ca2a846e39a7bbf
0x019ca8184121a6ec921c8c0d333d9e751f92424a,0x8bccc9ba2e5706e24a36dda02ca2a846e39a7bbf
0x2da86fd3c3f2cc1cc8c1339edd9bd9bde1f3822d,0x8bccc9ba2e5706e24a36dda02ca2a846e39a7bbf
0xd7c10cbb4b89b8bc06bace439c67980d8781195d,0x8bccc9ba2e5706e24a36dda02ca2a846e39a7bbf
0xf37ae7590976d2740825587ffaf0c495f9db9856,0x8bccc9ba2e5706e24a36dda02ca2a846e39a7bbf
0x32be343b94f860124dc4fee278fdcbd38c102d88,0x8bccc9ba2e5706e24a36dda02ca2a846e39a7bbf
0x1051e355adf5c153f656c3e950f1a75fe180ef79,0x8bccc9ba2e5706e24a36dda02ca2a846e39a7bbf
0x7ed1e469fcb3ee19c0366d829e291451be638e59,0x8bccc9ba2e5706e24a36dda02ca2a846e39a7bbf
0x2c2bb98dde239c868a36b874cdba1afbb9bb920e,0x8bccc9ba2e5706e24a36dda02ca2a846e39a7bbf
0x9559718a1efc502d271ae325cb952508cd35cc0d,0x8bccc9ba2e5706e24a36dda02ca2a846e39a7bbf
0x79d08f30d6d1269e89696d34163a63c2e8b20bcf,0x8bccc9ba2e5706e24a36dda02ca2a846e39a7bbf
0x79d08f30d6d1269e89696d34163a63c2e8b20bcf,0x8bccc9ba2e5706e24a36dda02ca2a846e39a7bbf
0x6b30c352f6214dd07070bd6ec81d59b98e28ca5a,0x8bccc9ba2e5706e24a36dda02ca2a846e39a7bbf
0x9559718a1efc502d271ae325cb952508cd35cc0d,0x8bccc9ba2e5706e24a36dda02ca2a846e39a7bbf
0x9559718a1efc502d271ae325cb952508cd35cc0d,0x8bccc9ba2e5706e24a36dda02ca2a846e39a7bbf
0x6f8b25274a6efb4abb618e48047d94a022842318,0x8bccc9ba2e5706e24a36dda02ca2a846e39a7bbf
0x7c6600d3280c85908f41a26ba677e4f57208f119,0x8bccc9ba2e5706e24a36dda02ca2a846e39a7bbf
0xbf6ce90f945acce7a3dc53b91f0a06b0de34691d,0x8bccc9ba2e5706e24a36dda02ca2a846e39a7bbf
0x66a37c0372d294cbef04b2410a1eb76d71005dbe,0x8bccc9ba2e5706e24a36dda02ca2a846e39a7bbf
0x2ca6beca20adafebe53b48e90cb7313c65f34cf8,0x8bccc9ba2e5706e24a36dda02ca2a846e39a7bbf
0xd24400ae8bfebb18ca49be86258a3c749cf46853,0x8bccc9ba2e5706e24a36dda02ca2a846e39a7bbf
0x33581cee233088c0860d944e0cf1ceabb8261c2e,0x8bccc9ba2e5706e24a36dda02ca2a846e39a7bbf
0x32be343b94f860124dc4fee278fdcbd38c102d88,0x8bccc9ba2e5706e24a36dda02ca2a846e39a7bbf
0x2ca6beca20adafebe53b48e90cb7313c65f34cf8,0x8bccc9ba2e5706e24a36dda02ca2a846e39a7bbf
0xf25125b256e7ebec4295ebb177c52c61bcef6dd9,0x8bccc9ba2e5706e24a36dda02ca2a846e39a7bbf
0xf25125b256e7ebec4295ebb177c52c61bcef6dd9,0x8bccc9ba2e5706e24a36dda02ca2a846e39a7bbf
0x8235d321f8e8d66cdfd6af7c5ae4e87df84afd70,0x8bccc9ba2e5706e24a36dda02ca2a846e39a7bbf
0xf25125b256e7ebec4295ebb177c52c61bcef6dd9,0x8bccc9ba2e5706e24a36dda02ca2a846e39a7bbf
0x2ca6beca20adafebe53b48e90cb7313c65f34cf8,0x8bccc9ba2e5706e24a36dda02ca2a846e39a7bbf
0x52b0b8371d19b422a2dd47369d85a7ce528c0b19,0x8bccc9ba2e5706e24a36dda02ca2a846e39a7bbf
0x8bb37a6ca90270aa1a2fc2798d7897c75e2c343b,0x8bccc9ba2e5706e24a36dda02ca2a846e39a7bbf
0xd2c8dd885c7be1e185011175cba1a463cc744434,0x8bccc9ba2e5706e24a36dda02ca2a846e39a7bbf
0xa0c8ea1ee10f765b53a880ba053f1a1fafe7896c,0x8bccc9ba2e5706e24a36dda02ca2a846e39a7bbf
0x7add21bd681bceaf52f439c54c5145ab5dcd875c,0x8bccc9ba2e5706e24a36dda02ca2a846e39a7bbf
0xf25125b256e7ebec4295ebb177c52c61bcef6dd9,0x8bccc9ba2e5706e24a36dda02ca2a846e39a7bbf
0xb1ae2691b988b00daff33567f047cbbecef75714,0x8bccc9ba2e5706e24a36dda02ca2a846e39a7bbf
0x42960808ef7fdb80030c0c7ba0114b39c4042cc8,0x8bccc9ba2e5706e24a36dda02ca2a846e39a7bbf
0x8c4c137246ba441a557c8687518c23e913764c3d,0x8bccc9ba2e5706e24a36dda02ca2a846e39a7bbf
0x4df049e514c1faea0959fdd8170411c740a5f33b,0x8bccc9ba2e5706e24a36dda02ca2a846e39a7bbf
0xa41e3088cf9251ae55043c3aa3061614f6cbdbdb,0x8bccc9ba2e5706e24a36dda02ca2a846e39a7bbf
0xfb098bf8273d283babc7c47c3e6c392be6445969,0x8bccc9ba2e5706e24a36dda02ca2a846e39a7bbf
0xfb098bf8273d283babc7c47c3e6c392be6445969,0x8bccc9ba2e5706e24a36dda02ca2a846e39a7bbf
0x6dad42272c95c27ef220176a6b5795bc475bf47f,0x8bccc9ba2e5706e24a36dda02ca2a846e39a7bbf
0xfb098bf8273d283babc7c47c3e6c392be6445969,0x8bccc9ba2e5706e24a36dda02ca2a846e39a7bbf
0xe717b06d4f5213a684ffaa91d281cd63d1a3be05,0x8bccc9ba2e5706e24a36dda02ca2a846e39a7bbf
0xfb098bf8273d283babc7c47c3e6c392be6445969,0x8bccc9ba2e5706e24a36dda02ca2a846e39a7bbf
0x0c27d7f5955e386cd3e9dd02b958b072a3eb1831,0x8bccc9ba2e5706e24a36dda02ca2a846e39a7bbf
0x0c27d7f5955e386cd3e9dd02b958b072a3eb1831,0x8bccc9ba2e5706e24a36dda02ca2a846e39a7bbf
0x08059ed49e538a373bfbd4999b6201a72e6e89a3,0x8bccc9ba2e5706e24a36dda02ca2a846e39a7bbf
0xcab87c1285639a1be6e4f99e7c654b4957c320d2,0x8bccc9ba2e5706e24a36dda02ca2a846e39a7bbf
0xbfcc6afa9fbef668b5dd07dfcf672fa79543663e,0x8bccc9ba2e5706e24a36dda02ca2a846e39a7bbf
0xca33280ec503fb1eb723caf19128a7dfc45510af,0x8bccc9ba2e5706e24a36dda02ca2a846e39a7bbf
0x3acab711046a06912694d925f4a9355f5962caeb,0x8bccc9ba2e5706e24a36dda02ca2a846e39a7bbf
0x5a505cc54a9a1e52262f2505eedb0c2822653251,0x8bccc9ba2e5706e24a36dda02ca2a846e39a7bbf
0x5a505cc54a9a1e52262f2505eedb0c2822653251,0x8bccc9ba2e5706e24a36dda02ca2a846e39a7bbf
0x8f909a800fc76d81d2532fd3df8dd0fd3a42981b,0x8bccc9ba2e5706e24a36dda02ca2a846e39a7bbf
0x8f909a800fc76d81d2532fd3df8dd0fd3a42981b,0x8bccc9ba2e5706e24a36dda02ca2a846e39a7bbf
0xaf498662be78057f7cf02ede2fa1ae161f5bc857,0x8bccc9ba2e5706e24a36dda02ca2a846e39a7bbf
0x9f30918b1d6eaef7bb67418d0b201d1899fca191,0x8bccc9ba2e5706e24a36dda02ca2a846e39a7bbf
0x66a6df1b7cef60b1314d801adb0191c2cadd95f2,0x8bccc9ba2e5706e24a36dda02ca2a846e39a7bbf
0xccbd0a848648cfd3ef4ac286d35fb855c9865c89,0x8bccc9ba2e5706e24a36dda02ca2a846e39a7bbf
0xd5a47e20eb621945e01f2ced6637f06f1d991a6f,0x8bccc9ba2e5706e24a36dda02ca2a846e39a7bbf
0x42b7dec83f4dfdaa70416d7a7e1951ad8e6e7847,0x8bccc9ba2e5706e24a36dda02ca2a846e39a7bbf
0xd8a2c584774fa2014edd83023e19452a3d04bd77,0x8bccc9ba2e5706e24a36dda02ca2a846e39a7bbf
0x8f909a800fc76d81d2532fd3df8dd0fd3a42981b,0x8bccc9ba2e5706e24a36dda02ca2a846e39a7bbf
0x8f909a800fc76d81d2532fd3df8dd0fd3a42981b,0x8bccc9ba2e5706e24a36dda02ca2a846e39a7bbf
0xd8a2c584774fa2014edd83023e19452a3d04bd77,0x8bccc9ba2e5706e24a36dda02ca2a846e39a7bbf
0xa00206b50820f0cc52511eb9f99f4269e9df35f7,0x8bccc9ba2e5706e24a36dda02ca2a846e39a7bbf
0x13d9a65870d2e94a0921aa39dbe3eb5845bfd326,0x8bccc9ba2e5706e24a36dda02ca2a846e39a7bbf
0x5a505cc54a9a1e52262f2505eedb0c2822653251,0x8bccc9ba2e5706e24a36dda02ca2a846e39a7bbf
0x8f909a800fc76d81d2532fd3df8dd0fd3a42981b,0x8bccc9ba2e5706e24a36dda02ca2a846e39a7bbf
0x8f909a800fc76d81d2532fd3df8dd0fd3a42981b,0x8bccc9ba2e5706e24a36dda02ca2a846e39a7bbf
0x8594394f30c866f5d41b28e3199af68e8511ddff,0x8bccc9ba2e5706e24a36dda02ca2a846e39a7bbf
0x8a642f6c09e3d4da9cffb1711c28bf539f418e00,0x8bccc9ba2e5706e24a36dda02ca2a846e39a7bbf
0x70f806e60cb3397020fd13d8b568cb4e8d9a00ac,0x8bccc9ba2e5706e24a36dda02ca2a846e39a7bbf
0x00cf4926382b50db9d823e92f732a3c0005555ca,0x8bccc9ba2e5706e24a36dda02ca2a846e39a7bbf
0xcf4d008cdf5feac4ad2b15676b81c07e50cb4743,0x8bccc9ba2e5706e24a36dda02ca2a846e39a7bbf
0x5a505cc54a9a1e52262f2505eedb0c2822653251,0x8bccc9ba2e5706e24a36dda02ca2a846e39a7bbf
0x74ad6ea42b1d3c1baba1c3c17d589865461769c8,0x8bccc9ba2e5706e24a36dda02ca2a846e39a7bbf
0x74ad6ea42b1d3c1baba1c3c17d589865461769c8,0x8bccc9ba2e5706e24a36dda02ca2a846e39a7bbf
0x17df49518d73b129f0da36b1c9b40cb66420fdc7,0x8bccc9ba2e5706e24a36dda02ca2a846e39a7bbf
0x00317cd2da2044840b1ebe775c676530a7c65ba3,0x8bccc9ba2e5706e24a36dda02ca2a846e39a7bbf
0x447863b3e9e7d25a49a4952e5cfae3ec0d249351,0x8bccc9ba2e5706e24a36dda02ca2a846e39a7bbf
0x775879658c1b675f056a7ef44cc9703d19e74f14,0x8bccc9ba2e5706e24a36dda02ca2a846e39a7bbf
0xb1dafbcdbdba9242b096ced17e180568e8d1551e,0x8bccc9ba2e5706e24a36dda02ca2a846e39a7bbf
0x67bf1b4d4ce6d02c61ab4f6cea5204c53a9630e4,0x8bccc9ba2e5706e24a36dda02ca2a846e39a7bbf
0x671cf55e0c0a0b78a7c1b6161541867a5147f426,0x8bccc9ba2e5706e24a36dda02ca2a846e39a7bbf
0x96e16bcc05853f8c45f3ec90bb4cf557dc4731c1,0x8bccc9ba2e5706e24a36dda02ca2a846e39a7bbf
0x38c7465a51bb24e610219aea11bf60b30095832f,0x8bccc9ba2e5706e24a36dda02ca2a846e39a7bbf
0x21d0d2216fd306803260abd43367dac2f36003b6,0x8bccc9ba2e5706e24a36dda02ca2a846e39a7bbf
0xa64b788507e11321880431803805e60f9ee9288f,0x8bccc9ba2e5706e24a36dda02ca2a846e39a7bbf
0xcd176a9d6e6f69f9b807612897cbab5dbb59898f,0x8bccc9ba2e5706e24a36dda02ca2a846e39a7bbf
0x24d7a7064f2142c6412ef9304af9753ec6c383c7,0x8bccc9ba2e5706e24a36dda02ca2a846e39a7bbf
0x14d49231d3199dccfd0aad8833d42a516fc5e3fb,0x8bccc9ba2e5706e24a36dda02ca2a846e39a7bbf
0x38c7465a51bb24e610219aea11bf60b30095832f,0x8bccc9ba2e5706e24a36dda02ca2a846e39a7bbf
0xcb04ade3bdce908ebfede7fa5b9178b7bd096d41,0x8bccc9ba2e5706e24a36dda02ca2a846e39a7bbf
0xbf7cb2952c7f4e1a4c956a1d232720c97bb182c4,0x8bccc9ba2e5706e24a36dda02ca2a846e39a7bbf
0x2056adc29f36e1ebc7a3002563f281597d4adf6e,0x8bccc9ba2e5706e24a36dda02ca2a846e39a7bbf
0xe4d53d8b0306b2992cb17bcbf4341cbe78a6aedd,0x8bccc9ba2e5706e24a36dda02ca2a846e39a7bbf
0x775879658c1b675f056a7ef44cc9703d19e74f14,0x8bccc9ba2e5706e24a36dda02ca2a846e39a7bbf
0x09946ec08995fe871c1515dcb351dead183c2071,0x8bccc9ba2e5706e24a36dda02ca2a846e39a7bbf
0x4eb58e8be8ae89123c87a759e0747dc8eeb27cd9,0x8bccc9ba2e5706e24a36dda02ca2a846e39a7bbf
0x8e3829d669c038324359fdc780c49681263ed959,0x8bccc9ba2e5706e24a36dda02ca2a846e39a7bbf
0x09946ec08995fe871c1515dcb351dead183c2071,0x8bccc9ba2e5706e24a36dda02ca2a846e39a7bbf
0x2056adc29f36e1ebc7a3002563f281597d4adf6e,0x8bccc9ba2e5706e24a36dda02ca2a846e39a7bbf
0xe16b320d6d77bb295ebe7e663bf6fa268b6580a9,0x8bccc9ba2e5706e24a36dda02ca2a846e39a7bbf
0xb1edca2cd5177c3a9bad4039117c54ef90160fd6,0x8bccc9ba2e5706e24a36dda02ca2a846e39a7bbf
0x87c0c7acf7e342edcd74cb359907abc48f4ae6fd,0x8bccc9ba2e5706e24a36dda02ca2a846e39a7bbf
0x8b6569ac961724eee2b8ae9a56f2d5883ec00d0b,0x8bccc9ba2e5706e24a36dda02ca2a846e39a7bbf
0x87ca8e6ceceafdcdf0c969546a3dc97a3d7959ae,0x8bccc9ba2e5706e24a36dda02ca2a846e39a7bbf
0x4edb6546edb3faf02e18e92427d7c8a4fc0ccd29,0x8bccc9ba2e5706e24a36dda02ca2a846e39a7bbf
0x25969246c284356b04616d2656e3605a50dcd1df,0x8bccc9ba2e5706e24a36dda02ca2a846e39a7bbf
0x5e5ddb411d07f2fd5db5566158a27e6d3c42f303,0x8bccc9ba2e5706e24a36dda02ca2a846e39a7bbf
0xf25125b256e7ebec4295ebb177c52c61bcef6dd9,0x8bccc9ba2e5706e24a36dda02ca2a846e39a7bbf
0xfd8c4a3c1652a83f0fb00c8553e1af06aca0da60,0x8bccc9ba2e5706e24a36dda02ca2a846e39a7bbf
0x0c27d7f5955e386cd3e9dd02b958b072a3eb1831,0x8bccc9ba2e5706e24a36dda02ca2a846e39a7bbf
0xa17070c2e9c5a940a4ec0e4954c4d7d643be8f49,0x8bccc9ba2e5706e24a36dda02ca2a846e39a7bbf
0x95e466bb7888f4c41b19fff3d292f3815aa8962b,0x8bccc9ba2e5706e24a36dda02ca2a846e39a7bbf
0x6745f43d6c490ea01b9155692f8836b61bbd4666,0x8bccc9ba2e5706e24a36dda02ca2a846e39a7bbf
0xa5efd9e851458a257209b48fb3d1d53a3c067135,0x8bccc9ba2e5706e24a36dda02ca2a846e39a7bbf
0x00cf4926382b50db9d823e92f732a3c0005555ca,0x8bccc9ba2e5706e24a36dda02ca2a846e39a7bbf
0x11ab2ba9a1e70e3aa32589766d8aaad9bf012fe7,0x8bccc9ba2e5706e24a36dda02ca2a846e39a7bbf
0x11ab2ba9a1e70e3aa32589766d8aaad9bf012fe7,0x8bccc9ba2e5706e24a36dda02ca2a846e39a7bbf
0x1fd6267f0d86f62d88172b998390afee2a1f54b6,0x8bccc9ba2e5706e24a36dda02ca2a846e39a7bbf
0x8c404e2c5fad29989442fd9cd07112c6ad99f38d,0x8bccc9ba2e5706e24a36dda02ca2a846e39a7bbf
0x2000b959a4f660853e14db6fab11e5fcef12ee9d,0x8bccc9ba2e5706e24a36dda02ca2a846e39a7bbf
0xd0701bb5832451fbcd1ec5e766f87a151bb74982,0x8bccc9ba2e5706e24a36dda02ca2a846e39a7bbf
0xd0701bb5832451fbcd1ec5e766f87a151bb74982,0x8bccc9ba2e5706e24a36dda02ca2a846e39a7bbf
0x6979bc741259c7713a3cf28004e4c3576644befb,0x8bccc9ba2e5706e24a36dda02ca2a846e39a7bbf
0xdee0e9cc340271fedaacc80e08b40481381caf29,0x8bccc9ba2e5706e24a36dda02ca2a846e39a7bbf
0x0832c3b801319b62ab1d3535615d1fe9afc3397a,0x8bccc9ba2e5706e24a36dda02ca2a846e39a7bbf
0xb8df2a2b9abd8e1b32b6817c59762ddaf33a6f27,0x8bccc9ba2e5706e24a36dda02ca2a846e39a7bbf
0x0832c3b801319b62ab1d3535615d1fe9afc3397a,0x8bccc9ba2e5706e24a36dda02ca2a846e39a7bbf
0x04930ccd1e3977a1b45788ae99c8b76daacb7a82,0x8bccc9ba2e5706e24a36dda02ca2a846e39a7bbf
0x04930ccd1e3977a1b45788ae99c8b76daacb7a82,0x8bccc9ba2e5706e24a36dda02ca2a846e39a7bbf
0xbf6ce90f945acce7a3dc53b91f0a06b0de34691d,0x8bccc9ba2e5706e24a36dda02ca2a846e39a7bbf
0x39ee4fe00fbced647068d4f57c01cb22a80bccd1,0x8bccc9ba2e5706e24a36dda02ca2a846e39a7bbf
0x9d85f15ad9d4bd83322cf45ce94c5cd89775458e,0x8bccc9ba2e5706e24a36dda02ca2a846e39a7bbf
0xaaa25fe10ec4f8cbff7f403cd20782fa0ee78f75,0x8bccc9ba2e5706e24a36dda02ca2a846e39a7bbf
0xaaa25fe10ec4f8cbff7f403cd20782fa0ee78f75,0x8bccc9ba2e5706e24a36dda02ca2a846e39a7bbf
0x8e3829d669c038324359fdc780c49681263ed959,0x8bccc9ba2e5706e24a36dda02ca2a846e39a7bbf
0x6979bc741259c7713a3cf28004e4c3576644befb,0x8bccc9ba2e5706e24a36dda02ca2a846e39a7bbf
0x6979bc741259c7713a3cf28004e4c3576644befb,0x8bccc9ba2e5706e24a36dda02ca2a846e39a7bbf
0x6979bc741259c7713a3cf28004e4c3576644befb,0x8bccc9ba2e5706e24a36dda02ca2a846e39a7bbf
0xffa23770f3821e3ef181f5f1567654a9863064a9,0x8bccc9ba2e5706e24a36dda02ca2a846e39a7bbf
0x21d0d2216fd306803260abd43367dac2f36003b6,0x8bccc9ba2e5706e24a36dda02ca2a846e39a7bbf
0xb692168968c28ea34d96f9aece9d37c3c0cf6098,0x8bccc9ba2e5706e24a36dda02ca2a846e39a7bbf
0x2056adc29f36e1ebc7a3002563f281597d4adf6e,0x8bccc9ba2e5706e24a36dda02ca2a846e39a7bbf
0x36bacf76e872e75e62e1dca704ea639dffd8a00a,0x8bccc9ba2e5706e24a36dda02ca2a846e39a7bbf
0x8a32c182de37272dcd413cd053bbf2bec8c179a3,0x8bccc9ba2e5706e24a36dda02ca2a846e39a7bbf
0x2632ed942c716534e41351b9c34e6f1f85675159,0x8bccc9ba2e5706e24a36dda02ca2a846e39a7bbf
0x083dd4b71c5298f3257db010e4d910ab28b13044,0x8bccc9ba2e5706e24a36dda02ca2a846e39a7bbf
0xb577121b911efcf4485ab672cb0936412cd0860e,0x8bccc9ba2e5706e24a36dda02ca2a846e39a7bbf
0x5f21639f20f586662a3eb24fe971b5c2a35bd012,0x8bccc9ba2e5706e24a36dda02ca2a846e39a7bbf
0xb577121b911efcf4485ab672cb0936412cd0860e,0x8bccc9ba2e5706e24a36dda02ca2a846e39a7bbf
0xe1028ec96b513e64981498dbafbe0170aa1b6c89,0x8bccc9ba2e5706e24a36dda02ca2a846e39a7bbf
0x81480d2579d935e920f567cdf2af79432be76a61,0x8bccc9ba2e5706e24a36dda02ca2a846e39a7bbf
0xe1028ec96b513e64981498dbafbe0170aa1b6c89,0x8bccc9ba2e5706e24a36dda02ca2a846e39a7bbf
0xe1028ec96b513e64981498dbafbe0170aa1b6c89,0x8bccc9ba2e5706e24a36dda02ca2a846e39a7bbf
0x5bf4d8d03c678e67ceb1bb7611739f110484946a,0x8bccc9ba2e5706e24a36dda02ca2a846e39a7bbf
0x6269e05bf105591a2bb7c427e9c50dc295d7cf71,0x8bccc9ba2e5706e24a36dda02ca2a846e39a7bbf
0x6269e05bf105591a2bb7c427e9c50dc295d7cf71,0x8bccc9ba2e5706e24a36dda02ca2a846e39a7bbf
0xf9ddf9e22b309be9dbd5bc8b5b682558530bdf38,0x8bccc9ba2e5706e24a36dda02ca2a846e39a7bbf
0x418fabed0f79eff5088b42bb0e8a204ca934e155,0x8bccc9ba2e5706e24a36dda02ca2a846e39a7bbf
0x418fabed0f79eff5088b42bb0e8a204ca934e155,0x8bccc9ba2e5706e24a36dda02ca2a846e39a7bbf
0x676b34f17f893a9e0d9cd8bb4b1f95ac9d1039d6,0x8bccc9ba2e5706e24a36dda02ca2a846e39a7bbf
0xf9ddf9e22b309be9dbd5bc8b5b682558530bdf38,0x8bccc9ba2e5706e24a36dda02ca2a846e39a7bbf
0xaaa25fe10ec4f8cbff7f403cd20782fa0ee78f75,0x8bccc9ba2e5706e24a36dda02ca2a846e39a7bbf
0x51d9db59a7e10ebb54e07dec2ec6d1177c0401b9,0x8bccc9ba2e5706e24a36dda02ca2a846e39a7bbf
0x3ec1e0d0244af7af58ffc796d274ad3d36fcc85e,0x8bccc9ba2e5706e24a36dda02ca2a846e39a7bbf
0x6745f43d6c490ea01b9155692f8836b61bbd4666,0x8bccc9ba2e5706e24a36dda02ca2a846e39a7bbf
0xc5b126c8273590e8d52839ba0fc80a66504e39d7,0x8bccc9ba2e5706e24a36dda02ca2a846e39a7bbf
0xc5dc4fc75f942be27573179a0044dd2100ae5974,0x8bccc9ba2e5706e24a36dda02ca2a846e39a7bbf
0x80e3b8cac89c103c8acaed8611ced98087de883e,0x8bccc9ba2e5706e24a36dda02ca2a846e39a7bbf
0xffa23770f3821e3ef181f5f1567654a9863064a9,0x8bccc9ba2e5706e24a36dda02ca2a846e39a7bbf
0x99f860ea960f87ff0bc4dd526a586f2297dde3b4,0x8bccc9ba2e5706e24a36dda02ca2a846e39a7bbf
0x99f860ea960f87ff0bc4dd526a586f2297dde3b4,0x8bccc9ba2e5706e24a36dda02ca2a846e39a7bbf
0x8e3829d669c038324359fdc780c49681263ed959,0x8bccc9ba2e5706e24a36dda02ca2a846e39a7bbf
0x66a37c0372d294cbef04b2410a1eb76d71005dbe,0x8bccc9ba2e5706e24a36dda02ca2a846e39a7bbf
0xffa23770f3821e3ef181f5f1567654a9863064a9,0x8bccc9ba2e5706e24a36dda02ca2a846e39a7bbf
0x8d390f5a6dad37d6437bdd88c20b5a29815a9d96,0x8bccc9ba2e5706e24a36dda02ca2a846e39a7bbf
0x7b65cdb05f7c719572003113ec3ea02789f34644,0x8bccc9ba2e5706e24a36dda02ca2a846e39a7bbf
0xa64b788507e11321880431803805e60f9ee9288f,0x8bccc9ba2e5706e24a36dda02ca2a846e39a7bbf
0x8594394f30c866f5d41b28e3199af68e8511ddff,0x8bccc9ba2e5706e24a36dda02ca2a846e39a7bbf
0x8594394f30c866f5d41b28e3199af68e8511ddff,0x8bccc9ba2e5706e24a36dda02ca2a846e39a7bbf
0x9421d195cedb09ff916c9da6512b086db0bb3d86,0x8bccc9ba2e5706e24a36dda02ca2a846e39a7bbf
0x99dfd0504c06c743e46534fd7b55f1f9c7ec3329,0x8bccc9ba2e5706e24a36dda02ca2a846e39a7bbf
0x99dfd0504c06c743e46534fd7b55f1f9c7ec3329,0x8bccc9ba2e5706e24a36dda02ca2a846e39a7bbf
0xd6412dde3078ecffb9776a10a393c780643e0c26,0x8bccc9ba2e5706e24a36dda02ca2a846e39a7bbf
0xd6412dde3078ecffb9776a10a393c780643e0c26,0x8bccc9ba2e5706e24a36dda02ca2a846e39a7bbf
0x8fe7563bd0e8c832e8047bf592c2646df63b94f3,0x8bccc9ba2e5706e24a36dda02ca2a846e39a7bbf
0x8e3829d669c038324359fdc780c49681263ed959,0x8bccc9ba2e5706e24a36dda02ca2a846e39a7bbf
0x00ee36f31b7815f1110d6b5d825092fa1be2149a,0x8bccc9ba2e5706e24a36dda02ca2a846e39a7bbf
0x11ab2ba9a1e70e3aa32589766d8aaad9bf012fe7,0x8bccc9ba2e5706e24a36dda02ca2a846e39a7bbf
0x5fce7f4f7db4575411776ed951b5db1144126947,0x8bccc9ba2e5706e24a36dda02ca2a846e39a7bbf
0xf75a7ed88029e03cc641160fdd6aa8d59b6057c7,0x8bccc9ba2e5706e24a36dda02ca2a846e39a7bbf
0xfe367f318b68f2caef12c50bbe5336b7d87481d4,0x8bccc9ba2e5706e24a36dda02ca2a846e39a7bbf
0x4305b9959fb34c2471e7cb1fb59f8086eb1e7729,0x8bccc9ba2e5706e24a36dda02ca2a846e39a7bbf
0xcf2011a41c91371646d4519743b5dc1dc00ec766,0x8bccc9ba2e5706e24a36dda02ca2a846e39a7bbf
0x63228db7f8c3150c1e83c30b01174133be1ced58,0x8bccc9ba2e5706e24a36dda02ca2a846e39a7bbf
0xe382a65250a7bcfe1f9a8575d09cd0405a42ebe0,0x8bccc9ba2e5706e24a36dda02ca2a846e39a7bbf
0xc944a6375a41299947378ba165200f9c71df55e2,0x8bccc9ba2e5706e24a36dda02ca2a846e39a7bbf
